seed,hot_zone_fraction_target,logical_request_count,service_operation_count,static_drive_makespan_s,adaptive_drive_makespan_s,static_system_drain_s,adaptive_system_drain_s,static_throughput_req_per_s,adaptive_throughput_req_per_s,throughput_improvement,drain_speedup,static_capacity_efficiency,adaptive_capacity_efficiency,static_stranded_capacity_share,adaptive_stranded_capacity_share,static_zone_work_max_mean_ratio,adaptive_zone_work_max_mean_ratio,static_ideal_lower_bound_s,adaptive_ideal_lower_bound_s,static_gap_to_ideal,adaptive_gap_to_ideal,static_productive_cycle_s,adaptive_productive_cycle_s,adaptive_max_estimated_work_s,static_max_estimated_work_s,estimated_bottleneck_reduction,boundary_displacement_levels,left_zone_heights,right_zone_heights,active_reader_levels,shuttle_count,reader_count
20260710,0.125,10000,5098,21801.992594435946,21801.992594435946,21816.23068967404,21816.23068967404,0.4586736719905173,0.4586736719905173,1.0,1.0,0.9732756829758712,0.9732756829758712,0.026724317024128835,0.026724317024128835,1.027458116432558,1.027458116432558,21233.206824451663,21233.206824451663,1.027458116432558,1.027458116432558,169865.6545956133,169865.6545956133,22670.674608322297,22670.674608322297,0.0,0,2/2/2/2,2/2/2/2,1/1/3/3/5/5/7/7,8,8
20260711,0.125,10000,5052,21466.86974586735,21466.86974586735,21481.669244614215,21481.669244614215,0.4658341024277715,0.4658341024277715,1.0,1.0,0.9758083138761092,0.9758083138761092,0.024191686123890773,0.024191686123890773,1.0247914326818928,1.0247914326818928,20961.99144483127,20961.99144483127,1.0247914326818928,1.0247914326818928,167695.93155865016,167695.93155865016,22307.25950343502,22307.25950343502,0.0,0,2/2/2/2,2/2/2/2,1/1/3/3/5/5/7/7,8,8
20260712,0.125,10000,5105,21676.31773735061,21676.31773735061,21687.086301612624,21687.086301612624,0.46133296813457075,0.46133296813457075,1.0,1.0,0.98004361391777,0.98004361391777,0.019956386082230063,0.019956386082230063,1.0203627530436665,1.0203627530436665,21254.290434379,21254.290434379,1.0203627530436665,1.0203627530436665,170034.323475032,170034.323475032,22385.65941619661,22385.65941619661,0.0,0,2/2/2/2,2/2/2/2,1/1/3/3/5/5/7/7,8,8
20260713,0.125,10000,5055,21260.957826077472,21260.957826077472,21272.990407531106,21272.990407531106,0.4703456957021275,0.4703456957021275,1.0,1.0,0.9876760200927412,0.9876760200927412,0.012323979907258743,0.012323979907258743,1.0124777555155198,1.0124777555155198,21010.822501181385,21010.822501181385,1.0124777555155198,1.0124777555155198,168086.58000945108,168086.58000945108,22111.388582410396,22111.388582410396,0.0,0,2/2/2/2,2/2/2/2,1/1/3/3/5/5/7/7,8,8
20260714,0.125,10000,5019,21203.46882032971,21203.46882032971,21216.544008299632,21216.544008299632,0.47162094489049283,0.47162094489049283,1.0,1.0,0.9852270091651517,0.9852270091651517,0.014772990834848305,0.014772990834848305,1.0149945045125859,1.0149945045125859,20903.112198117866,20903.112198117866,1.0149945045125859,1.0149945045125859,167224.89758494293,167224.89758494293,22111.94954126924,22111.94954126924,0.0,0,2/2/2/2,2/2/2/2,1/1/3/3/5/5/7/7,8,8
20260715,0.125,10000,5074,21235.4432303298,21235.4432303298,21247.836714039076,21247.836714039076,0.47091082072246876,0.47091082072246876,1.0,1.0,0.9899043952225474,0.9899043952225474,0.010095604777452586,0.010095604777452586,1.0101985654636707,1.0101985654636707,21033.32695219829,21033.32695219829,1.0101985654636707,1.0101985654636707,168266.61561758633,168266.61561758633,22048.53026062702,22048.53026062702,0.0,0,2/2/2/2,2/2/2/2,1/1/3/3/5/5/7/7,8,8
20260716,0.125,10000,5078,21397.20217812339,21397.20217812339,21414.741025241183,21414.741025241183,0.4673508207640367,0.4673508207640367,1.0,1.0,0.9847619361949738,0.9847619361949738,0.015238063805026252,0.015238063805026252,1.0154738554009355,1.0154738554009355,21088.421835130444,21088.421835130444,1.0154738554009355,1.0154738554009355,168707.37468104356,168707.37468104356,22288.857259521483,22288.857259521483,0.0,0,2/2/2/2,2/2/2/2,1/1/3/3/5/5/7/7,8,8
20260717,0.125,10000,5074,21579.597378753868,21579.597378753868,21589.597378753868,21589.597378753868,0.4634006753919085,0.4634006753919085,1.0,1.0,0.9780189260901636,0.9780189260901636,0.021981073909836377,0.021981073909836377,1.0224751007607904,1.0224751007607904,21115.03484308787,21115.03484308787,1.0224751007607904,1.0224751007607904,168920.27874470296,168920.27874470296,22570.575945956698,22570.575945956698,0.0,0,2/2/2/2,2/2/2/2,1/1/3/3/5/5/7/7,8,8
20260718,0.125,10000,5043,21186.47422904924,21186.47422904924,21201.394028547988,21201.394028547988,0.47199925253673314,0.47199925253673314,1.0,1.0,0.987099103641571,0.987099103641571,0.012900896358428941,0.012900896358428941,1.0130695046838107,1.0130695046838107,20927.877041531476,20927.877041531476,1.0130695046838107,1.0130695046838107,167423.0163322518,167423.0163322518,22121.51625092366,22121.51625092366,0.0,0,2/2/2/2,2/2/2/2,1/1/3/3/5/5/7/7,8,8
20260719,0.125,10000,5096,21590.3302596402,21590.3302596402,21604.179883700348,21604.179883700348,0.4631703118823273,0.4631703118823273,1.0,1.0,0.979990411527702,0.979990411527702,0.020009588472297946,0.020009588472297946,1.0204181471950375,1.0204181471950375,21171.889134946006,21171.889134946006,1.0204181471950375,1.0204181471950375,169375.11307956805,169375.11307956805,22580.633334500933,22580.633334500933,0.0,0,2/2/2/2,2/2/2/2,1/1/3/3/5/5/7/7,8,8
20260710,0.175,10000,5037,23912.30491375941,23912.30491375941,23929.0818561153,23929.0818561153,0.41819473430375537,0.41819473430375537,1.0,1.0,0.8789557011816627,0.8789557011816627,0.12104429881833739,0.12104429881833739,1.1377137649321873,1.1377137649321873,21032.602921475223,21032.602921475223,1.1377137649321873,1.1377137649321873,168260.8233718018,168260.8233718018,24891.548291901272,24891.548291901272,0.0,0,2/2/2/2,2/2/2/2,1/1/3/3/5/5/7/7,8,8
20260711,0.175,10000,4997,23948.050017323552,23948.050017323552,23964.967310556636,23964.967310556636,0.41757053258057314,0.41757053258057314,1.0,1.0,0.8664086717567221,0.8664086717567221,0.13359132824327788,0.13359132824327788,1.1541897404747916,1.1541897404747916,20763.45549623264,20763.45549623264,1.1541897404747916,1.1541897404747916,166107.64396986112,166107.64396986112,24976.878777873826,24976.878777873826,0.0,0,2/2/2/2,2/2/2/2,1/1/3/3/5/5/7/7,8,8
20260712,0.175,10000,5036,24013.35857435371,24013.35857435371,24028.35857435371,24028.35857435371,0.4164348759894007,0.4164348759894007,1.0,1.0,0.8723278474300612,0.8723278474300612,0.12767215256993886,0.12767215256993886,1.1463579925208967,1.1463579925208967,20960.606312443626,20960.606312443626,1.1463579925208967,1.1463579925208967,167684.850499549,167684.850499549,24873.876000948894,24873.876000948894,0.0,0,2/2/2/2,2/2/2/2,1/1/3/3/5/5/7/7,8,8
20260713,0.175,10000,5005,23729.718178916122,23729.718178916122,23740.828454605344,23740.828454605344,0.4214125058124377,0.4214125058124377,1.0,1.0,0.8763052652706153,0.8763052652706153,0.1236947347293848,0.1236947347293848,1.1411548459556342,1.1411548459556342,20804.212976657105,20804.212976657105,1.1411548459556342,1.1411548459556342,166433.70381325684,166433.70381325684,24781.39607023845,24781.39607023845,0.0,0,2/2/2/2,2/2/2/2,1/1/3/3/5/5/7/7,8,8
20260714,0.175,10000,4992,23925.003819028625,23925.003819028625,23933.9286310587,23933.9286310587,0.41797276504702385,0.41797276504702385,1.0,1.0,0.8681356392984015,0.8681356392984015,0.13186436070159846,0.13186436070159846,1.1518937303485972,1.1518937303485972,20777.896433046462,20777.896433046462,1.1518937303485972,1.1518937303485972,166223.1714643717,166223.1714643717,24829.370415049223,24829.370415049223,0.0,0,2/2/2/2,2/2/2/2,1/1/3/3/5/5/7/7,8,8
20260715,0.175,10000,5039,23990.39878399159,23990.39878399159,24003.614322838708,24003.614322838708,0.4168334211548347,0.4168334211548347,1.0,1.0,0.870648302721603,0.870648302721603,0.129351697278397,0.129351697278397,1.148569401529929,1.148569401529929,20898.70606936348,20898.70606936348,1.148569401529929,1.148569401529929,167189.64855490785,167189.64855490785,25016.483287346837,25016.483287346837,0.0,0,2/2/2/2,2/2/2/2,1/1/3/3/5/5/7/7,8,8
20260716,0.175,10000,5004,23829.116359584958,23829.116359584958,23842.993552567415,23842.993552567415,0.4196546715832217,0.4196546715832217,1.0,1.0,0.8730543110775957,0.8730543110775957,0.12694568892240435,0.12694568892240435,1.1454041143966376,1.1454041143966376,20816.2283100643,20816.2283100643,1.1454041143966376,1.1454041143966376,166529.8264805144,166529.8264805144,24830.974910948895,24830.974910948895,0.0,0,2/2/2/2,2/2/2/2,1/1/3/3/5/5/7/7,8,8
20260717,0.175,10000,5057,23977.707592153693,23977.707592153693,23991.116113456952,23991.116113456952,0.41705404745499247,0.41705404745499247,1.0,1.0,0.8767572634536144,0.8767572634536144,0.12324273654638565,0.12324273654638565,1.1405665418281488,1.1405665418281488,21034.38531083243,21034.38531083243,1.1405665418281488,1.1405665418281488,168275.08248665943,168275.08248665943,24885.250889489915,24885.250889489915,0.0,0,2/2/2/2,2/2/2/2,1/1/3/3/5/5/7/7,8,8
20260718,0.175,10000,5050,23696.18825550671,23696.18825550671,23709.075473551824,23709.075473551824,0.4220088012541899,0.4220088012541899,1.0,1.0,0.8852182124616462,0.8852182124616462,0.11478178753835377,0.11478178753835377,1.1296649638727658,1.1296649638727658,20987.705409815804,20987.705409815804,1.1296649638727658,1.1296649638727658,167901.64327852643,167901.64327852643,24628.943443643137,24628.943443643137,0.0,0,2/2/2/2,2/2/2/2,1/1/3/3/5/5/7/7,8,8
20260719,0.175,10000,5077,24270.094627508875,24270.094627508875,24287.292622496345,24287.292622496345,0.4120297078967927,0.4120297078967927,1.0,1.0,0.8691572998761345,0.8691572998761345,0.1308427001238655,0.1308427001238655,1.1505397241011635,1.1505397241011635,21109.477677070485,21109.477677070485,1.1505397241011635,1.1505397241011635,168875.82141656388,168875.82141656388,25279.628337270122,25279.628337270122,0.0,0,2/2/2/2,2/2/2/2,1/1/3/3/5/5/7/7,8,8
20260710,0.25,10000,4925,26288.24553499603,26288.24553499603,26305.02247735192,26305.02247735192,0.3803981512074503,0.3803981512074503,1.0,1.0,0.7806820308122525,0.7806820308122525,0.21931796918774749,0.21931796918774749,1.2809312377275552,1.2809312377275552,20535.858368181045,20535.858368181045,1.2809312377275552,1.2809312377275552,164286.86694544836,164286.86694544836,27401.19022213832,27401.19022213832,0.0,0,2/2/2/2,2/2/2/2,1/1/3/3/5/5/7/7,8,8
20260711,0.25,10000,4892,26450.95626480137,26450.95626480137,26463.001377583325,26463.001377583325,0.3780581654549529,0.3780581654549529,1.0,1.0,0.7680257836756147,0.7680257836756147,0.2319742163243853,0.2319742163243853,1.3020396206156049,1.3020396206156049,20324.267371427304,20324.267371427304,1.3020396206156049,1.3020396206156049,162594.13897141843,162594.13897141843,27587.95545899513,27587.95545899513,0.0,0,2/2/2/2,2/2/2/2,1/1/3/3/5/5/7/7,8,8
20260712,0.25,10000,4938,26561.481880106443,26561.481880106443,26578.71997534454,26578.71997534454,0.3764850186122193,0.3764850186122193,1.0,1.0,0.77609118880655,0.77609118880655,0.22390881119344994,0.22390881119344994,1.28850837945702,1.28850837945702,20627.51038262154,20627.51038262154,1.28850837945702,1.28850837945702,165020.08306097233,165020.08306097233,27552.40077792688,27552.40077792688,0.0,0,2/2/2/2,2/2/2/2,1/1/3/3/5/5/7/7,8,8
20260713,0.25,10000,4869,26365.151454004666,26365.151454004666,26376.041178315445,26376.041178315445,0.3792885475149082,0.3792885475149082,1.0,1.0,0.7698668211526819,0.7698668211526819,0.23013317884731813,0.23013317884731813,1.2989259603404542,1.2989259603404542,20306.03897654195,20306.03897654195,1.2989259603404542,1.2989259603404542,162448.3118123356,162448.3118123356,27487.53731844584,27487.53731844584,0.0,0,2/2/2/2,2/2/2/2,1/1/3/3/5/5/7/7,8,8
20260714,0.25,10000,4882,26316.451845131825,26316.451845131825,26325.3766571619,26325.3766571619,0.37999043559703355,0.37999043559703355,1.0,1.0,0.772053355002613,0.772053355002613,0.227946644997387,0.227946644997387,1.2952472695318,1.2952472695318,20324.59536986932,20324.59536986932,1.2952472695318,1.2952472695318,162596.76295895455,162596.76295895455,27229.659918724745,27229.659918724745,0.0,0,2/2/2/2,2/2/2/2,1/1/3/3/5/5/7/7,8,8
20260715,0.25,10000,4875,26333.543855255826,26333.543855255826,26346.759394102944,26346.759394102944,0.3797437995799465,0.3797437995799465,1.0,1.0,0.7692243688436986,0.7692243688436986,0.23077563115630143,0.23077563115630143,1.3000108167441502,1.3000108167441502,20266.569366005624,20266.569366005624,1.3000108167441502,1.3000108167441502,162132.554928045,162132.554928045,27325.92625452468,27325.92625452468,0.0,0,2/2/2/2,2/2/2/2,1/1/3/3/5/5/7/7,8,8
20260716,0.25,10000,4896,26330.675668868153,26330.675668868153,26344.19195959497,26344.19195959497,0.37978516486849645,0.37978516486849645,1.0,1.0,0.7720200042246228,0.7720200042246228,0.22797999577537723,0.22797999577537723,1.2953032233981405,1.2953032233981405,20338.24318794078,20338.24318794078,1.2953032233981405,1.2953032233981405,162705.94550352625,162705.94550352625,27421.382740634308,27421.382740634308,0.0,0,2/2/2/2,2/2/2/2,1/1/3/3/5/5/7/7,8,8
20260717,0.25,10000,4889,26242.315110372932,26242.315110372932,26255.723631676192,26255.723631676192,0.3810639403551423,0.3810639403551423,1.0,1.0,0.7772789049111354,0.7772789049111354,0.22272109508886465,0.22272109508886465,1.2865394823938106,1.2865394823938106,20408.020112078688,20408.020112078688,1.2865394823938106,1.2865394823938106,163264.1608966295,163264.1608966295,27199.178285362275,27199.178285362275,0.0,0,2/2/2/2,2/2/2/2,1/1/3/3/5/5/7/7,8,8
20260718,0.25,10000,4907,26310.600696334706,26310.600696334706,26324.678390570294,26324.678390570294,0.3800749407212541,0.3800749407212541,1.0,1.0,0.7749292687996809,0.7749292687996809,0.22507073120031904,0.22507073120031904,1.2904403540583003,1.2904403540583003,20399.7637765914,20399.7637765914,1.2904403540583003,1.2904403540583003,163198.1102127312,163198.1102127312,27308.903886705368,27308.903886705368,0.0,0,2/2/2/2,2/2/2/2,1/1/3/3/5/5/7/7,8,8
20260719,0.25,10000,4946,26760.140505721967,26760.140505721967,26771.604164869837,26771.604164869837,0.37369011563529564,0.37369011563529564,1.0,1.0,0.769218771307679,0.769218771307679,0.23078122869232093,0.23078122869232093,1.3000202768062858,1.3000202768062858,20593.22046163672,20593.22046163672,1.3000202768062858,1.3000202768062858,164745.76369309376,164745.76369309376,27874.74785741293,27874.74785741293,0.0,0,2/2/2/2,2/2/2/2,1/1/3/3/5/5/7/7,8,8
20260710,0.3,10000,4789,27139.793385265122,27139.793385265122,27150.302157194947,27150.302157194947,0.36846264295546377,0.36846264295546377,1.0,1.0,0.7352324578218576,0.7352324578218576,0.2647675421781424,0.2647675421781424,1.360114055577092,1.360114055577092,19961.783385640523,19961.783385640523,1.360114055577092,1.360114055577092,159694.2670851242,159694.2670851242,28317.00738500831,28317.00738500831,0.0,0,2/2/2/2,2/2/2/2,1/1/3/3/5/5/7/7,8,8
20260711,0.3,10000,4750,27391.04118067793,27391.04118067793,27400.888298472415,27400.888298472415,0.3650828726822607,0.3650828726822607,1.0,1.0,0.7216487435190923,0.7216487435190923,0.27835125648090775,0.27835125648090775,1.385715708619596,1.385715708619596,19773.816611899616,19773.816611899616,1.385715708619596,1.385715708619596,158190.53289519693,158190.53289519693,28574.053090824706,28574.053090824706,0.0,0,2/2/2/2,2/2/2/2,1/1/3/3/5/5/7/7,8,8
20260712,0.3,10000,4801,27496.429194770266,27496.429194770266,27513.66729000836,27513.66729000836,0.3636835870274373,0.3636835870274373,1.0,1.0,0.7292806364538356,0.7292806364538356,0.27071936354616444,0.27071936354616444,1.3712142486910817,1.3712142486910817,20065.184792436376,20065.184792436376,1.3712142486910817,1.3712142486910817,160521.478339491,160521.478339491,28506.17120149618,28506.17120149618,0.0,0,2/2/2/2,2/2/2/2,1/1/3/3/5/5/7/7,8,8
20260713,0.3,10000,4786,27376.713767039575,27376.713767039575,27387.603491350354,27387.603491350354,0.3652739362764418,0.3652739362764418,1.0,1.0,0.7300050429809625,0.7300050429809625,0.2699949570190376,0.2699949570190376,1.3698535504857856,1.3698535504857856,19993.088663848772,19993.088663848772,1.3698535504857856,1.3698535504857856,159944.70931079017,159944.70931079017,28468.979584116845,28468.979584116845,0.0,0,2/2/2/2,2/2/2/2,1/1/3/3/5/5/7/7,8,8
20260714,0.3,10000,4740,27462.679995901795,27462.679995901795,27476.396787881746,27476.396787881746,0.36413052191163725,0.36413052191163725,1.0,1.0,0.7200436879418736,0.7200436879418736,0.2799563120581265,0.2799563120581265,1.3888046194229346,1.3888046194229346,19784.20607450062,19784.20607450062,1.3888046194229346,1.3888046194229346,158273.64859600496,158273.64859600496,28415.501737985713,28415.501737985713,0.0,0,2/2/2/2,2/2/2/2,1/1/3/3/5/5/7/7,8,8
20260715,0.3,10000,4761,27583.20006730707,27583.20006730707,27596.415606154187,27596.415606154187,0.3625395159226822,0.3625395159226822,1.0,1.0,0.7202393056425787,0.7202393056425787,0.27976069435742135,0.27976069435742135,1.3884274187283159,1.3884274187283159,19876.023214400513,19876.023214400513,1.3884274187283159,1.3884274187283159,159008.1857152041,159008.1857152041,28595.65686235766,28595.65686235766,0.0,0,2/2/2/2,2/2/2/2,1/1/3/3/5/5/7/7,8,8
20260716,0.3,10000,4791,27462.08756553471,27462.08756553471,27474.32064824148,27474.32064824148,0.364138377176764,0.364138377176764,1.0,1.0,0.7253832889263944,0.7253832889263944,0.2746167110736057,0.2746167110736057,1.378581524093356,1.378581524093356,19929.41307283975,19929.41307283975,1.378581524093356,1.378581524093356,159435.304582718,159435.304582718,28584.090072285308,28584.090072285308,0.0,0,2/2/2/2,2/2/2/2,1/1/3/3/5/5/7/7,8,8
20260717,0.3,10000,4773,27268.66563557499,27268.66563557499,27278.111750863212,27278.111750863212,0.36672128125528425,0.36672128125528425,1.0,1.0,0.7313180992530769,0.7313180992530769,0.26868190074692316,0.26868190074692316,1.367394025966728,1.367394025966728,19948.976836854305,19948.976836854305,1.367394025966728,1.367394025966728,159591.81469483444,159591.81469483444,28339.559251563373,28339.559251563373,0.0,0,2/2/2/2,2/2/2/2,1/1/3/3/5/5/7/7,8,8
20260718,0.3,10000,4797,27512.17452764953,27512.17452764953,27526.25222188512,27526.25222188512,0.3634754493851467,0.3634754493851467,1.0,1.0,0.7266722393827596,0.7266722393827596,0.2733277606172404,0.2733277606172404,1.3761362355735605,1.3761362355735605,20002.56334389192,20002.56334389192,1.3761362355735605,1.3761362355735605,160020.50675113537,160020.50675113537,28515.79649161097,28515.79649161097,0.0,0,2/2/2/2,2/2/2/2,1/1/3/3/5/5/7/7,8,8
20260719,0.3,10000,4817,27677.788108276258,27677.788108276258,27689.251767424128,27689.251767424128,0.36130054760444474,0.36130054760444474,1.0,1.0,0.7262000740470813,0.7262000740470813,0.27379992595291863,0.27379992595291863,1.377030980494182,1.377030980494182,20107.93668381168,20107.93668381168,1.377030980494182,1.377030980494182,160863.49347049344,160863.49347049344,28717.763525515555,28717.763525515555,0.0,0,2/2/2/2,2/2/2/2,1/1/3/3/5/5/7/7,8,8
20260710,0.5,10000,4102,30076.90158213988,24274.048989562798,30094.09957712735,24285.5803178836,0.3324810560253371,0.4119625862294229,1.2390558161546166,1.2391756418094084,0.5752603484403509,0.7114782487428937,0.4247396515596491,0.2885217512571063,1.7383433478618953,1.4055243456379636,17311.942208736895,17278.66215427271,1.7383433478618953,1.4055243456379636,138495.53766989516,138229.2972341817,24680.64435474835,31233.845419751142,0.20981089510223372,3,1/2/2/3,2/2/2/2,0/1/2/3/4/5/6/7,8,8
20260711,0.5,10000,4093,30180.186022742437,24607.568238364885,30196.80256409582,24618.50973870197,0.3313432194375624,0.4063790417294999,1.2264595075140117,1.2265893786667514,0.5700985636205047,0.6993074929992414,0.42990143637949524,0.30069250700075856,1.7540826513389816,1.4299861077008147,17215.153767723,17215.908326749086,1.7540826513389816,1.4299861077008147,137721.230141784,137727.2666139927,25082.590288420837,31267.44727351054,0.19780498647644484,2,1/2/3/2,2/2/2/2,0/1/2/3/4/5/7/7,8,8
20260712,0.5,10000,4134,30226.546660967113,24315.619717507965,30244.005307583655,24326.06833906185,0.3308350144051833,0.41125828237886547,1.2430917662033965,1.2432755217997564,0.5780800321063824,0.7176578398568279,0.4219199678936177,0.2823421601431721,1.7298642825565942,1.3934216899232914,17483.455559233556,17457.7936564207,1.7298642825565942,1.3934216899232914,139867.64447386845,139662.3492513656,24804.601989960687,31224.883013736104,0.20561425389331567,2,1/2/3/2,2/2/2/2,0/1/2/3/4/5/7/7,8,8
20260713,0.5,10000,4077,30321.41837747556,24500.843934286622,30336.75171080889,24515.736164863065,0.3297998753062475,0.40814920607718097,1.2375662837900694,1.2374399653675805,0.5662980814460551,0.6996963040956905,0.43370191855394497,0.30030369590430944,1.7658544726947991,1.4291914851435887,17179.644291136403,17153.569986739745,1.7658544726947991,1.4291914851435887,137437.15432909122,137228.55989391796,24906.433051973796,31302.69574381129,0.20433584200498356,3,1/2/2/3,2/2/2/2,0/1/2/3/4/5/6/7,8,8
20260714,0.5,10000,4090,30231.44821745857,24406.025139488498,30242.99207710769,24417.01511442584,0.3307813746820449,0.409734888940198,1.2386879077881732,1.2386031599431577,0.57147590069525,0.7071230156409165,0.42852409930474994,0.29287698435908344,1.7498550661251213,1.414181094209793,17283.141136984428,17265.83336066264,1.7498550661251213,1.414181094209793,138265.12909587543,138126.66688530112,24836.966621889762,31302.695743811295,0.20655502563864137,3,1/2/2/3,2/2/2/2,0/1/2/3/4/5/6/7,8,8
20260715,0.5,10000,4104,30259.969506539317,24848.033664995044,30269.335421326283,24856.65772514542,0.33046959937745324,0.4024463317629683,1.2178013727166026,1.2177556514649719,0.571419062701944,0.6951974020549864,0.42858093729805596,0.3048025979450137,1.750029120959877,1.4384403581544245,17296.47527506502,17280.2838742911,1.750029120959877,1.4384403581544245,138371.80220052015,138242.2709943288,25362.58460073937,31280.680356217308,0.1891933195852521,3,1/2/2/3,2/2/2/2,0/1/2/3/4/5/6/7,8,8
20260716,0.5,10000,4102,30183.11842934484,24964.976471618997,30194.50940678845,24976.58800044105,0.3313110281632706,0.4005611626098798,1.2090185009250056,1.2089124986269244,0.5716788541721232,0.6917097175337112,0.42832114582787684,0.3082902824662888,1.7492338446699243,1.445693149382803,17261.562539962215,17276.54863074096,1.7492338446699243,1.445693149382803,138092.50031969772,138212.38904592767,25506.425068242163,31302.69574381129,0.18516841881629575,2,1/2/3/2,2/2/2/2,0/1/2/3/4/5/7/7,8,8
20260717,0.5,10000,4102,30250.245204572522,24019.56082419815,30264.02214692841,24029.56082419815,0.3305758327700575,0.416327345582674,1.2594004289244691,1.259449657375846,0.5721168872767154,0.7187864713298603,0.42788311272328466,0.2812135286701397,1.7478945688179464,1.3912337528415823,17314.55814717426,17272.123232431637,1.7478945688179464,1.3912337528415823,138516.46517739407,138176.9858594531,24576.427071303115,31302.695743811295,0.21487825609517985,3,1/2/2/3,2/2/2/2,0/1/2/3/4/5/6/7,8,8
20260718,0.5,10000,4107,30121.294799327003,24688.87306863433,30135.164473512465,24700.436978408765,0.33199104044569255,0.4050407635942029,1.2200352245965502,1.220025560675478,0.5742579719530295,0.7007345074075866,0.42574202804697053,0.29926549259241336,1.7413776540167794,1.427074005102968,17305.35843503025,17308.448538817403,1.7413776540167794,1.427074005102968,138442.867480242,138467.58831053923,25105.603211504113,31235.04842726994,0.19623613614808677,2,1/2/3/2,2/2/2/2,0/1/2/3/4/5/7/7,8,8
20260719,0.5,10000,4131,30134.230422939985,25020.20832003886,30148.039946749508,25029.2333826955,0.3318485277257122,0.39967692802904964,1.2043956643960183,1.2045131181521926,0.5788341824910518,0.6970064498000054,0.4211658175089482,0.30299355019999463,1.7276104802526224,1.43470695326698,17450.716056284324,17445.53710128837,1.7276104802526224,1.43470695326698,139605.7284502746,139564.29681030696,25387.24473030233,31239.19880320979,0.18732727781437786,3,1/2/2/3,2/2/2/2,0/1/2/3/4/5/6/7,8,8
20260710,0.8,10000,2494,33334.99339900608,14999.965205664743,33346.31670727676,15008.28851393542,0.2999850601529791,0.6666682130851541,2.222338048252079,2.2218600526178722,0.3306585752551632,0.7182208351682277,0.6693414247448368,0.2817791648317724,3.024267552197363,1.392329421584897,11026.245572435579,10779.265510924415,3.024267552197363,1.392329421584897,88209.96457948463,86234.12408739532,15526.014538572314,34502.695743811295,0.5500057545110169,4,1/1/3/3,2/2/2/2,0/1/1/3/3/5/6/7,8,8
20260711,0.8,10000,2488,33380.18873236413,14890.180029536095,33396.88547421876,14902.774014498502,0.2995788933423372,0.6715835523925193,2.241758572841385,2.240984493338478,0.32865386494011156,0.7208857613883847,0.6713461350598885,0.2791142386116153,3.042714864108546,1.3871823436685131,10976.015488064266,10743.197592240787,3.042714864108546,1.3871823436685131,87808.12390451413,85945.5807379263,15472.68120523898,34502.695743811295,0.5515515274479881,4,1/1/3/3,2/2/2/2,0/1/1/3/3/5/6/7,8,8
20260712,0.8,10000,2490,33430.49092106129,14973.309087509999,33447.94956767783,14982.795303048846,0.299128122994448,0.6678550440357576,2.232672198622238,2.232423849565075,0.33081138583742725,0.72298067934897,0.6691886141625727,0.2770193206510299,3.0228705625369146,1.383162826564716,11064.96254990388,10832.271526744813,3.0228705625369146,1.383162826564716,88519.70039923103,86658.1722139585,15460.947871905646,34502.695743811295,0.5518915974941216,4,1/1/3/3,2/2/2/2,0/1/1/3/3/5/6/7,8,8
20260713,0.8,10000,2472,33384.20847818818,14975.650626944469,33394.2560972358,14985.698245992087,0.2995428214670291,0.6677506205979334,2.2292325929480947,2.2284084164157694,0.32707036813097173,0.7116118681764666,0.6729296318690282,0.28838813182353346,3.05744603436396,1.4052604301872302,10922.27163518286,10664.000724759228,3.05744603436396,1.4052604301872302,87378.17308146288,85312.00579807382,15510.014538572314,34502.695743811295,0.5504694863921082,4,1/1/3/3,2/2/2/2,0/1/1/3/3/5/6/7,8,8
20260714,0.8,10000,2490,33363.1984481919,14909.65932216399,33376.90772137485,14921.691903617624,0.29973145457047584,0.6707061364664768,2.2376901931351143,2.2368045082932544,0.3301260688182633,0.7226323099486783,0.6698739311817368,0.27736769005132167,3.0291458156565847,1.3838296270907406,11018.587335367418,10782.896688653695,3.0291458156565847,1.3838296270907406,88148.69868293934,86263.17350922956,15459.88120523898,34502.695743811295,0.5519225129528611,4,1/1/3/3,2/2/2/2,0/1/1/3/3/5/6/7,8,8
20260715,0.8,10000,2462,33452.30814610091,14929.71282959247,33466.93972504828,14941.184007537333,0.2989330349441244,0.6698052477056898,2.2406531544126187,2.2399121587797404,0.3271030247165679,0.7147526550780073,0.6728969752834322,0.2852473449219927,3.057140791854468,1.3990853939407348,10947.137212070355,10679.25093939637,3.057140791854468,1.3990853939407348,87577.09769656284,85434.00751517096,15502.547871905646,34502.695743811295,0.5506858946032842,4,1/1/3/3,2/2/2/2,0/1/1/3/3/5/6/7,8,8
20260716,0.8,10000,2472,33408.26358099868,14907.264130326093,33416.032145260695,14915.032694588108,0.2993271402973368,0.6708139006980386,2.241072760831795,2.240426342302665,0.32756836894254365,0.7164636026188107,0.6724316310574563,0.28353639738118935,3.0527978120360046,1.3957443146376312,10946.035146354654,10686.078057541943,3.0527978120360046,1.3957443146376312,87568.28117083723,85488.62446033554,15464.147871905647,34502.695743811295,0.5517988511179034,4,1/1/3/3,2/2/2/2,0/1/1/3/3/5/6/7,8,8
20260717,0.8,10000,2487,33428.540969700436,14980.316993699895,33441.17505491347,14994.855840817689,0.2991455717156181,0.6675426163682376,2.2314975700286652,2.230176495854186,0.32846472878996424,0.7136586898264171,0.6715352712100358,0.2863413101735829,3.0444669163837283,1.40123004771823,10984.24649482987,10701.20917349395,3.0444669163837283,1.40123004771823,87873.97195863895,85609.6733879516,15519.614538572314,34502.695743811295,0.5501912472634534,4,1/1/3/3,2/2/2/2,0/1/1/3/3/5/6/7,8,8
20260718,0.8,10000,2504,33520.49822438792,14940.936818736898,33528.76138228266,14949.320277383515,0.2983249214572973,0.6693020739810207,2.243533898245996,2.2428284871926625,0.3305833039452945,0.7249936980918951,0.6694166960547054,0.27500630190810493,3.024956154971098,1.3793223342932384,11084.048714948402,10838.162991860429,3.024956154971098,1.3793223342932384,88672.38971958721,86705.30393488343,15501.48120523898,34502.695743811295,0.5507168100620236,4,1/1/3/3,2/2/2/2,0/1/1/3/3/5/6/7,8,8
20260719,0.8,10000,2486,33485.54201405046,14941.005446774536,33499.852790992816,14952.31622371689,0.29863634866068534,0.6692989996974267,2.2411839774330127,2.240445713544796,0.3302288876428859,0.723326092070867,0.6697711123571142,0.27667390792913304,3.0282026722066,1.382502319440768,11062.619123369983,10815.400461508962,3.0282026722066,1.382502319440768,88500.95298695986,86523.2036920717,15459.88120523898,34502.695743811295,0.5519225129528611,4,1/1/3/3,2/2/2/2,0/1/1/3/3/5/6/7,8,8
