hot_owner_task_count,owner_counts,run_count,hot_owner_task_share_mean,hot_owner_task_share_std,hot_owner_task_share_ci95,logical_request_count_mean,logical_request_count_std,logical_request_count_ci95,physical_task_count_mean,physical_task_count_std,physical_task_count_ci95,system_drain_s_mean,system_drain_s_std,system_drain_s_ci95,batch_throughput_req_per_s_mean,batch_throughput_req_per_s_std,batch_throughput_req_per_s_ci95,capacity_efficiency_mean,capacity_efficiency_std,capacity_efficiency_ci95,stranded_capacity_share_mean,stranded_capacity_share_std,stranded_capacity_share_ci95,stranded_shuttle_time_s_mean,stranded_shuttle_time_s_std,stranded_shuttle_time_s_ci95,busiest_owner_work_over_mean_mean,busiest_owner_work_over_mean_std,busiest_owner_work_over_mean_ci95,target_busiest_owner_amplification_mean,target_busiest_owner_amplification_std,target_busiest_owner_amplification_ci95,normalized_throughput_mean,normalized_throughput_std,normalized_throughput_ci95,throughput_loss_mean,throughput_loss_std,throughput_loss_ci95,shuttle_count_mean,shuttle_count_std,shuttle_count_ci95,reader_count_mean,reader_count_std,reader_count_ci95
80,80/80/80/80/80/80/80/80,10,0.125,0.0,0.0,100000.0,0.0,0.0,640.0,0.0,0.0,15899.825436084937,27.31855569356379,16.9322162420532,6.289395760068662,0.010786947993132583,0.006685819633375935,0.9954300765260657,0.0017093643874887506,0.001059475023866044,0.004569923473934234,0.0017093643874887487,0.0010594750238660426,581.6337361943995,218.66302536144948,135.5287472402473,1.004593869092166,0.0017269531732778062,0.0010703766662426065,1.0,0.0,0.0,1.0,0.0,0.0,0.0,0.0,0.0,8.0,0.0,0.0,8.0,0.0,0.0
88,88/79/79/79/79/79/79/78,10,0.1375,0.0,0.0,100000.0,0.0,0.0,640.0,0.0,0.0,17424.903553510347,46.396025502293455,28.756554533434976,5.73895344341834,0.015308510784129769,0.009488313285967656,0.9084080809631828,0.0024278487307804,0.0015047962335085422,0.09159191903681715,0.002427848730780403,0.0015047962335085442,12768.715870705983,370.9498093750352,229.91707386515694,1.1008346953765593,0.002938048044360512,0.001821021044255798,1.1,0.0,0.0,0.9124846839228933,0.003224587217885407,0.0019986198639871714,0.08751531607710672,0.003224587217885407,0.0019986198639871714,8.0,0.0,0.0,8.0,0.0,0.0
96,96/78/78/78/78/78/77/77,10,0.15,0.0,0.0,100000.0,0.0,0.0,640.0,0.0,0.0,19005.401328652126,46.17657806287757,28.620539601326758,5.261693204961212,0.012799362575210303,0.00793312711385262,0.8328295855801787,0.0020593042992689344,0.0012763700282891024,0.1671704144198213,0.002059304299268949,0.0012763700282891117,25417.861160737666,372.77823658865066,231.05034479320554,1.2007331710347973,0.0029666617444026743,0.0018387559992817434,1.2,0.0,0.0,0.8366011026572671,0.002827537770622151,0.0017525260669628633,0.1633988973427329,0.002827537770622151,0.0017525260669628633,8.0,0.0,0.0,8.0,0.0,0.0
104,104/77/77/77/77/76/76/76,10,0.1625,0.0,0.0,100000.0,0.0,0.0,640.0,0.0,0.0,20588.746636660562,47.992887470441765,29.74629983537157,4.857048635959281,0.011330199209477155,0.0070225302256958595,0.7687258505537873,0.0019657358293585633,0.0012183756897987366,0.23127414944621275,0.0019657358293585715,0.0012183756897987416,38093.8843178812,409.7387205126768,253.95869006710976,1.3008623781146444,0.0033260291558669364,0.0020614942285466743,1.3,0.0,0.0,0.7722631376802089,0.0025245826080219852,0.001564752511789119,0.22773686231979107,0.0025245826080219852,0.001564752511789119,8.0,0.0,0.0,8.0,0.0,0.0
112,112/76/76/76/75/75/75/75,10,0.175,0.0,0.0,100000.0,0.0,0.0,640.0,0.0,0.0,22173.765949474022,55.081261328151335,34.13971946961425,4.509861699157314,0.011215842771279077,0.006951651370973058,0.7138862127506297,0.0017391932349855946,0.0010779631350873403,0.2861137872493703,0.0017391932349856113,0.0010779631350873507,50754.497622464536,430.7372126465405,266.9736903312489,1.4007917661679083,0.0034089464797358226,0.002112886918325333,1.4,0.0,0.0,0.7170603345196175,0.0022319765867246442,0.00138339342085077,0.2829396654803825,0.0022319765867246442,0.00138339342085077,8.0,0.0,0.0,8.0,0.0,0.0
120,120/75/75/74/74/74/74/74,10,0.1875,0.0,0.0,100000.0,0.0,0.0,640.0,0.0,0.0,23766.711930876376,53.451433878233566,33.12954195039263,4.207586904259306,0.009464270311255154,0.005866015512715093,0.6660912033794929,0.0014227967423478417,0.0008818585572442372,0.33390879662050715,0.0014227967423478178,0.0008818585572442226,63487.89829012421,409.75168359246567,253.96672466720392,1.5013027646153778,0.0032085593483308513,0.0019886856875160086,1.5,0.0,0.0,0.6689983531210183,0.001660271243654594,0.0010290467780712633,0.3310016468789817,0.001660271243654594,0.0010290467780712633,8.0,0.0,0.0,8.0,0.0,0.0
128,128/74/73/73/73/73/73/73,10,0.2,0.0,0.0,100000.0,0.0,0.0,640.0,0.0,0.0,25351.431684903786,53.701281585259466,33.2843991635776,3.944568119014891,0.008364737171148669,0.005184517811942681,0.6244499153064949,0.001219537351966517,0.0007558770818774653,0.37555008469350515,0.0012195373519665379,0.0007558770818774782,76166.35125963175,402.72269663346384,249.61011341412691,1.6014155654765665,0.003127612959072993,0.0019385145956654106,1.6,0.0,0.0,0.6271787321642569,0.0014263890821800398,0.0008840851125400596,0.37282126783574315,0.0014263890821800398,0.0008840851125400596,8.0,0.0,0.0,8.0,0.0,0.0
136,136/72/72/72/72/72/72/72,10,0.2125,0.0,0.0,100000.0,0.0,0.0,640.0,0.0,0.0,26926.15284773886,61.32957409738138,38.01246384685492,3.713880695300807,0.008466746449943833,0.005247743817981594,0.5879388241682887,0.001331308314014954,0.00082515344188036,0.4120611758317113,0.001331308314014934,0.0008251534418803477,88762.38394581854,480.24910998080566,297.66148223437756,1.7008659499190983,0.003850857404683107,0.002386786147291381,1.7,0.0,0.0,0.5904999533379047,0.0014626364041207404,0.0009065514354372052,0.4095000466620953,0.0014626364041207404,0.0009065514354372052,8.0,0.0,0.0,8.0,0.0,0.0
144,144/71/71/71/71/71/71/70,10,0.225,0.0,0.0,100000.0,0.0,0.0,640.0,0.0,0.0,28505.12407095297,62.255839327889184,38.58656898463673,3.5081579341354923,0.007664733081453956,0.0047506507821485355,0.5553841882202976,0.001281323102447129,0.0007941722867759342,0.44461581177970244,0.001281323102447112,0.0007941722867759238,101391.21247871901,502.36046923892945,311.36624468829024,1.8005649898998786,0.004156069690847862,0.0025759586821443342,1.8,0.0,0.0,0.5577904138867806,0.0013277996166048142,0.0008229787286948304,0.4422095861132193,0.0013277996166048142,0.0008229787286948304,8.0,0.0,0.0,8.0,0.0,0.0
152,152/70/70/70/70/70/69/69,10,0.2375,0.0,0.0,100000.0,0.0,0.0,640.0,0.0,0.0,30091.9758594288,69.47056103867483,43.05829982954518,3.3231627340408916,0.007669016792892138,0.0047533058540053155,0.5260475349206436,0.0013081317620337902,0.000810788466136686,0.47395246507935646,0.0013081317620338136,0.0008107884661367004,114098.0198843759,571.3168455961448,354.10584955048495,1.9009806576458157,0.004731101736330855,0.002932367236441447,1.9,0.0,0.0,0.5283766697886633,0.0013727696336566027,0.0008508514340336816,0.47162333021133673,0.0013727696336566027,0.0008508514340336816,8.0,0.0,0.0,8.0,0.0,0.0
160,160/69/69/69/69/68/68/68,10,0.25,0.0,0.0,100000.0,0.0,0.0,640.0,0.0,0.0,31676.608510253194,74.49193326933204,46.17057858231102,3.1569210774245127,0.007424543177846347,0.004601779537538773,0.49968627117107267,0.0012266010691179042,0.0007602552191267988,0.5003137288289273,0.001226601069117889,0.0007602552191267895,126786.62173985824,599.4359011597885,371.53422075233794,2.0012677719696437,0.004916516210901581,0.0030472883183995923,2.0,0.0,0.0,0.5019446638318922,0.001363930340196946,0.0008453727831868094,0.49805533616810777,0.001363930340196946,0.0008453727831868094,8.0,0.0,0.0,8.0,0.0,0.0
192,192/64/64/64/64/64/64/64,10,0.3,0.0,0.0,100000.0,0.0,0.0,640.0,0.0,0.0,37997.92621619277,86.7774667677416,53.785231134864105,2.6317363002591687,0.006012604691305431,0.0037266509969687963,0.41648758122114055,0.0009328216335488942,0.0005781688384879147,0.5835124187788594,0.0009328216335488791,0.0005781688384879053,177378.7074732362,679.648002365853,421.2501961532821,2.4010440264437896,0.005380433471786941,0.003334827215691391,2.4,0.0,0.0,0.4184413595174352,0.001154146456064019,0.0007153473846964556,0.5815586404825648,0.0011541464560640333,0.0007153473846964644,8.0,0.0,0.0,8.0,0.0,0.0
224,224/60/60/60/59/59/59/59,10,0.35,0.0,0.0,100000.0,0.0,0.0,640.0,0.0,0.0,44355.94530659756,80.83810576447402,50.103977046067676,2.254496700016309,0.0041109373799725415,0.0025479853860515054,0.356876734454735,0.000614561636035905,0.000380909248356843,0.643123265545265,0.0006145616360359055,0.00038090924835684336,228211.10782145438,629.3541249719202,390.0777279877702,2.8020962693281555,0.00482657789954613,0.00299154397549224,2.8,0.0,0.0,0.3584609983948712,0.0008813286215782907,0.0005462531390116679,0.6415390016051288,0.0008813286215783008,0.0005462531390116741,8.0,0.0,0.0,8.0,0.0,0.0
256,256/55/55/55/55/55/55/54,10,0.4,0.0,0.0,100000.0,0.0,0.0,640.0,0.0,0.0,50662.705709492155,86.86972277146218,53.842411998382175,1.973844320522392,0.0033835418667352607,0.002097140976054581,0.31244054092900286,0.0005268176532730362,0.00032652496440182003,0.6875594590709971,0.000526817653273051,0.0003265249644018292,278669.31659292907,679.361006861466,421.0723144967521,3.200618083283553,0.005400825427551375,0.0033474662808189496,3.2,0.0,0.0,0.3138376693641047,0.0007053813985129612,0.00043719992032950974,0.6861623306358954,0.0007053813985129702,0.0004371999203295153,8.0,0.0,0.0,8.0,0.0,0.0
288,288/51/51/50/50/50/50/50,10,0.45,0.0,0.0,100000.0,0.0,0.0,640.0,0.0,0.0,56988.02841339743,88.7659689054485,55.01771752876855,1.7547587698174276,0.0027334032556824723,0.0016941808901285347,0.2777749424243284,0.0004451388888600273,0.0002758999417271909,0.7222250575756717,0.0004451388888600356,0.00027589994172719603,329265.76582411805,712.5490991579491,441.64250721589593,3.6000459924361263,0.00576960385146138,0.003576037516029561,3.6,0.0,0.0,0.27900363233332837,0.0006689330856682452,0.00041460902197941365,0.7209963676666716,0.0006689330856682204,0.0004146090219793983,8.0,0.0,0.0,8.0,0.0,0.0
320,320/46/46/46/46/46/45/45,10,0.5,0.0,0.0,100000.0,0.0,0.0,640.0,0.0,0.0,63327.567625093594,72.04473311230191,44.653788210549784,1.579093167528254,0.0017954540962015167,0.0011128339781420694,0.24995206879892398,0.00035149068660410727,0.00021785618461706103,0.750047931201076,0.0003514906866041075,0.00021785618461706114,379989.88298503123,605.3117125795752,375.1760864012161,4.000774964626438,0.005630897565181025,0.003490066469105421,4.0,0.0,0.0,0.25107308267825973,0.0005296265994226071,0.0003282659672626713,0.7489269173217402,0.00052962659942261,0.00032826596726267306,8.0,0.0,0.0,8.0,0.0,0.0
