time_s,leader_x_m,follower_x_m,follower_speed_m_s,center_gap_m,uncontrolled_follower_x_m
0.0,4.0,0.0,2.0,4.0,0.0
0.02,4.02,0.04,2.0,3.9799999999999995,0.04
0.04,4.04,0.08,2.0,3.96,0.08
0.06,4.06,0.12,2.0,3.9399999999999995,0.12
0.08,4.08,0.16,2.0,3.92,0.16
0.1,4.1,0.2,2.0,3.8999999999999995,0.2
0.12,4.12,0.24,2.0,3.88,0.24
0.14,4.14,0.28,2.0,3.8599999999999994,0.28
0.16,4.16,0.32,2.0,3.8400000000000003,0.32
0.18,4.18,0.36,2.0,3.82,0.36
0.2,4.2,0.4,2.0,3.8000000000000003,0.4
0.22,4.22,0.44,2.0,3.78,0.44
0.24,4.24,0.48,2.0,3.7600000000000002,0.48
0.26,4.26,0.52,2.0,3.7399999999999998,0.52
0.28,4.28,0.56,2.0,3.72,0.56
0.3,4.3,0.6,2.0,3.6999999999999997,0.6
0.32,4.32,0.64,2.0,3.68,0.64
0.34,4.34,0.68,2.0,3.6599999999999997,0.68
0.36,4.36,0.72,2.0,3.6400000000000006,0.72
0.38,4.38,0.76,2.0,3.62,0.76
0.4,4.4,0.8,2.0,3.6000000000000005,0.8
0.42,4.42,0.84,2.0,3.58,0.84
0.44,4.44,0.88,2.0,3.5600000000000005,0.88
0.46,4.46,0.92,2.0,3.54,0.92
0.48,4.48,0.96,2.0,3.5200000000000005,0.96
0.5,4.5,1.0,2.0,3.5,1.0
0.52,4.52,1.04,2.0,3.4799999999999995,1.04
0.54,4.54,1.08,2.0,3.46,1.08
0.56,4.5600000000000005,1.12,2.0,3.4400000000000004,1.12
0.58,4.58,1.16,2.0,3.42,1.16
0.6,4.6,1.2,2.0,3.3999999999999995,1.2
0.62,4.62,1.24,2.0,3.38,1.24
0.64,4.64,1.28,2.0,3.3599999999999994,1.28
0.66,4.66,1.32,2.0,3.34,1.32
0.68,4.68,1.36,2.0,3.3199999999999994,1.36
0.7000000000000001,4.7,1.4000000000000001,2.0,3.3,1.4000000000000001
0.72,4.72,1.44,2.0,3.28,1.44
0.74,4.74,1.48,2.0,3.2600000000000002,1.48
0.76,4.76,1.52,2.0,3.2399999999999998,1.52
0.78,4.78,1.56,2.0,3.22,1.56
0.8,4.8,1.6,2.0,3.1999999999999997,1.6
0.8200000000000001,4.82,1.6400000000000001,2.0,3.18,1.6400000000000001
0.84,4.84,1.68,2.0,3.16,1.68
0.86,4.86,1.72,2.0,3.1400000000000006,1.72
0.88,4.88,1.76,2.0,3.12,1.76
0.9,4.9,1.8,2.0,3.1000000000000005,1.8
0.92,4.92,1.84,2.0,3.08,1.84
0.9400000000000001,4.94,1.8800000000000001,2.0,3.0600000000000005,1.8800000000000001
0.96,4.96,1.92,2.0,3.04,1.92
0.98,4.98,1.96,2.0,3.0200000000000005,1.96
1.0,5.0,2.0,2.0,3.0,2.0
1.02,5.02,2.04,2.0,2.9799999999999995,2.04
1.04,5.04,2.08,2.0,2.96,2.08
1.06,5.0600000000000005,2.12,2.0,2.9400000000000004,2.12
1.08,5.08,2.16,2.0,2.92,2.16
1.1,5.1,2.2,2.0,2.8999999999999995,2.2
1.12,5.12,2.24,2.0,2.88,2.24
1.1400000000000001,5.140000000000001,2.2800000000000002,2.0,2.8600000000000003,2.2800000000000002
1.16,5.16,2.32,2.0,2.8400000000000003,2.32
1.18,5.18,2.36,2.0,2.82,2.36
1.2,5.2,2.4,2.0,2.8000000000000003,2.4
1.22,5.22,2.44,2.0,2.78,2.44
1.24,5.24,2.48,2.0,2.7600000000000002,2.48
1.26,5.26,2.52,2.0,2.7399999999999998,2.52
1.28,5.28,2.56,2.0,2.72,2.56
1.3,5.3,2.6,2.0,2.6999999999999997,2.6
1.32,5.32,2.64,2.0,2.68,2.64
1.34,5.34,2.68,2.0,2.6599999999999997,2.68
1.36,5.36,2.72,2.0,2.64,2.72
1.3800000000000001,5.38,2.7600000000000002,2.0,2.6199999999999997,2.7600000000000002
1.4000000000000001,5.4,2.8000000000000003,2.0,2.6,2.8000000000000003
1.42,5.42,2.84,2.0,2.58,2.84
1.44,5.4399999999999995,2.88,2.0,2.5599999999999996,2.88
1.46,5.46,2.92,2.0,2.54,2.92
1.48,5.48,2.96,2.0,2.5200000000000005,2.96
1.5,5.5,3.0,2.0,2.5,3.0
1.52,5.52,3.0398,1.98,2.4801999999999995,3.04
1.54,5.54,3.0792,1.96,2.4608,3.08
1.56,5.5600000000000005,3.1182000000000003,1.94,2.4418,3.12
1.58,5.58,3.1568,1.92,2.4232,3.16
1.6,5.6,3.1950000000000003,1.9,2.4049999999999994,3.2
1.62,5.62,3.2328,1.88,2.3872,3.24
1.6400000000000001,5.640000000000001,3.2702000000000004,1.8599999999999999,2.3698,3.2800000000000002
1.6600000000000001,5.66,3.3072000000000004,1.8399999999999999,2.3528,3.3200000000000003
1.68,5.68,3.3438,1.82,2.3362,3.36
1.7,5.7,3.38,1.8,2.3200000000000003,3.4
1.72,5.72,3.4158,1.78,2.3042,3.44
1.74,5.74,3.4512,1.76,2.2888,3.48
1.76,5.76,3.4862,1.74,2.2737999999999996,3.52
1.78,5.78,3.5208,1.72,2.2592000000000003,3.56
1.8,5.8,3.555,1.7,2.2449999999999997,3.6
1.82,5.82,3.5888,1.68,2.2312000000000003,3.64
1.84,5.84,3.6222000000000003,1.66,2.2177999999999995,3.68
1.86,5.86,3.6552000000000002,1.64,2.2048,3.72
1.8800000000000001,5.88,3.6878,1.6199999999999999,2.1921999999999997,3.7600000000000002
1.9000000000000001,5.9,3.72,1.5999999999999999,2.18,3.8000000000000003
1.92,5.92,3.7518,1.58,2.1682,3.84
1.94,5.9399999999999995,3.7832,1.56,2.1567999999999996,3.88
1.96,5.96,3.8142,1.54,2.1458,3.92
1.98,5.98,3.8447999999999998,1.52,2.1352000000000007,3.96
2.0,6.0,3.875,1.5,2.125,4.0
2.02,6.02,3.9048,1.48,2.1151999999999997,4.04
2.04,6.04,3.9342,1.46,2.1058,4.08
2.06,6.0600000000000005,3.9632,1.44,2.0968000000000004,4.12
2.08,6.08,3.9918,1.42,2.0882,4.16
2.1,6.1,4.0200000000000005,1.4,2.079999999999999,4.2
2.12,6.12,4.0478000000000005,1.38,2.0721999999999996,4.24
2.14,6.140000000000001,4.075200000000001,1.3599999999999999,2.0648,4.28
2.16,6.16,4.1022,1.3399999999999999,2.0578000000000003,4.32
2.18,6.18,4.1288,1.3199999999999998,2.0511999999999997,4.36
2.2,6.2,4.155,1.2999999999999998,2.045,4.4
2.22,6.220000000000001,4.1808000000000005,1.2799999999999998,2.0392,4.44
2.24,6.24,4.2062,1.2599999999999998,2.0338000000000003,4.48
2.2600000000000002,6.26,4.2312,1.2399999999999998,2.0287999999999995,4.5200000000000005
2.2800000000000002,6.28,4.255800000000001,1.2199999999999998,2.0241999999999996,4.5600000000000005
2.3000000000000003,6.300000000000001,4.28,1.1999999999999997,2.0200000000000005,4.6000000000000005
2.32,6.32,4.3038,1.1800000000000002,2.0162000000000004,4.64
2.34,6.34,4.3271999999999995,1.1600000000000001,2.0128000000000004,4.68
2.36,6.359999999999999,4.3502,1.1400000000000001,2.0097999999999994,4.72
2.38,6.38,4.3728,1.12,2.0072,4.76
2.4,6.4,4.395,1.1,2.005000000000001,4.8
2.42,6.42,4.4168,1.08,2.0031999999999996,4.84
2.44,6.4399999999999995,4.4382,1.06,2.0017999999999994,4.88
2.46,6.46,4.4592,1.04,2.0008,4.92
2.48,6.48,4.4798,1.02,2.0002000000000004,4.96
2.5,6.5,4.5,1.0,2.0,5.0
2.52,6.52,4.52,1.0,2.0,5.04
2.54,6.54,4.54,1.0,2.0,5.08
2.56,6.5600000000000005,4.5600000000000005,1.0,2.0,5.12
2.58,6.58,4.58,1.0,2.0,5.16
2.6,6.6,4.6,1.0,2.0,5.2
2.62,6.62,4.62,1.0,2.0,5.24
2.64,6.640000000000001,4.640000000000001,1.0,2.0,5.28
2.66,6.66,4.66,1.0,2.0,5.32
2.68,6.68,4.68,1.0,2.0,5.36
2.7,6.7,4.7,1.0,2.0,5.4
2.72,6.720000000000001,4.720000000000001,1.0,2.0,5.44
2.74,6.74,4.74,1.0,2.0,5.48
2.7600000000000002,6.76,4.76,1.0,2.0,5.5200000000000005
2.7800000000000002,6.78,4.78,1.0,2.0,5.5600000000000005
2.8000000000000003,6.800000000000001,4.800000000000001,1.0,2.0,5.6000000000000005
2.82,6.82,4.82,1.0,2.0,5.64
2.84,6.84,4.84,1.0,2.0,5.68
2.86,6.859999999999999,4.859999999999999,1.0,2.0,5.72
2.88,6.88,4.88,1.0,2.0,5.76
2.9,6.9,4.9,1.0,2.0,5.8
2.92,6.92,4.92,1.0,2.0,5.84
2.94,6.9399999999999995,4.9399999999999995,1.0,2.0,5.88
2.96,6.96,4.96,1.0,2.0,5.92
2.98,6.98,4.98,1.0,2.0,5.96
3.0,7.0,5.0,1.0,2.0,6.0
3.02,7.02,5.02,1.0,2.0,6.04
3.04,7.04,5.04,1.0,2.0,6.08
3.06,7.0600000000000005,5.0600000000000005,1.0,2.0,6.12
3.08,7.08,5.08,1.0,2.0,6.16
3.1,7.1,5.1,1.0,2.0,6.2
3.12,7.12,5.12,1.0,2.0,6.24
3.14,7.140000000000001,5.140000000000001,1.0,2.0,6.28
3.16,7.16,5.16,1.0,2.0,6.32
3.18,7.18,5.18,1.0,2.0,6.36
3.2,7.2,5.2,1.0,2.0,6.4
3.22,7.220000000000001,5.220000000000001,1.0,2.0,6.44
3.24,7.24,5.24,1.0,2.0,6.48
3.2600000000000002,7.26,5.26,1.0,2.0,6.5200000000000005
3.2800000000000002,7.28,5.28,1.0,2.0,6.5600000000000005
3.3000000000000003,7.300000000000001,5.300000000000001,1.0,2.0,6.6000000000000005
3.3200000000000003,7.32,5.32,1.0,2.0,6.640000000000001
3.34,7.34,5.34,1.0,2.0,6.68
3.36,7.359999999999999,5.359999999999999,1.0,2.0,6.72
3.38,7.38,5.38,1.0,2.0,6.76
3.4,7.4,5.4,1.0,2.0,6.8
3.42,7.42,5.42,1.0,2.0,6.84
3.44,7.4399999999999995,5.4399999999999995,1.0,2.0,6.88
3.46,7.46,5.46,1.0,2.0,6.92
3.48,7.48,5.48,1.0,2.0,6.96
3.5,7.5,5.5,1.0,2.0,7.0
3.52,7.52,5.52,1.0,2.0,7.04
3.54,7.54,5.54,1.0,2.0,7.08
3.56,7.5600000000000005,5.5600000000000005,1.0,2.0,7.12
3.58,7.58,5.58,1.0,2.0,7.16
3.6,7.6,5.6,1.0,2.0,7.2
3.62,7.62,5.62,1.0,2.0,7.24
3.64,7.640000000000001,5.640000000000001,1.0,2.0,7.28
3.66,7.66,5.66,1.0,2.0,7.32
3.68,7.68,5.68,1.0,2.0,7.36
3.7,7.7,5.7,1.0,2.0,7.4
3.72,7.720000000000001,5.720000000000001,1.0,2.0,7.44
3.74,7.74,5.74,1.0,2.0,7.48
3.7600000000000002,7.76,5.76,1.0,2.0,7.5200000000000005
3.7800000000000002,7.78,5.78,1.0,2.0,7.5600000000000005
3.8000000000000003,7.800000000000001,5.800000000000001,1.0,2.0,7.6000000000000005
3.8200000000000003,7.82,5.82,1.0,2.0,7.640000000000001
3.84,7.84,5.84,1.0,2.0,7.68
3.86,7.859999999999999,5.859999999999999,1.0,2.0,7.72
3.88,7.88,5.88,1.0,2.0,7.76
3.9,7.9,5.9,1.0,2.0,7.8
3.92,7.92,5.92,1.0,2.0,7.84
3.94,7.9399999999999995,5.9399999999999995,1.0,2.0,7.88
3.96,7.96,5.96,1.0,2.0,7.92
3.98,7.98,5.98,1.0,2.0,7.96
4.0,8.0,6.0,1.0,2.0,8.0
4.0200000000000005,8.02,6.0200000000000005,1.0,1.9999999999999991,8.040000000000001
4.04,8.04,6.04,1.0,1.9999999999999991,8.08
4.0600000000000005,8.06,6.0600000000000005,1.0,2.0,8.120000000000001
4.08,8.08,6.08,1.0,2.0,8.16
4.1,8.1,6.1,1.0,2.0,8.2
4.12,8.120000000000001,6.12,1.0,2.000000000000001,8.24
4.14,8.14,6.14,1.0,2.000000000000001,8.28
4.16,8.16,6.16,1.0,2.0,8.32
4.18,8.18,6.18,1.0,2.0,8.36
4.2,8.2,6.2,1.0,1.9999999999999991,8.4
4.22,8.219999999999999,6.22,1.0,1.9999999999999991,8.44
4.24,8.24,6.24,1.0,2.0,8.48
4.26,8.26,6.26,1.0,2.0,8.52
4.28,8.280000000000001,6.28,1.0,2.000000000000001,8.56
4.3,8.3,6.3,1.0,2.000000000000001,8.6
4.32,8.32,6.32,1.0,2.0,8.64
4.34,8.34,6.34,1.0,2.0,8.68
4.36,8.36,6.36,1.0,1.9999999999999991,8.72
4.38,8.379999999999999,6.38,1.0,1.9999999999999991,8.76
4.4,8.4,6.4,1.0,2.0,8.8
4.42,8.42,6.42,1.0,2.0,8.84
4.44,8.440000000000001,6.44,1.0,2.000000000000001,8.88
4.46,8.46,6.46,1.0,2.000000000000001,8.92
4.48,8.48,6.48,1.0,2.0,8.96
4.5,8.5,6.5,1.0,2.0,9.0
4.5200000000000005,8.52,6.5200000000000005,1.0,1.9999999999999991,9.040000000000001
4.54,8.54,6.54,1.0,1.9999999999999991,9.08
4.5600000000000005,8.56,6.5600000000000005,1.0,2.0,9.120000000000001
4.58,8.58,6.58,1.0,2.0,9.16
4.6000000000000005,8.600000000000001,6.6000000000000005,1.0,2.000000000000001,9.200000000000001
4.62,8.620000000000001,6.62,1.0,2.000000000000001,9.24
4.64,8.64,6.64,1.0,2.000000000000001,9.28
4.66,8.66,6.66,1.0,2.0,9.32
4.68,8.68,6.68,1.0,2.0,9.36
4.7,8.7,6.7,1.0,1.9999999999999991,9.4
4.72,8.719999999999999,6.72,1.0,1.9999999999999991,9.44
4.74,8.74,6.74,1.0,2.0,9.48
4.76,8.76,6.76,1.0,2.0,9.52
4.78,8.780000000000001,6.78,1.0,2.000000000000001,9.56
4.8,8.8,6.8,1.0,2.000000000000001,9.6
4.82,8.82,6.82,1.0,2.0,9.64
4.84,8.84,6.84,1.0,2.0,9.68
4.86,8.86,6.86,1.0,1.9999999999999991,9.72
4.88,8.879999999999999,6.88,1.0,1.9999999999999991,9.76
4.9,8.9,6.9,1.0,2.0,9.8
4.92,8.92,6.92,1.0,2.0,9.84
4.94,8.940000000000001,6.94,1.0,2.000000000000001,9.88
4.96,8.96,6.96,1.0,2.000000000000001,9.92
4.98,8.98,6.98,1.0,2.0,9.96
5.0,9.0,7.0,1.0,2.0,10.0
5.0200000000000005,9.02,7.0200000000000005,1.0,1.9999999999999991,10.040000000000001
5.04,9.04,7.04,1.0,1.9999999999999991,10.08
5.0600000000000005,9.06,7.0600000000000005,1.0,2.0,10.120000000000001
5.08,9.08,7.08,1.0,2.0,10.16
5.1000000000000005,9.100000000000001,7.1000000000000005,1.0,2.000000000000001,10.200000000000001
5.12,9.120000000000001,7.12,1.0,2.000000000000001,10.24
5.14,9.14,7.14,1.0,2.000000000000001,10.28
5.16,9.16,7.16,1.0,2.0,10.32
5.18,9.18,7.18,1.0,2.0,10.36
5.2,9.2,7.2,1.0,1.9999999999999991,10.4
5.22,9.219999999999999,7.22,1.0,1.9999999999999991,10.44
5.24,9.24,7.24,1.0,2.0,10.48
5.26,9.26,7.26,1.0,2.0,10.52
5.28,9.280000000000001,7.28,1.0,2.000000000000001,10.56
5.3,9.3,7.3,1.0,2.000000000000001,10.6
5.32,9.32,7.32,1.0,2.0,10.64
5.34,9.34,7.34,1.0,2.0,10.68
5.36,9.36,7.36,1.0,1.9999999999999991,10.72
5.38,9.379999999999999,7.38,1.0,1.9999999999999991,10.76
5.4,9.4,7.4,1.0,2.0,10.8
5.42,9.42,7.42,1.0,2.0,10.84
5.44,9.440000000000001,7.44,1.0,2.000000000000001,10.88
5.46,9.46,7.46,1.0,2.000000000000001,10.92
5.48,9.48,7.48,1.0,2.0,10.96
5.5,9.5,7.5,1.0,2.0,11.0
5.5200000000000005,9.52,7.5200000000000005,1.0,1.9999999999999991,11.040000000000001
5.54,9.54,7.54,1.0,1.9999999999999991,11.08
5.5600000000000005,9.56,7.5600000000000005,1.0,2.0,11.120000000000001
5.58,9.58,7.58,1.0,2.0,11.16
5.6000000000000005,9.600000000000001,7.6000000000000005,1.0,2.000000000000001,11.200000000000001
5.62,9.620000000000001,7.62,1.0,2.000000000000001,11.24
5.64,9.64,7.64,1.0,2.000000000000001,11.28
5.66,9.66,7.66,1.0,2.0,11.32
5.68,9.68,7.68,1.0,2.0,11.36
5.7,9.7,7.7,1.0,1.9999999999999991,11.4
5.72,9.719999999999999,7.72,1.0,1.9999999999999991,11.44
5.74,9.74,7.74,1.0,2.0,11.48
5.76,9.76,7.76,1.0,2.0,11.52
5.78,9.780000000000001,7.78,1.0,2.000000000000001,11.56
5.8,9.8,7.8,1.0,2.000000000000001,11.6
5.82,9.82,7.82,1.0,2.0,11.64
5.84,9.84,7.84,1.0,2.0,11.68
5.86,9.86,7.86,1.0,1.9999999999999991,11.72
5.88,9.879999999999999,7.88,1.0,1.9999999999999991,11.76
5.9,9.9,7.9,1.0,2.0,11.8
5.92,9.92,7.92,1.0,2.0,11.84
5.94,9.940000000000001,7.94,1.0,2.000000000000001,11.88
5.96,9.96,7.96,1.0,2.000000000000001,11.92
5.98,9.98,7.98,1.0,2.0,11.96
6.0,10.0,8.0,1.0,2.0,12.0
6.0200000000000005,10.02,8.02,1.0,2.0,12.040000000000001
6.04,10.04,8.04,1.0,2.0,12.08
6.0600000000000005,10.06,8.06,1.0,2.0,12.120000000000001
6.08,10.08,8.08,1.0,2.0,12.16
6.1000000000000005,10.100000000000001,8.100000000000001,1.0,2.0,12.200000000000001
6.12,10.120000000000001,8.120000000000001,1.0,2.0,12.24
6.140000000000001,10.14,8.14,1.0,2.0,12.280000000000001
6.16,10.16,8.16,1.0,2.0,12.32
6.18,10.18,8.18,1.0,2.0,12.36
6.2,10.2,8.2,1.0,2.0,12.4
6.22,10.219999999999999,8.219999999999999,1.0,2.0,12.44
6.24,10.24,8.24,1.0,2.0,12.48
6.26,10.26,8.26,1.0,2.0,12.52
6.28,10.280000000000001,8.280000000000001,1.0,2.0,12.56
6.3,10.3,8.3,1.0,2.0,12.6
6.32,10.32,8.32,1.0,2.0,12.64
6.34,10.34,8.34,1.0,2.0,12.68
6.36,10.36,8.36,1.0,2.0,12.72
6.38,10.379999999999999,8.379999999999999,1.0,2.0,12.76
6.4,10.4,8.4,1.0,2.0,12.8
6.42,10.42,8.42,1.0,2.0,12.84
6.44,10.440000000000001,8.440000000000001,1.0,2.0,12.88
6.46,10.46,8.46,1.0,2.0,12.92
6.48,10.48,8.48,1.0,2.0,12.96
6.5,10.5,8.5,1.0,2.0,13.0
6.5200000000000005,10.52,8.52,1.0,2.0,13.040000000000001
6.54,10.54,8.54,1.0,2.0,13.08
6.5600000000000005,10.56,8.56,1.0,2.0,13.120000000000001
6.58,10.58,8.58,1.0,2.0,13.16
6.6000000000000005,10.600000000000001,8.600000000000001,1.0,2.0,13.200000000000001
6.62,10.620000000000001,8.620000000000001,1.0,2.0,13.24
6.640000000000001,10.64,8.64,1.0,2.0,13.280000000000001
6.66,10.66,8.66,1.0,2.0,13.32
6.68,10.68,8.68,1.0,2.0,13.36
6.7,10.7,8.7,1.0,2.0,13.4
6.72,10.719999999999999,8.719999999999999,1.0,2.0,13.44
6.74,10.74,8.74,1.0,2.0,13.48
6.76,10.76,8.76,1.0,2.0,13.52
6.78,10.780000000000001,8.780000000000001,1.0,2.0,13.56
6.8,10.8,8.8,1.0,2.0,13.6
6.82,10.82,8.82,1.0,2.0,13.64
6.84,10.84,8.84,1.0,2.0,13.68
6.86,10.86,8.86,1.0,2.0,13.72
6.88,10.879999999999999,8.879999999999999,1.0,2.0,13.76
6.9,10.9,8.9,1.0,2.0,13.8
6.92,10.92,8.92,1.0,2.0,13.84
6.94,10.940000000000001,8.940000000000001,1.0,2.0,13.88
6.96,10.96,8.96,1.0,2.0,13.92
6.98,10.98,8.98,1.0,2.0,13.96
7.0,11.0,9.0,1.0,2.0,14.0
7.0200000000000005,11.02,9.02,1.0,2.0,14.040000000000001
7.04,11.04,9.04,1.0,2.0,14.08
7.0600000000000005,11.06,9.06,1.0,2.0,14.120000000000001
7.08,11.08,9.08,1.0,2.0,14.16
7.1000000000000005,11.100000000000001,9.100000000000001,1.0,2.0,14.200000000000001
7.12,11.120000000000001,9.120000000000001,1.0,2.0,14.24
7.140000000000001,11.14,9.14,1.0,2.0,14.280000000000001
7.16,11.16,9.16,1.0,2.0,14.32
7.18,11.18,9.18,1.0,2.0,14.36
7.2,11.2,9.2,1.0,2.0,14.4
7.22,11.219999999999999,9.219999999999999,1.0,2.0,14.44
7.24,11.24,9.24,1.0,2.0,14.48
7.26,11.26,9.26,1.0,2.0,14.52
7.28,11.280000000000001,9.280000000000001,1.0,2.0,14.56
7.3,11.3,9.3,1.0,2.0,14.6
7.32,11.32,9.32,1.0,2.0,14.64
7.34,11.34,9.34,1.0,2.0,14.68
7.36,11.36,9.36,1.0,2.0,14.72
7.38,11.379999999999999,9.379999999999999,1.0,2.0,14.76
7.4,11.4,9.4,1.0,2.0,14.8
7.42,11.42,9.42,1.0,2.0,14.84
7.44,11.440000000000001,9.440000000000001,1.0,2.0,14.88
7.46,11.46,9.46,1.0,2.0,14.92
7.48,11.48,9.48,1.0,2.0,14.96
7.5,11.5,9.5,1.0,2.0,15.0
7.5200000000000005,11.52,9.52,1.0,2.0,15.040000000000001
7.54,11.54,9.54,1.0,2.0,15.08
7.5600000000000005,11.56,9.56,1.0,2.0,15.120000000000001
7.58,11.58,9.58,1.0,2.0,15.16
7.6000000000000005,11.600000000000001,9.600000000000001,1.0,2.0,15.200000000000001
7.62,11.620000000000001,9.620000000000001,1.0,2.0,15.24
7.640000000000001,11.64,9.64,1.0,2.0,15.280000000000001
7.66,11.66,9.66,1.0,2.0,15.32
7.68,11.68,9.68,1.0,2.0,15.36
7.7,11.7,9.7,1.0,2.0,15.4
7.72,11.719999999999999,9.719999999999999,1.0,2.0,15.44
7.74,11.74,9.74,1.0,2.0,15.48
7.76,11.76,9.76,1.0,2.0,15.52
7.78,11.780000000000001,9.780000000000001,1.0,2.0,15.56
7.8,11.8,9.8,1.0,2.0,15.6
7.82,11.82,9.82,1.0,2.0,15.64
7.84,11.84,9.84,1.0,2.0,15.68
7.86,11.86,9.86,1.0,2.0,15.72
7.88,11.879999999999999,9.879999999999999,1.0,2.0,15.76
7.9,11.9,9.9,1.0,2.0,15.8
7.92,11.92,9.92,1.0,2.0,15.84
7.94,11.940000000000001,9.940000000000001,1.0,2.0,15.88
7.96,11.96,9.96,1.0,2.0,15.92
7.98,11.98,9.98,1.0,2.0,15.96
8.0,12.0,10.0,1.0,2.0,16.0
