seed,pattern,read_s,policy,buffer_slots,requests,returned,p99_s,mean_s,read_span_s,drain_span_s,throughput_req_s,reader_busy_fraction,reader_optical_fraction,reader_idle_demand_s,restricted_idle_s,input_occupancy_s,max_input,max_output,max_dock,pair_evaluations,route_queries,reservation_checks,prefetch_hit_fraction,prefetch_lead_mean_s,route_motion_s,movement_s,traffic_wait_s,delivery_wait_s,output_block_s,queue_mean_s,fetch_delivery_mean_s,delivery_wait_mean_s,handoff_mean_s,buffer_wait_mean_s,load_read_mean_s,workload_sha256
101,uniform,2,zone,0,384,384,3776.45613486621,1672.7726450672676,3881.46513484961,3941.6651348796095,0.09893171435504299,0.49453116340074293,0.19781246536029717,1578.4651348496104,4463.354461636274,0.0,0,8,5,384,2688,18545,0.0,0.0,17011.060558142002,20147.437049364544,3547.7877420723225,1178.6821844661276,0.0,1632.3065838592267,32.39657635266033,3.0694848553805403,0.9999999999999994,0.0,3.999999999999999,5b073b8326870880ca0e70552657d4ad4070853782331d635e60f5e5bff2cc81
101,uniform,2,zone,8,384,384,3701.1312085896793,1602.333841263565,3831.956208626277,3898.5562086662767,0.10020991344722611,0.500918845792951,0.20036753831718038,1912.9562086262777,5085.1701800218525,1057.3256255179415,3,8,2,384,2688,19062,0.4947916666666667,3.5438190816733774,17004.760558142003,20134.537049364546,3639.143151846633,21.325539258373368,0.0,1562.8209692208495,32.70388463444379,0.055535258485347315,0.9999999999999993,1.7534521497863065,3.9999999999999987,5b073b8326870880ca0e70552657d4ad4070853782331d635e60f5e5bff2cc81
101,uniform,2,zone,16,384,384,3701.1312085896793,1602.333841263565,3831.956208626277,3898.5562086662767,0.10020991344722611,0.500918845792951,0.20036753831718038,1912.9562086262777,5085.1701800218525,1057.3256255179415,3,8,2,384,2688,19062,0.4947916666666667,3.5438190816733774,17004.760558142003,20134.537049364546,3639.143151846633,21.325539258373368,0.0,1562.8209692208495,32.70388463444379,0.055535258485347315,0.9999999999999993,1.7534521497863065,3.9999999999999987,5b073b8326870880ca0e70552657d4ad4070853782331d635e60f5e5bff2cc81
101,uniform,2,nonzone_fifo,0,384,384,5336.999150546116,2683.504513596011,5424.64406173018,5451.64406173018,0.0707880545949634,0.35387503827291844,0.1415500153091674,3121.64406173018,0.0,0.0,0,4,4,413,2753,34850,0.0,0.0,20995.50964326443,23101.206134922315,17921.081841139763,555.8527519097445,0.0,2608.7684975695943,68.28848281831817,1.447533208098293,1.0,0.0,4.0,5b073b8326870880ca0e70552657d4ad4070853782331d635e60f5e5bff2cc81
101,uniform,2,nonzone_fifo,8,384,384,5380.914786476571,2707.812420569222,5448.711583738441,5475.711583738441,0.07047537644422941,0.3523122224906628,0.14092488899626512,3529.711583738442,0.0,624.6837014311383,2,5,2,412,2760,38244,0.2604166666666667,2.406837014311383,20483.612848910034,23472.9832095284,18343.295246756756,7.799999989999492,0.0,2636.3399080660847,65.82541953068625,0.02031249997395701,1.0,0.6267804724769226,3.999999999999999,5b073b8326870880ca0e70552657d4ad4070853782331d635e60f5e5bff2cc81
101,uniform,2,nonzone_fifo,16,384,384,5380.914786476571,2707.812420569222,5448.711583738441,5475.711583738441,0.07047537644422941,0.3523122224906628,0.14092488899626512,3529.711583738442,0.0,624.6837014311383,2,5,2,412,2760,38244,0.2604166666666667,2.406837014311383,20483.612848910034,23472.9832095284,18343.295246756756,7.799999989999492,0.0,2636.3399080660847,65.82541953068625,0.02031249997395701,1.0,0.6267804724769226,3.999999999999999,5b073b8326870880ca0e70552657d4ad4070853782331d635e60f5e5bff2cc81
101,uniform,8,zone,0,384,384,4816.997175862858,2353.7591056482524,4988.659175929656,5036.2591759296565,0.0769745910590174,0.8465508065915142,0.6156733138847376,381.6591759296562,3779.9775388554035,0.0,0,8,7,384,2688,15094,0.0,0.0,16950.40314136802,20103.97963259056,2054.2192587110294,12044.027951498781,0.0,2280.271621160231,31.1228283643267,31.364656123694743,1.0,0.0,10.0,5b073b8326870880ca0e70552657d4ad4070853782331d635e60f5e5bff2cc81
101,uniform,8,zone,8,384,384,4338.18219359188,2141.5046539363952,4447.9491936284785,4502.549193668478,0.08633192136053751,0.9494376798119796,0.6905001307723487,224.94919362847838,3231.066952085774,31305.53017198747,8,6,6,384,2688,12145,0.9739583333333334,82.67788816039432,16080.707758705074,17743.482328446524,1724.4114738583437,11022.89315100626,0.0,1993.2189043975684,28.05548046853052,28.7054509140788,1.0,80.52481815621738,10.0,5b073b8326870880ca0e70552657d4ad4070853782331d635e60f5e5bff2cc81
101,uniform,8,zone,16,384,384,4201.27000004,2137.7179687908856,4408.900000159999,4435.900000159999,0.087096554693022,0.9578448490547963,0.6966144356762154,185.90000015999874,3214.4838279944984,63450.05870410325,16,6,6,384,2688,11008,0.9895833333333334,165.96331237921908,15896.525832316727,17209.367234603335,1470.4731510619304,11521.070214881229,0.0,1905.1443953290366,27.336258568660153,30.002787017919868,1.0,164.23452787526887,10.0,5b073b8326870880ca0e70552657d4ad4070853782331d635e60f5e5bff2cc81
101,uniform,8,nonzone_fifo,0,384,384,5495.672458712006,2794.2706403940315,5581.432458772006,5608.432458772006,0.0687995425612452,0.7566594009323981,0.5502977461326531,974.432458772005,0.0,0.0,0,4,5,412,2762,30971,0.0,0.0,21377.185896787876,22660.005214142646,15482.670954700536,4615.778946477879,0.0,2703.929260593107,67.32112212780558,12.020257673119477,1.0,0.0,10.000000000000002,5b073b8326870880ca0e70552657d4ad4070853782331d635e60f5e5bff2cc81
101,uniform,8,nonzone_fifo,8,384,384,5235.947580544259,2648.4001443695693,5323.161580579158,5350.161580579158,0.07213758105727479,0.7933643515643484,0.5769922556831625,1100.1615805791582,0.0,4275.714605898206,4,4,2,414,2768,36029,0.7708333333333334,13.14768447938583,20153.302906769553,23398.37012520671,17390.42251953655,6.799999920001937,0.0,2564.0980323068893,63.14973027669502,0.017708333125005044,1.0,10.13467345285991,10.0,5b073b8326870880ca0e70552657d4ad4070853782331d635e60f5e5bff2cc81
101,uniform,8,nonzone_fifo,16,384,384,5235.947580544259,2648.4001443695693,5323.161580579158,5350.161580579158,0.07213758105727479,0.7933643515643484,0.5769922556831625,1100.1615805791582,0.0,4275.714605898206,4,4,2,414,2768,36029,0.7708333333333334,13.14768447938583,20153.302906769553,23398.37012520671,17390.42251953655,6.799999920001937,0.0,2564.0980323068893,63.14973027669502,0.017708333125005044,1.0,10.13467345285991,10.0,5b073b8326870880ca0e70552657d4ad4070853782331d635e60f5e5bff2cc81
101,uniform,24,zone,0,384,384,10665.260000070002,5409.472916715156,10848.200000070003,10890.000000070002,0.03539757747806291,0.9556464992748869,0.8494635549110106,97.20000007000169,5068.900000010004,0.0,0,8,8,384,2688,7309,0.0,0.0,15640.935494830004,16491.53549483001,387.44213977659797,62875.82236594341,0.0,5192.99937216877,25.73442380174305,163.73912074464428,1.0,0.0,26.000000000000004,5b073b8326870880ca0e70552657d4ad4070853782331d635e60f5e5bff2cc81
101,uniform,24,zone,8,384,384,10283.990000040001,5216.90000004,10387.400000040001,10444.40000004,0.03696786491311794,0.9980362712217548,0.8871433521971154,20.400000040000002,4787.341750677097,81751.70000022001,8,8,8,384,2688,8061,0.9973958333333334,212.4483028726371,15627.114163132583,16689.360832226994,555.5296855092878,57957.76773193662,0.0,4801.089862276328,25.983398877847385,150.9316868019183,1.0,211.89505208390628,26.000000000000004,5b073b8326870880ca0e70552657d4ad4070853782331d635e60f5e5bff2cc81
101,uniform,24,zone,16,384,384,10283.990000040001,5216.90000004,10387.400000040001,10454.00000004,0.03696786491311794,0.9980362712217548,0.8871433521971154,20.400000040000002,4513.006661921194,161362.40000008,16,8,8,384,2688,8086,0.9973958333333334,420.30913838141,15604.87791188198,16719.12458097639,500.2033486457642,56862.56540899668,0.0,4596.582724713046,26.023094574149777,148.0795974192622,1.0,419.2145833335417,26.000000000000004,5b073b8326870880ca0e70552657d4ad4070853782331d635e60f5e5bff2cc81
101,uniform,24,nonzone_fifo,0,384,384,10670.16000003,5415.40000003,10777.40000003,10790.40000003,0.035630114869906575,0.9619238476927134,0.8550434201713007,26.40000003,0.0,0.0,0,2,8,412,2772,13227,0.0,0.0,21886.207135623703,22062.00713562371,3611.129036435445,58202.463828280845,0.0,5189.018305609783,47.81277820073605,151.56891621948137,1.0,0.0,26.0,5b073b8326870880ca0e70552657d4ad4070853782331d635e60f5e5bff2cc81
101,uniform,24,nonzone_fifo,8,384,384,10290.99000003,5223.90000003,10394.40000003,10431.40000003,0.036942969291050155,0.9973642187862015,0.8865459722544013,27.40000003,0.0,81560.39999985,8,2,8,412,2821,14898,0.9973958333333334,211.9488250648825,21827.83279764663,22109.432797646637,5048.715920992024,52228.25128167135,0.0,4798.887906827045,50.60414715732641,136.01107104601914,1.0,211.39687499960937,26.0,5b073b8326870880ca0e70552657d4ad4070853782331d635e60f5e5bff2cc81
101,uniform,24,nonzone_fifo,16,384,384,10290.99000003,5223.90000003,10394.40000003,10430.00000003,0.036942969291050155,0.9973642187862015,0.8865459722544013,27.40000003,0.0,160533.59999879997,16,2,8,412,2871,15909,0.9973958333333334,418.1451697096606,21109.507880370693,21693.954549465114,5405.359410292677,50834.17937875103,0.0,4597.825673146056,49.63740142157191,132.38067546549746,1.0,417.056249996875,26.0,5b073b8326870880ca0e70552657d4ad4070853782331d635e60f5e5bff2cc81
101,hotspot,2,zone,0,384,384,10152.939663769925,3886.499359243986,10418.577461026698,10478.3774610267,0.036857239045968444,0.1842685086973586,0.07370740347894345,8115.577461026698,57488.96697721508,0.0,0,8,4,384,2688,15287,0.0,0.0,18187.96367218213,21435.340683469847,2152.6958014564325,429.7050804439524,0.0,3847.346845973275,33.03348962372145,1.1190236469894594,1.0,0.0,4.0,c2374d88fadb5c8c74795826ab6fb40167ad57a3b92d42b505bf26bfbf6b86a9
101,hotspot,2,zone,8,384,384,10159.028072422836,3859.418577280486,10424.66586967961,10484.46586967961,0.036835712990751404,0.1841608990734904,0.07366435962939616,8505.66586967961,57788.59400774914,757.355136609533,4,8,2,384,2688,15834,0.23958333333333334,4.058208006625359,18198.41286552061,21429.592510212227,2336.498999852481,6.579487403476612,0.0,3820.2291218923747,33.200042304743874,0.01713408177988701,0.9999999999999999,0.9722790015873257,4.000000000000001,c2374d88fadb5c8c74795826ab6fb40167ad57a3b92d42b505bf26bfbf6b86a9
101,hotspot,2,zone,16,384,384,10159.028072422836,3859.418577280486,10424.66586967961,10484.46586967961,0.036835712990751404,0.1841608990734904,0.07366435962939616,8505.66586967961,57788.59400774914,757.355136609533,4,8,2,384,2688,15834,0.23958333333333334,4.058208006625359,18198.41286552061,21429.592510212227,2336.498999852481,6.579487403476612,0.0,3820.2291218923747,33.200042304743874,0.01713408177988701,0.9999999999999999,0.9722790015873257,4.000000000000001,c2374d88fadb5c8c74795826ab6fb40167ad57a3b92d42b505bf26bfbf6b86a9
101,hotspot,2,nonzone_fifo,0,384,384,8185.815268630669,4032.8646979017763,8319.219268708976,8363.019268758979,0.04615817754008921,0.23076314914209237,0.09230525965683695,6016.2192687089755,0.0,0.0,0,4,3,413,2759,63836,0.0,0.0,20819.160394621693,23310.917954381475,41246.21138548735,269.2202549379838,0.0,3925.8450545275214,101.31854896035394,0.7010944139009994,1.000000000000001,0.0,4.0,c2374d88fadb5c8c74795826ab6fb40167ad57a3b92d42b505bf26bfbf6b86a9
101,hotspot,2,nonzone_fifo,8,384,384,8504.369138763708,4223.696104368881,8602.659138830315,8638.659138870318,0.04463736082099513,0.22316086318838382,0.08926434527535353,6683.659138830315,0.0,526.7324550920407,2,5,2,412,2760,70166,0.18489583333333334,2.0103162689019825,20565.96115286377,23858.910274646274,43199.72075062509,2.6954451650108453,0.0,4117.311984955344,101.00540092328346,0.007019388450549076,1.0,0.37169910180218946,4.0,c2374d88fadb5c8c74795826ab6fb40167ad57a3b92d42b505bf26bfbf6b86a9
101,hotspot,2,nonzone_fifo,16,384,384,8504.369138763708,4223.696104368881,8602.659138830315,8638.659138870318,0.04463736082099513,0.22316086318838382,0.08926434527535353,6683.659138830315,0.0,526.7324550920407,2,5,2,412,2760,70166,0.18489583333333334,2.0103162689019825,20565.96115286377,23858.910274646274,43199.72075062509,2.6954451650108453,0.0,4117.311984955344,101.00540092328346,0.007019388450549076,1.0,0.37169910180218946,4.0,c2374d88fadb5c8c74795826ab6fb40167ad57a3b92d42b505bf26bfbf6b86a9
101,hotspot,8,zone,0,384,384,10589.446705963817,4176.338941048211,10855.08450322059,10908.884503220592,0.03537512765433297,0.3890905601137223,0.2829749528099798,6248.084503220591,58601.20835597567,0.0,0,8,6,384,2688,14009,0.0,0.0,18192.543610585286,21386.72396719971,1660.4913476774614,3296.9869176899424,0.0,4124.232527010218,32.52051060650848,8.585903431484224,1.0,0.0,10.0,c2374d88fadb5c8c74795826ab6fb40167ad57a3b92d42b505bf26bfbf6b86a9
101,hotspot,8,zone,8,384,384,10175.092686595266,3907.3242862270076,10440.73048385204,10494.53048385204,0.03677903577665437,0.4045306481078347,0.2942041077147889,6217.7304838520395,56956.217643187556,10972.370096901064,8,6,6,384,2688,13399,0.4322916666666667,63.785362029524535,17813.300807360552,20511.016252910915,1680.4608511534968,2493.949123564241,0.0,3830.6333225024628,31.622424087916485,6.494659175948543,1.0,27.573880460679877,9.999999999999998,c2374d88fadb5c8c74795826ab6fb40167ad57a3b92d42b505bf26bfbf6b86a9
101,hotspot,8,zone,16,384,384,10219.335595171942,3935.976612184795,10484.973392428716,10538.773392428717,0.03662384115130798,0.40282383350790246,0.2929627880057472,6261.973392428715,57647.162603368124,19829.928088068576,16,6,6,384,2688,13614,0.4270833333333333,118.5727322443206,17916.17972568284,20748.00482991058,1642.1938780151502,1955.8167184658105,0.0,3837.3472339331274,31.895667817984595,5.093272704338048,1.0,50.64043772934526,10.000000000000002,c2374d88fadb5c8c74795826ab6fb40167ad57a3b92d42b505bf26bfbf6b86a9
101,hotspot,8,nonzone_fifo,0,384,384,8175.537402297705,4018.9816195510316,8295.357402374308,8326.35740240431,0.046290953044421095,0.5091391070967057,0.37028298697942236,3688.3574023743076,0.0,0.0,0,4,4,413,2761,60588,0.0,0.0,20807.457849346207,22808.540116153854,39817.74655933132,1810.9400879172535,0.0,3902.704453037073,100.5611767016738,4.715989812284515,0.9999999999999994,0.0,10.0,c2374d88fadb5c8c74795826ab6fb40167ad57a3b92d42b505bf26bfbf6b86a9
101,hotspot,8,nonzone_fifo,8,384,384,8670.348435327294,4324.02770536091,8821.9704354373,8837.9704354373,0.043527690645787716,0.47875032914474935,0.3481820575598177,4598.9704354373025,0.0,1683.9632884164807,3,4,2,412,2757,70884,0.4166666666666667,8.124770552603005,20690.78914712709,24056.34670688686,44490.41677628152,4.599999979999552,0.0,4207.053918144347,102.57648698636343,0.011979166614582168,1.0,3.3853210635845854,9.999999999999995,c2374d88fadb5c8c74795826ab6fb40167ad57a3b92d42b505bf26bfbf6b86a9
101,hotspot,8,nonzone_fifo,16,384,384,8670.348435327294,4324.02770536091,8821.9704354373,8837.9704354373,0.043527690645787716,0.47875032914474935,0.3481820575598177,4598.9704354373025,0.0,1683.9632884164807,3,4,2,412,2757,70884,0.4166666666666667,8.124770552603005,20690.78914712709,24056.34670688686,44490.41677628152,4.599999979999552,0.0,4207.053918144347,102.57648698636343,0.011979166614582168,1.0,3.3853210635845854,9.999999999999995,c2374d88fadb5c8c74795826ab6fb40167ad57a3b92d42b505bf26bfbf6b86a9
101,hotspot,24,zone,0,384,384,12195.227487384496,5699.822306176435,12376.578612010939,12420.77861201094,0.031026345166776905,0.8376436397615858,0.7445721242325207,1625.5786120109392,58519.72939183373,0.0,0,8,8,384,2688,8805,0.0,0.0,16573.628204081284,17672.428204081287,733.3335649635411,20211.637735208762,0.0,5592.80927929164,27.378553616020653,52.63447326877282,0.9999999999999988,0.0,26.0,c2374d88fadb5c8c74795826ab6fb40167ad57a3b92d42b505bf26bfbf6b86a9
101,hotspot,24,zone,8,384,384,11323.862574974397,5416.20873736218,11505.21369960084,11549.41369960084,0.033376172753168634,0.901078345204007,0.8009585290702285,1138.2136996008385,54166.64485858018,39889.590629827275,8,7,8,384,2688,11055,0.8489583333333334,121.18279334302873,17137.34810369549,18978.249862161178,1196.2433168298649,15827.871559235204,0.0,5215.634799441194,29.47638013696817,41.218415518841674,1.0,102.87914226517543,26.000000000000004,c2374d88fadb5c8c74795826ab6fb40167ad57a3b92d42b505bf26bfbf6b86a9
101,hotspot,24,zone,16,384,384,11220.437055085476,5354.200997792751,11401.788179711919,11445.98817971192,0.03367892772146748,0.9092513021023195,0.8082233796465063,1034.788179711919,54594.79173916682,84241.07332928048,16,7,8,384,2688,11692,0.8671875,251.82304303087267,17172.60493546492,19131.711960738405,1329.258973170289,14281.04276461971,0.0,5041.855622613969,29.777364517583585,37.190215532863824,1.0,218.3777951283349,26.0,c2374d88fadb5c8c74795826ab6fb40167ad57a3b92d42b505bf26bfbf6b86a9
101,hotspot,24,nonzone_fifo,0,384,384,10682.36000004,5427.60000004,10789.60000004,10816.60000004,0.035589827240914994,0.9608362834283142,0.8540766963807237,38.600000040000005,0.0,0.0,0,2,7,412,2771,18504,0.0,0.0,21184.37317660571,21339.97317660572,9893.257996814302,52774.968826989985,0.0,5207.158720486821,56.006464899559504,137.43481465361975,1.0,0.0,26.0,c2374d88fadb5c8c74795826ab6fb40167ad57a3b92d42b505bf26bfbf6b86a9
101,hotspot,24,nonzone_fifo,8,384,384,10303.19000004,5236.10000004,10406.60000004,10445.20000004,0.0368996598311191,0.9961950882009447,0.8855067450675064,39.600000040000005,0.0,81351.65735782289,8,2,8,419,2840,21847,0.9973958333333334,211.40380511180908,20749.421729041533,21155.621729041544,11788.612340312979,46426.39435815023,0.0,4819.125737058834,58.21891997081923,120.90206864101623,1.0,210.85327436933042,26.0,c2374d88fadb5c8c74795826ab6fb40167ad57a3b92d42b505bf26bfbf6b86a9
101,hotspot,24,nonzone_fifo,16,384,384,10303.19000004,5236.10000004,10406.60000004,10446.60000004,0.0368996598311191,0.9961950882009447,0.8855067450675064,39.600000040000005,0.0,157535.4783461832,16,3,7,420,2892,27285,0.9973958333333334,410.3171758385985,20785.17019107776,21604.616860172173,15415.848679778126,40910.527294815205,0.0,4628.654175770421,64.65935124614583,106.53783149691459,1.0,409.2486415265188,26.0,c2374d88fadb5c8c74795826ab6fb40167ad57a3b92d42b505bf26bfbf6b86a9
202,uniform,2,zone,0,384,384,4736.379176505886,1718.848865317487,5000.227010531491,5031.027010531491,0.07679651327654088,0.3839057887108303,0.1535623154843321,2697.227010531491,12973.036898602206,0.0,0,8,4,384,2688,17871,0.0,0.0,17468.396162824873,20638.69845891009,3178.707940024482,1423.7281312190605,0.0,1677.1626431703169,32.97859680545369,3.7076253417163034,1.0,0.0,4.0,30e66a31a4f434367f39926fc66bce12f182e2490a706e0a619154d3117a327f
202,uniform,2,zone,8,384,384,4690.379722117775,1663.9065908202367,4954.22755614338,4985.02755614338,0.07750956040035531,0.38746959211179455,0.1549878368447178,3035.22755614338,13487.283846096956,1038.819353351059,4,8,2,384,2688,19043,0.4609375,3.6995443691585264,17496.222739546705,20645.322402228026,3701.5369686484214,14.085744527720081,0.0,1623.5963550322874,33.56829542888985,0.03668162637427105,0.9999999999999999,1.7052587326850497,4.0,30e66a31a4f434367f39926fc66bce12f182e2490a706e0a619154d3117a327f
202,uniform,2,zone,16,384,384,4690.379722117775,1663.9065908202367,4954.22755614338,4985.02755614338,0.07750956040035531,0.38746959211179455,0.1549878368447178,3035.22755614338,13487.283846096956,1038.819353351059,4,8,2,384,2688,19043,0.4609375,3.6995443691585264,17496.222739546705,20645.322402228026,3701.5369686484214,14.085744527720081,0.0,1623.5963550322874,33.56829542888985,0.03668162637427105,0.9999999999999999,1.7052587326850497,4.0,30e66a31a4f434367f39926fc66bce12f182e2490a706e0a619154d3117a327f
202,uniform,2,nonzone_fifo,0,384,384,5127.435131826999,2555.1037746201646,5199.746131870199,5245.946131900198,0.07384975925005136,0.369177797053817,0.14767111882152678,2896.7461318702008,0.0,0.0,0,4,4,412,2761,33200,0.0,0.0,21482.925947127325,23715.71402965017,15566.242311265765,561.1915957174948,0.0,2482.8271474133285,65.81519075965473,1.461436447180976,1.0,0.0,3.999999999999996,30e66a31a4f434367f39926fc66bce12f182e2490a706e0a619154d3117a327f
202,uniform,2,nonzone_fifo,8,384,384,5174.707266562948,2563.168735163276,5288.137741071588,5322.1377410915875,0.07261535512162856,0.3630081298678762,0.14520325194715045,3369.1377410715886,0.0,719.3840273779878,2,5,2,412,2762,36461,0.2890625,3.0214777241260165,20961.51710953257,24133.327640449563,16225.54760810621,8.127900627047715,0.0,2492.8232555634736,64.45091728728914,0.02116640788293676,0.9999999999999999,0.8733959046301767,3.999999999999998,30e66a31a4f434367f39926fc66bce12f182e2490a706e0a619154d3117a327f
202,uniform,2,nonzone_fifo,16,384,384,5174.707266562948,2563.168735163276,5288.137741071588,5322.1377410915875,0.07261535512162856,0.3630081298678762,0.14520325194715045,3369.1377410715886,0.0,719.3840273779878,2,5,2,412,2762,36461,0.2890625,3.0214777241260165,20961.51710953257,24133.327640449563,16225.54760810621,8.127900627047715,0.0,2492.8232555634736,64.45091728728914,0.02116640788293676,0.9999999999999999,0.8733959046301767,3.999999999999998,30e66a31a4f434367f39926fc66bce12f182e2490a706e0a619154d3117a327f
202,uniform,8,zone,0,384,384,5643.8853738683365,2371.239368667301,5907.733207893942,5938.533207893942,0.06499954999438656,0.7148740434509424,0.519908395237049,1300.733207893942,11125.911317894015,0.0,0,8,7,384,2688,14491,0.0,0.0,17437.111342784887,20643.98521174536,1984.459436418633,11659.449675658465,0.0,2298.0719450860624,31.804273384210916,30.363150197027252,1.0,0.0,9.999999999999998,30e66a31a4f434367f39926fc66bce12f182e2490a706e0a619154d3117a327f
202,uniform,8,zone,8,384,384,5133.536811961114,2165.7025643828706,5397.384645986719,5428.184645986719,0.07114556867565983,0.7824562859077144,0.5690591170237923,1174.3846459867195,10312.098680249486,31038.006899354863,8,6,6,384,2688,11848,0.9453125,84.44629999822284,16641.29928043343,18292.01086059191,1585.0722566571812,11152.11610256277,0.0,2016.8215105046918,29.010941894018295,29.041969017090544,1.0,79.82814296707002,10.0,30e66a31a4f434367f39926fc66bce12f182e2490a706e0a619154d3117a327f
202,uniform,8,zone,16,384,384,5151.741366656106,2166.0283174365395,5415.589200681711,5446.389200681711,0.07090641216871883,0.7798265372364557,0.5671465725356041,1192.5892006817112,10613.046091911,61707.94378332108,16,6,6,384,2688,11531,0.9505208333333334,168.0108048858112,16488.645907132486,18037.78591441571,1564.2502666001067,11270.648614163616,0.0,1937.4379751526344,28.541924582121915,29.350647432717746,1.0,159.69777026906536,10.0,30e66a31a4f434367f39926fc66bce12f182e2490a706e0a619154d3117a327f
202,uniform,8,nonzone_fifo,0,384,384,5355.705476583855,2678.201983735689,5433.045056245089,5463.045056255089,0.07067859662945476,0.7773214900280516,0.5653247200204012,826.0450562450892,0.0,0.0,0,3,5,412,2766,28563,0.0,0.0,21970.0067238357,23096.40216895071,13911.776894348695,4540.0830683163695,0.0,2589.2372289191912,66.14162182609016,11.823132990407212,1.0,0.0,9.999999999999998,30e66a31a4f434367f39926fc66bce12f182e2490a706e0a619154d3117a327f
202,uniform,8,nonzone_fifo,8,384,384,5199.221896277426,2591.850886992615,5264.551896347426,5304.7518963774255,0.07294068090893381,0.8021951132852906,0.5834146278438477,1041.551896347426,0.0,4553.511986533616,7,5,2,412,2758,36981,0.7317708333333334,14.838120948518213,20781.38640930757,23951.485360066083,16419.776450999456,9.500000000000192,0.0,2505.76325013158,64.20479314610381,0.024739583333333832,0.9999999999999999,10.858104131597964,10.0,30e66a31a4f434367f39926fc66bce12f182e2490a706e0a619154d3117a327f
202,uniform,8,nonzone_fifo,16,384,384,5199.221896277426,2591.850886992615,5264.551896347426,5304.7518963774255,0.07294068090893381,0.8021951132852906,0.5834146278438477,1041.551896347426,0.0,4553.511986533616,7,5,2,412,2758,36981,0.7317708333333334,14.838120948518213,20781.38640930757,23951.485360066083,16419.776450999456,9.500000000000192,0.0,2505.76325013158,64.20479314610381,0.024739583333333832,0.9999999999999999,10.858104131597964,10.0,30e66a31a4f434367f39926fc66bce12f182e2490a706e0a619154d3117a327f
202,uniform,24,zone,0,384,384,11071.367000010001,5416.0768216113975,11316.442640697118,11373.442640697118,0.033932925053587755,0.9161080227362535,0.8143182424322253,565.4426406971181,9283.759744885396,0.0,0,8,8,384,2688,7420,0.0,0.0,16134.300026832403,17100.897393428502,358.8227810011136,61813.06120627194,0.0,5201.579403738376,26.525904315021435,160.97151355799986,1.0,0.0,26.0,30e66a31a4f434367f39926fc66bce12f182e2490a706e0a619154d3117a327f
202,uniform,24,zone,8,384,384,10504.531911074066,5219.0757525134395,10749.607551761183,10806.607551761183,0.03572223433748394,0.9644106112218278,0.8572538766416248,382.60755176118283,8811.373054986705,80161.1701776819,8,8,8,384,2688,7952,0.9817708333333334,211.61053097528347,16094.043238250664,17174.64060484677,482.45556957071125,57549.29118473529,0.0,4807.704885494298,26.74987388784783,149.86794579358147,1.0,207.75304733771318,26.0,30e66a31a4f434367f39926fc66bce12f182e2490a706e0a619154d3117a327f
202,uniform,24,zone,16,384,384,10281.79000001,5217.052409767281,10717.7751156086,10774.7751156086,0.03582833152010905,0.9672747014630614,0.8597997346338324,350.77511560859995,9727.19264198475,158823.7778009756,16,8,8,384,2688,8410,0.9895833333333334,416.94678368677785,16187.46446054119,17346.66182713729,611.0577063127967,56089.988749433964,0.0,4604.240900910429,27.14024179849318,146.06767903498428,1.0,412.6035880233739,26.0,30e66a31a4f434367f39926fc66bce12f182e2490a706e0a619154d3117a327f
202,uniform,24,nonzone_fifo,0,384,384,10676.56000003,5421.80000003,10783.80000003,10792.973320083069,0.0356089690089701,0.9613530153522698,0.854536013646462,32.80000003,0.0,0.0,0,2,8,412,2771,13183,0.0,0.0,22622.609600145854,22837.409600145824,3658.9882584869897,57404.148781713324,0.0,5195.771373199858,49.53865604442934,149.4899707857118,1.0,0.0,26.0,30e66a31a4f434367f39926fc66bce12f182e2490a706e0a619154d3117a327f
202,uniform,24,nonzone_fifo,8,384,384,10297.39000003,5230.30000003,10400.80000003,10420.773320083068,0.03692023690474698,0.9967505623997863,0.8860004999109212,33.80000003,0.0,81757.60526665779,8,1,7,412,2824,15243,0.9973958333333334,212.46372132286632,22449.681991436057,22832.050756604116,4509.640826375548,52034.02837741954,0.0,4804.9119322975685,50.97235511764698,135.50528223286338,1.0,211.91043038192134,26.0,30e66a31a4f434367f39926fc66bce12f182e2490a706e0a619154d3117a327f
202,uniform,24,nonzone_fifo,16,384,384,10297.39000003,5230.30000003,10400.80000003,10420.773320083068,0.03692023690474698,0.9967505623997863,0.8860004999109212,33.80000003,0.0,161277.64213353238,16,1,8,412,2870,15299,0.9973958333333334,420.087838468753,22181.430235771848,22712.31513598338,4793.646438493227,50460.18154632955,0.0,4602.3328425841255,50.56657494623424,131.40672277689987,1.0,418.9938597227406,26.0,30e66a31a4f434367f39926fc66bce12f182e2490a706e0a619154d3117a327f
202,hotspot,2,zone,0,384,384,9435.596735597865,3713.624724628275,9611.013836129154,9626.187156182223,0.03995416160535426,0.19975002457686866,0.07990000983074746,7308.013836129154,50751.565991438314,0.0,0,8,3,384,2688,15564,0.0,0.0,18520.62978874279,21885.853468978876,2109.316047229716,456.9819012040966,0.0,3674.0071787794077,33.42748881448182,1.1900570343856682,1.0,0.0,3.9999999999999996,60ab4867ad536746d1ff5c0ee6590229c165996f93be5c2072c7e15866c067c2
202,hotspot,2,zone,8,384,384,9363.07588548101,3683.3590041494035,9517.55234918195,9532.725669235018,0.040346507790209894,0.20171134533551313,0.08068453813420526,7598.5523491819495,50289.93674174092,658.5191232012228,3,8,2,384,2688,16015,0.203125,3.5194759383490095,18522.22877081878,21864.083685886784,2301.8473000715226,6.506590573010683,0.0,3643.9883566628,33.638809690316506,0.016944246283881987,1.0,0.7148935500031842,4.0,60ab4867ad536746d1ff5c0ee6590229c165996f93be5c2072c7e15866c067c2
202,hotspot,2,zone,16,384,384,9363.07588548101,3683.3590041494035,9517.55234918195,9532.725669235018,0.040346507790209894,0.20171134533551313,0.08068453813420526,7598.5523491819495,50289.93674174092,658.5191232012228,3,8,2,384,2688,16015,0.203125,3.5194759383490095,18522.22877081878,21864.083685886784,2301.8473000715226,6.506590573010683,0.0,3643.9883566628,33.638809690316506,0.016944246283881987,1.0,0.7148935500031842,4.0,60ab4867ad536746d1ff5c0ee6590229c165996f93be5c2072c7e15866c067c2
202,hotspot,2,nonzone_fifo,0,384,384,8078.000511173311,4105.773912381673,8221.007191180242,8258.007191200244,0.046709605170029214,0.23351962061764997,0.09340784824705999,5918.007191180243,0.0,0.0,0,4,2,412,2755,60207,0.0,0.0,21192.11675680323,23955.611824469463,39562.48955556788,238.92683592376767,0.0,4002.4589444496346,97.69276263015325,0.6222053018848117,1.0,0.0,4.0,60ab4867ad536746d1ff5c0ee6590229c165996f93be5c2072c7e15866c067c2
202,hotspot,2,nonzone_fifo,8,384,384,8244.414155955306,4203.695162252014,8374.978156007013,8411.978156027015,0.04585086585862594,0.22922695883859615,0.09169078353543846,6455.978156007013,0.0,518.7619347969292,2,5,2,416,2770,62962,0.15625,2.2460322466154854,21273.999768977075,24466.54467690719,40492.51636086581,3.3466400461372814,0.0,4099.235915484128,99.09958902089818,0.008715208453482504,1.0,0.3509425385336696,4.0,60ab4867ad536746d1ff5c0ee6590229c165996f93be5c2072c7e15866c067c2
202,hotspot,2,nonzone_fifo,16,384,384,8244.414155955306,4203.695162252014,8374.978156007013,8411.978156027015,0.04585086585862594,0.22922695883859615,0.09169078353543846,6455.978156007013,0.0,518.7619347969292,2,5,2,416,2770,62962,0.15625,2.2460322466154854,21273.999768977075,24466.54467690719,40492.51636086581,3.3466400461372814,0.0,4099.235915484128,99.09958902089818,0.008715208453482504,1.0,0.3509425385336696,4.0,60ab4867ad536746d1ff5c0ee6590229c165996f93be5c2072c7e15866c067c2
202,hotspot,8,zone,0,384,384,9934.37550981407,4098.383341687995,10105.81261036536,10120.985930418428,0.03799793394210949,0.4179359173700266,0.30395339445092845,5498.812610365359,51097.94950633448,0.0,0,8,6,384,2688,14549,0.0,0.0,18529.117393436412,21876.772308504416,1779.5159225743657,4361.517652542362,0.0,4042.984186188917,33.0410366122492,11.358118886829068,1.0,0.0,10.0,60ab4867ad536746d1ff5c0ee6590229c165996f93be5c2072c7e15866c067c2
202,hotspot,8,zone,8,384,384,9569.75314005509,3876.7705957313487,9722.229603736028,9737.402923789097,0.039497112869298794,0.4344235580302435,0.3159444058401771,5499.2296037360275,50009.159672181486,10135.01984021671,8,7,6,384,2688,14407,0.4583333333333333,55.40352181941313,18338.628944976015,21388.423503864942,1807.4664734271998,2847.7847970011644,0.0,3800.3347493156543,32.62645933960613,7.416106242190533,1.0,25.393280833897684,10.000000000000002,60ab4867ad536746d1ff5c0ee6590229c165996f93be5c2072c7e15866c067c2
202,hotspot,8,zone,16,384,384,9607.249552199479,3839.928548520397,9785.663903593708,9800.837223646777,0.0392410779465846,0.43160775128375745,0.31389654638818726,5562.663903593708,50856.85469479978,19109.2312391286,16,5,6,384,2688,14645,0.4713541666666667,103.45431623822438,18249.80441233982,21231.134060164684,1953.929101198065,2519.418363363092,0.0,3741.070848705323,32.53309147525171,6.560985321258053,1.0,48.76362301856409,10.0,60ab4867ad536746d1ff5c0ee6590229c165996f93be5c2072c7e15866c067c2
202,hotspot,8,nonzone_fifo,0,384,384,7909.904533731792,3991.0793636023795,8002.970678152645,8046.170678182644,0.04798218254732381,0.5277380652492495,0.3838095019994542,3395.9706781526447,0.0,0.0,0,4,4,413,2756,53650,0.0,0.0,21689.420880306385,23806.84211914225,36485.31153862381,1908.0135149229097,0.0,3878.009160064295,97.1014183429729,4.968785195111744,1.0,0.0,10.0,60ab4867ad536746d1ff5c0ee6590229c165996f93be5c2072c7e15866c067c2
202,hotspot,8,nonzone_fifo,8,384,384,8238.900445545229,4177.813132890283,8359.24298119111,8390.242981211111,0.045937174079522185,0.5052484729813671,0.36745343489553967,4136.24298119111,0.0,1919.1412357459214,4,6,2,413,2767,62645,0.4296875,9.303886277248008,21124.021747153034,24852.389989557338,39937.527179984594,3.9999998900000264,0.0,4066.1185751847092,96.68637740443815,0.010416666380208403,1.0,3.9977636347550036,10.0,60ab4867ad536746d1ff5c0ee6590229c165996f93be5c2072c7e15866c067c2
202,hotspot,8,nonzone_fifo,16,384,384,8238.900445545229,4177.813132890283,8359.24298119111,8390.242981211111,0.045937174079522185,0.5052484729813671,0.36745343489553967,4136.24298119111,0.0,1919.1412357459214,4,6,2,413,2767,62645,0.4296875,9.303886277248008,21124.021747153034,24852.389989557338,39937.527179984594,3.9999998900000264,0.0,4066.1185751847092,96.68637740443815,0.010416666380208403,1.0,3.9977636347550036,10.0,60ab4867ad536746d1ff5c0ee6590229c165996f93be5c2072c7e15866c067c2
202,hotspot,24,zone,0,384,384,11756.978422122602,5648.031333602588,11898.359917872785,11927.333237925854,0.032273355542320185,0.8713073704432883,0.7744954403940341,1147.3599178727854,51233.37980845849,0.0,0,8,8,384,2688,9394,0.0,0.0,17110.16010552076,18526.960105520768,847.0488810372784,22757.646072792486,0.0,5533.524364368018,28.24226592000711,59.26470331456376,1.0,0.0,26.0,60ab4867ad536746d1ff5c0ee6590229c165996f93be5c2072c7e15866c067c2
202,hotspot,24,zone,8,384,384,10889.984946279987,5377.434041847476,11089.130440848134,11116.530440848133,0.03462850419591876,0.9348853068320712,0.8310091616285077,722.1304408481346,47780.02336324886,43168.31942253993,8,7,8,384,2688,11217,0.875,127.33428399565454,17516.562122097737,19467.093691403694,1162.1660167397392,18382.738474728674,0.0,5161.2707980387995,29.874030534538768,47.87171477793925,1.0,111.41749849619772,25.999999999999996,60ab4867ad536746d1ff5c0ee6590229c165996f93be5c2072c7e15866c067c2
202,hotspot,24,zone,16,384,384,10911.114908207632,5383.093833118048,11078.69559492681,11129.69559492681,0.03466112022933841,0.9357657808529791,0.8317918052026482,711.6955949268113,49142.50509642191,81576.36353768926,16,7,8,384,2688,11754,0.9010416666666666,234.66001022453565,17605.078432446262,19767.80736834832,1261.0349189523763,16552.117375691727,0.0,5071.143304350409,30.40760972237519,43.10447233253054,1.0,211.43844671273266,25.999999999999996,60ab4867ad536746d1ff5c0ee6590229c165996f93be5c2072c7e15866c067c2
202,hotspot,24,nonzone_fifo,0,384,384,10684.36000005,5429.60000005,10791.600000049999,10806.773320103068,0.03558323140203685,0.9606582287819402,0.8539184255839468,40.600000050000006,0.0,0.0,0,2,7,413,2776,19975,0.0,0.0,21812.51596030718,22217.515960307162,9911.57346761625,51815.08389252965,0.0,5210.880430140047,56.784455606490376,134.93511430346263,1.0,0.0,25.999999999999996,60ab4867ad536746d1ff5c0ee6590229c165996f93be5c2072c7e15866c067c2
202,hotspot,24,nonzone_fifo,8,384,384,10305.190000049999,5238.10000005,10408.600000049999,10442.973320103069,0.036892569605725595,0.9960036888977676,0.8853366123535711,41.600000050000006,0.0,81403.0078998417,8,2,7,418,2841,19786,0.9973958333333334,211.5378796340514,21840.601390155072,22293.601390155058,9663.462016699496,47397.65910731702,0.0,4820.565475347284,56.116121038240394,123.43140392530474,1.0,210.98699973917107,25.999999999999996,60ab4867ad536746d1ff5c0ee6590229c165996f93be5c2072c7e15866c067c2
202,hotspot,24,nonzone_fifo,16,384,384,10305.190000049999,5238.10000005,10408.600000049999,10444.973320103069,0.036892569605725595,0.9960036888977676,0.8853366123535711,41.600000050000006,0.0,159972.64476477637,16,2,8,418,2886,22619,0.9973958333333334,416.6805346338806,21558.994139089573,22092.191505685656,12306.509473271535,43547.55235627233,0.0,4620.8485242431725,61.25096247076324,113.40508426112586,1.0,415.5954290749382,25.999999999999996,60ab4867ad536746d1ff5c0ee6590229c165996f93be5c2072c7e15866c067c2
303,uniform,2,zone,0,384,384,4197.720813614498,1709.0048171797298,4387.766133684166,4464.366133684166,0.08751605903789962,0.4374805905613952,0.1749922362245581,2084.7661336841657,8507.03347608658,0.0,0,8,4,384,2688,18556,0.0,0.0,16763.313121346768,19815.63606067177,3542.493115532764,1406.6451876996953,0.0,1668.4185634054763,31.923115264618836,3.6631385096346234,1.0,0.0,4.0,f747aa6930b2af5d61a1e4bef0152b31476cb33badbd1755d04c859095ce619d
303,uniform,2,zone,8,384,384,4137.34334425864,1629.0153444243103,4323.788664348307,4400.388664348307,0.08881100114033383,0.44395232900688353,0.1775809316027534,2404.788664348307,9047.063857850102,1063.2435206372256,4,8,2,384,2688,19713,0.4609375,3.8375340148995796,16797.302358742865,19805.40972977825,3897.6448081244916,17.176937115599927,0.0,1589.5409332589327,32.66081622331301,0.04473160707187481,1.0,1.7688633349927751,4.0,f747aa6930b2af5d61a1e4bef0152b31476cb33badbd1755d04c859095ce619d
303,uniform,2,zone,16,384,384,4137.34334425864,1629.0153444243103,4323.788664348307,4400.388664348307,0.08881100114033383,0.44395232900688353,0.1775809316027534,2404.788664348307,9047.063857850102,1063.2435206372256,4,8,2,384,2688,19713,0.4609375,3.8375340148995796,16797.302358742865,19805.40972977825,3897.6448081244916,17.176937115599927,0.0,1589.5409332589327,32.66081622331301,0.04473160707187481,1.0,1.7688633349927751,4.0,f747aa6930b2af5d61a1e4bef0152b31476cb33badbd1755d04c859095ce619d
303,uniform,2,nonzone_fifo,0,384,384,5057.118673021522,2474.143008618226,5091.24245207342,5117.44245207342,0.07542363256411314,0.37704410543496986,0.15081764217398794,2788.24245207342,0.0,0.0,0,3,4,412,2758,35258,0.0,0.0,20253.841730447482,22359.42890904385,16073.997676766334,651.6636534671834,0.0,2403.7655347503865,63.68043310360191,1.6970407642374568,1.0,0.0,4.000000000000001,f747aa6930b2af5d61a1e4bef0152b31476cb33badbd1755d04c859095ce619d
303,uniform,2,nonzone_fifo,8,384,384,5205.330523529536,2564.7341976621456,5245.430523574434,5270.830523604433,0.07320657442209871,0.36596310412815475,0.1463852416512619,3326.430523574434,0.0,760.4368640420149,4,5,2,412,2757,39011,0.3098958333333333,3.1633349919497054,19946.208740823975,23000.795033194256,17326.3614075624,18.08774781881914,0.0,2496.4445606008308,62.2622292179272,0.047103509944841505,1.0,0.9803043334427473,3.9999999999999996,f747aa6930b2af5d61a1e4bef0152b31476cb33badbd1755d04c859095ce619d
303,uniform,2,nonzone_fifo,16,384,384,5205.330523529536,2564.7341976621456,5245.430523574434,5270.830523604433,0.07320657442209871,0.36596310412815475,0.1463852416512619,3326.430523574434,0.0,760.4368640420149,4,5,2,412,2757,39011,0.3098958333333333,3.1633349919497054,19946.208740823975,23000.795033194256,17326.3614075624,18.08774781881914,0.0,2496.4445606008308,62.2622292179272,0.047103509944841505,1.0,0.9803043334427473,3.9999999999999996,f747aa6930b2af5d61a1e4bef0152b31476cb33badbd1755d04c859095ce619d
303,uniform,8,zone,0,384,384,5107.585511795753,2377.6179972052078,5252.18704743843,5322.787047438431,0.07311239994532992,0.8040833044503366,0.584787857782063,645.1870474384305,6737.204650572647,0.0,0,8,7,384,2688,15505,0.0,0.0,16746.829231695272,19737.978850967207,2325.6963033865004,11327.645250150497,0.0,2306.1745200388086,30.944400994132042,29.49907617226692,1.0,0.0,10.0,f747aa6930b2af5d61a1e4bef0152b31476cb33badbd1755d04c859095ce619d
303,uniform,8,zone,8,384,384,4682.734911734056,2164.6735695808056,4845.664911794055,4871.2649117940555,0.07924609047261341,0.8715271381194852,0.6338379186323528,622.6649117940551,7039.100002509954,27467.135472125818,8,7,7,384,2688,13637,0.9088541666666666,77.602107369988,16133.499542457765,18076.43636087111,2198.9813397666544,9639.015695757273,0.0,2028.9248635313722,29.11810404973764,25.101603374367894,1.0,70.52899862532763,10.0,f747aa6930b2af5d61a1e4bef0152b31476cb33badbd1755d04c859095ce619d
303,uniform,8,zone,16,384,384,4647.366463479607,2159.7307442084507,4885.4853179016045,4911.085317901605,0.07860017480616117,0.8644249854850491,0.6286727167163993,662.485317901604,7439.477645268243,58252.37756502103,16,7,6,384,2688,13112,0.9375,160.74549323616958,15890.500359247078,17496.478082457605,2130.5280186902705,10205.287957309922,0.0,1943.1352605914258,28.320312985954956,26.57627072216125,1.0,150.69889990890897,10.0,f747aa6930b2af5d61a1e4bef0152b31476cb33badbd1755d04c859095ce619d
303,uniform,8,nonzone_fifo,0,384,384,5308.131401947307,2610.991058123793,5354.091401947307,5369.291401947306,0.07172085255405568,0.7887820548616592,0.5736596762630249,747.0914019473067,0.0,0.0,0,3,5,412,2763,29482,0.0,0.0,20864.16773215154,21763.763177266548,14093.883610615194,5209.354402583069,0.0,2522.408951415904,64.01607961782871,13.566027090060075,1.0,0.0,10.0,f747aa6930b2af5d61a1e4bef0152b31476cb33badbd1755d04c859095ce619d
303,uniform,8,nonzone_fifo,8,384,384,5289.471061474685,2618.773230794559,5331.601061474685,5366.601061514683,0.07202339326824805,0.792108757303493,0.5760790962207222,1108.6010614746847,0.0,6907.776967485913,8,5,2,412,2771,41021,0.765625,22.189717576482664,19878.42851795593,23114.147440161516,17764.211665037794,11.329822038133905,0.0,2527.4397451830214,63.31497834715189,0.02950474489097371,1.0,16.98900251949454,10.0,f747aa6930b2af5d61a1e4bef0152b31476cb33badbd1755d04c859095ce619d
303,uniform,8,nonzone_fifo,16,384,384,5230.420334734717,2606.050114341359,5283.123654817785,5309.323654817785,0.07268427261773872,0.7993756913975281,0.5813641391982023,1060.1236548177849,0.0,5777.5911575424825,9,4,2,413,2763,38924,0.7630208333333334,18.40816094724398,19953.764762594565,22974.483684800154,17551.13720628897,11.555107021680207,0.0,2516.9033167835937,64.07089582712969,0.03009142453562554,0.9999999999999977,14.045810306100226,10.0,f747aa6930b2af5d61a1e4bef0152b31476cb33badbd1755d04c859095ce619d
303,uniform,24,zone,0,384,384,10695.620356239078,5405.24733270947,10854.660356249082,10880.260356249082,0.035376509941089894,0.9550777806005731,0.8489580272005094,103.6603562490823,7214.126030713953,0.0,0,8,8,384,2688,7924,0.0,0.0,15324.695070406091,16351.66839045916,546.5997856510775,60793.05256485136,0.0,5194.70227250994,25.229819145230373,158.3152410543004,1.0,0.0,26.0,f747aa6930b2af5d61a1e4bef0152b31476cb33badbd1755d04c859095ce619d
303,uniform,24,zone,8,384,384,10277.854911104067,5210.764911104067,10381.264911104066,10452.064911104066,0.036989712071528374,0.9986260309069162,0.8876675830283699,14.264911104067352,6503.637773727797,81564.03103156641,8,8,8,384,2688,7973,0.9973958333333334,211.95830556544752,15294.609096289036,16138.69399650058,573.5394650291128,56932.81161469514,0.0,4798.718100554889,25.37794949120534,148.26253024660193,1.0,211.40633081137082,25.999999999999996,f747aa6930b2af5d61a1e4bef0152b31476cb33badbd1755d04c859095ce619d
303,uniform,24,zone,16,384,384,10277.854911104067,5210.764911104067,10381.264911104066,10433.864911104067,0.036989712071528374,0.9986260309069162,0.8876675830283699,14.264911104067352,6636.526679866921,161143.78419920668,16,8,8,384,2688,8176,0.9973958333333334,419.73833994570913,15297.882763488482,16239.448895252664,549.4658841294365,55218.76608650965,0.0,4595.787669482773,25.53310025224209,143.7988700169522,0.9999999999999988,418.6452713521005,25.999999999999996,f747aa6930b2af5d61a1e4bef0152b31476cb33badbd1755d04c859095ce619d
303,uniform,24,nonzone_fifo,0,384,384,10680.160000140017,5425.2369792088575,10787.400000140016,10813.600000140017,0.03559708548816358,0.9610322197791553,0.8542508620259159,36.40000014001583,0.0,0.0,0,2,8,412,2771,13440,0.0,0.0,21472.727154252265,21578.23292983735,3527.1462159155026,58851.36749551342,0.0,5198.093391556817,46.88481813247489,153.2587695195662,1.0,0.0,26.0,f747aa6930b2af5d61a1e4bef0152b31476cb33badbd1755d04c859095ce619d
303,uniform,24,nonzone_fifo,8,384,384,10300.79000002,5233.7000000200005,10404.20000002,10430.20000002,0.03690817169981948,0.9964248644889162,0.8857109906568145,37.20000002,0.0,81867.93508887594,8,2,8,412,2821,14245,0.9973958333333334,212.7517887438014,21084.28408694388,21493.45477359305,3553.3815873052226,54400.50501258008,0.0,4806.966117371671,45.868153217454314,141.66798180359393,1.0,212.19774762728107,26.0,f747aa6930b2af5d61a1e4bef0152b31476cb33badbd1755d04c859095ce619d
303,uniform,24,nonzone_fifo,16,384,384,10300.79000002,5233.7000000200005,10404.20000002,10431.5973666161,0.03690817169981948,0.9964248644889162,0.8857109906568145,37.20000002,0.0,161348.53508764599,16,2,8,413,2872,14440,0.9973958333333334,420.2729375656552,20627.26452104901,21104.23520769819,3638.2897364895525,53201.81906289451,0.0,4603.89315654938,45.08196287025393,138.54640380962113,1.0,419.17847679074464,26.0,f747aa6930b2af5d61a1e4bef0152b31476cb33badbd1755d04c859095ce619d
303,hotspot,2,zone,0,384,384,9186.12859137086,3548.8068425102565,9389.637591370858,9433.437591370857,0.040896147083770165,0.20445896046124765,0.08178358418449906,7086.637591370858,49960.49225801963,0.0,0,8,6,384,2688,15274,0.0,0.0,17590.69158028757,20740.578573438826,2050.1668010034955,612.9709987465847,0.0,3510.3593543159514,31.851209551736133,1.5962786425692308,1.0,0.0,3.999999999999999,c815af12e880f435c2d3d1cdd8370b75c3eec66afadc85b6d387c2111d48d352
303,hotspot,2,zone,8,384,384,9187.801831842375,3539.7531827074035,9391.310831842373,9435.110831842372,0.0408888606580885,0.20442253609098002,0.081769014436392,7472.310831842373,50176.82255661524,710.1992134844761,5,7,3,384,2688,16276,0.2421875,3.507518424564258,17586.256491351636,20723.143484502893,2476.6213255637517,6.0992880871915816,0.0,3501.6188237871334,32.26899823909389,0.01588356272706141,1.0,0.8494771184491562,4.0,c815af12e880f435c2d3d1cdd8370b75c3eec66afadc85b6d387c2111d48d352
303,hotspot,2,zone,16,384,384,9187.801831842375,3539.7531827074035,9391.310831842373,9435.110831842372,0.0408888606580885,0.20442253609098002,0.081769014436392,7472.310831842373,50176.82255661524,710.1992134844761,5,7,3,384,2688,16276,0.2421875,3.507518424564258,17586.256491351636,20723.143484502893,2476.6213255637517,6.0992880871915816,0.0,3501.6188237871334,32.26899823909389,0.01588356272706141,1.0,0.8494771184491562,4.0,c815af12e880f435c2d3d1cdd8370b75c3eec66afadc85b6d387c2111d48d352
303,hotspot,2,nonzone_fifo,0,384,384,7577.433926327334,3845.259708853604,7648.213926357333,7666.213926357333,0.05020780063128939,0.2510061842281789,0.10040247369127155,5345.213926357334,0.0,0.0,0,4,3,412,2762,58617,0.0,0.0,20166.743388002138,22613.795935021903,36548.34928666976,287.7661890669974,0.0,3746.883379729172,92.62693800707002,0.7493911173619724,1.0,0.0,4.0,c815af12e880f435c2d3d1cdd8370b75c3eec66afadc85b6d387c2111d48d352
303,hotspot,2,nonzone_fifo,8,384,384,7587.852485984604,3824.251922599304,7672.182486056102,7696.182486076102,0.05005094713243661,0.25022212145860884,0.10008884858344354,5753.182486056102,0.0,518.6194796801789,2,5,2,412,2756,59149,0.17708333333333334,1.9796982305908664,19912.050084844723,22820.73006401037,36837.505777865415,3.6026333238990986,0.0,3727.9438479112023,90.94812126882053,0.009381857614320569,1.0,0.35057156166713255,4.0,c815af12e880f435c2d3d1cdd8370b75c3eec66afadc85b6d387c2111d48d352
303,hotspot,2,nonzone_fifo,16,384,384,7587.852485984604,3824.251922599304,7672.182486056102,7696.182486076102,0.05005094713243661,0.25022212145860884,0.10008884858344354,5753.182486056102,0.0,518.6194796801789,2,5,2,412,2756,59149,0.17708333333333334,1.9796982305908664,19912.050084844723,22820.73006401037,36837.505777865415,3.6026333238990986,0.0,3727.9438479112023,90.94812126882053,0.009381857614320569,1.0,0.35057156166713255,4.0,c815af12e880f435c2d3d1cdd8370b75c3eec66afadc85b6d387c2111d48d352
303,hotspot,8,zone,0,384,384,9731.486720046678,3980.201456865244,9941.95591338516,9959.95591338516,0.03862419058638241,0.4248233660891196,0.3089624480648142,5334.95591338516,50580.11404592003,0.0,0,8,7,384,2688,14394,0.0,0.0,17494.42323789429,20646.29287530197,1860.5762549981187,4705.961150919963,0.0,3925.44063759904,31.505712102350035,12.25510716385407,1.0,0.0,10.0,c815af12e880f435c2d3d1cdd8370b75c3eec66afadc85b6d387c2111d48d352
303,hotspot,8,zone,8,384,384,9424.876407578331,3778.2436924856365,9635.345600916813,9653.345600916813,0.0398532669096438,0.43834044304078545,0.3187930494842076,5412.345600916813,49976.32285797908,11825.175834427711,8,7,6,384,2688,13494,0.4557291666666667,65.37814762530127,17213.827314669295,19918.640653293456,1662.1590851078233,3787.1978576345746,0.0,3697.0656333656952,30.520835963528828,9.86249442092337,1.0,29.794728735488857,10.000000000000002,c815af12e880f435c2d3d1cdd8370b75c3eec66afadc85b6d387c2111d48d352
303,hotspot,8,zone,16,384,384,9349.823261715494,3766.2013280050337,9560.292455053976,9578.292455053976,0.040166135273090035,0.44178127798687383,0.32129547489954463,5337.292455053976,49669.220980775855,22295.671641826793,16,6,6,384,2688,13719,0.4609375,123.79475503851299,17190.90631075646,19938.448047517097,1804.2945742561642,3333.2316844531047,0.0,3658.8072117127144,30.652180546798707,8.68029084492996,1.0,57.06164490059062,10.0,c815af12e880f435c2d3d1cdd8370b75c3eec66afadc85b6d387c2111d48d352
303,hotspot,8,nonzone_fifo,0,384,384,7476.34714409551,3772.047160910151,7558.107144185508,7576.107144185508,0.050806371578816956,0.5587961540205334,0.4063972029240243,2951.1071441855083,0.0,0.0,0,4,3,412,2757,54714,0.0,0.0,20360.205238894378,22391.956994080778,34348.19894282854,1931.1012165547502,0.0,3663.7990893620527,92.21916212998728,5.028909418111328,1.0,0.0,10.0,c815af12e880f435c2d3d1cdd8370b75c3eec66afadc85b6d387c2111d48d352
303,hotspot,8,nonzone_fifo,8,384,384,7841.962247003587,3959.8522157660955,7915.052247068486,7933.052247068486,0.048515156693024086,0.5335993078575566,0.3880722238964048,3692.0522470684864,0.0,1849.8676415458535,3,5,2,413,2756,62995,0.4661458333333333,8.189204701373484,19919.908248267446,23303.08752665211,38291.55887689053,1.9999999800002115,0.0,3852.2521553985725,92.77748838438232,0.0052083332812505505,1.0,3.817363649858994,10.0,c815af12e880f435c2d3d1cdd8370b75c3eec66afadc85b6d387c2111d48d352
303,hotspot,8,nonzone_fifo,16,384,384,7841.962247003587,3959.8522157660955,7915.052247068486,7933.052247068486,0.048515156693024086,0.5335993078575566,0.3880722238964048,3692.0522470684864,0.0,1849.8676415458535,3,5,2,413,2756,62995,0.4661458333333333,8.189204701373484,19919.908248267446,23303.08752665211,38291.55887689053,1.9999999800002115,0.0,3852.2521553985725,92.77748838438232,0.0052083332812505505,1.0,3.817363649858994,10.0,c815af12e880f435c2d3d1cdd8370b75c3eec66afadc85b6d387c2111d48d352
303,hotspot,24,zone,0,384,384,11662.989245452756,5712.579566418603,11817.754245452756,11850.154245452755,0.03249348328154275,0.8772498170853387,0.7797776151869678,1066.754245452757,50033.28442462867,0.0,0,8,8,384,2688,9083,0.0,0.0,16011.961759575657,17137.36175957566,917.9025351741208,24591.985244243417,0.0,5595.074983789811,26.462954388573824,64.04162824021724,1.0,0.0,25.999999999999996,c815af12e880f435c2d3d1cdd8370b75c3eec66afadc85b6d387c2111d48d352
303,hotspot,24,zone,8,384,384,10972.156328098858,5335.3899658036635,11126.921328098857,11159.321328098857,0.034510893775287446,0.931710397144883,0.8281870196843405,759.9213280988567,47787.85210364472,45084.983667312874,8,8,8,384,2688,10952,0.890625,130.7046306061779,16497.607851630128,18287.712243499715,1239.3864809948843,19835.119796651517,0.0,5112.065023971952,28.262172394304038,51.653957803779996,1.0,116.4088116336272,26.0,c815af12e880f435c2d3d1cdd8370b75c3eec66afadc85b6d387c2111d48d352
303,hotspot,24,zone,16,384,384,10879.655571494253,5326.863388535425,11034.420571494253,11066.820571494252,0.034800196123755296,0.9395201508478729,0.835129022975887,667.4205714942516,48201.21177436049,94327.76831087553,16,7,8,384,2688,11431,0.890625,274.68938102595206,16646.19117563613,18730.62610155666,1172.9591818798906,18307.86751415726,0.0,4978.668877759794,28.87254248127478,47.67673831811787,1.0,244.64522997623854,26.000000000000004,c815af12e880f435c2d3d1cdd8370b75c3eec66afadc85b6d387c2111d48d352
303,hotspot,24,nonzone_fifo,0,384,384,10674.16000003,5419.40000003,10781.40000003,10804.600000030001,0.03561689576482938,0.961566998068255,0.8547262205051156,30.40000003,0.0,0.0,0,2,8,412,2773,16189,0.0,0.0,20490.79055105794,20690.678084673378,7339.842078164381,55875.099826629725,0.0,5196.532277891705,50.35964967311296,145.50807246518156,1.0,0.0,26.0,c815af12e880f435c2d3d1cdd8370b75c3eec66afadc85b6d387c2111d48d352
303,hotspot,24,nonzone_fifo,8,384,384,10294.99000003,5227.90000003,10398.40000003,10434.40000003,0.036928758270396614,0.9969805950314529,0.8862049733612913,31.40000003,0.0,81594.39999961,8,2,7,421,2842,20974,0.9973958333333334,212.0375979102089,20501.50314914042,21047.87383578959,9961.718004318951,48280.34953385984,0.0,4808.9584157468835,54.72609070637197,125.73007691109333,1.0,211.48541666565106,26.0,c815af12e880f435c2d3d1cdd8370b75c3eec66afadc85b6d387c2111d48d352
303,hotspot,24,nonzone_fifo,16,384,384,10294.99000003,5227.90000003,10398.40000003,10440.80000003,0.036928758270396614,0.9969805950314529,0.8862049733612913,31.40000003,0.0,159868.3999974699,16,2,7,424,2904,20525,0.9973958333333334,416.40835508477807,20081.58132829222,20779.749381537495,8799.040682248682,48087.74867647827,0.0,4608.293635374098,52.05389415082851,125.22851217832883,1.0,415.3239583267448,26.0,c815af12e880f435c2d3d1cdd8370b75c3eec66afadc85b6d387c2111d48d352
404,uniform,2,zone,0,384,384,3709.9860954655182,1691.0910444621995,3895.977095475518,3965.7770954755183,0.09856320778834851,0.4926895778343591,0.19707583113374363,1592.9770954755181,4236.490891580008,0.0,0,8,4,384,2688,18427,0.0,0.0,17425.402939284293,20575.211745453165,3356.2176286646372,1194.4076440443312,0.0,1649.9694122435806,33.011195645586724,3.1104365730321124,1.0,0.0,4.0,c9b54c1a6762db10b986b65280a30224d16f716832af81bdcdf62bfd52b87ba6
404,uniform,2,zone,8,384,384,3658.2517672517174,1632.3012775049974,3875.288767273418,3945.0887672734184,0.09908938999407142,0.4953191352022332,0.19812765408089328,1956.2887672734187,4868.111909729969,1026.9500246801863,3,8,2,384,2688,19382,0.46875,3.5719445815565907,17472.573695332583,20587.845491084434,3739.456632013095,16.749465273707415,0.0,1592.0537841209937,33.529525962248805,0.04361839915027973,1.0,1.674349022604652,3.999999999999999,c9b54c1a6762db10b986b65280a30224d16f716832af81bdcdf62bfd52b87ba6
404,uniform,2,zone,16,384,384,3658.2517672517174,1632.3012775049974,3875.288767273418,3945.0887672734184,0.09908938999407142,0.4953191352022332,0.19812765408089328,1956.2887672734187,4868.111909729969,1026.9500246801863,3,8,2,384,2688,19382,0.46875,3.5719445815565907,17472.573695332583,20587.845491084434,3739.456632013095,16.749465273707415,0.0,1592.0537841209937,33.529525962248805,0.04361839915027973,1.0,1.674349022604652,3.999999999999999,c9b54c1a6762db10b986b65280a30224d16f716832af81bdcdf62bfd52b87ba6
404,uniform,2,nonzone_fifo,0,384,384,5313.549428266283,2660.148369868141,5372.941428286282,5413.941428316281,0.07146923247262685,0.35727966626020274,0.1429118665040811,3069.9414282862817,0.0,0.0,0,4,4,412,2762,34677,0.0,0.0,21179.788776221365,23444.96792327751,17293.350602392522,538.1083457852425,0.0,2584.5519972110123,69.19504883997948,1.401323817149069,1.0,0.0,4.0,c9b54c1a6762db10b986b65280a30224d16f716832af81bdcdf62bfd52b87ba6
404,uniform,2,nonzone_fifo,8,384,384,5375.346918675929,2668.4953429354628,5449.820918734229,5474.820918754229,0.070461030871669,0.35224052094631203,0.14089620837852482,3530.8209187342304,0.0,695.44247527681,2,5,2,412,2759,37222,0.3125,2.5953539606400833,20656.245255758324,23841.13650289208,17973.601024683623,8.029822178134552,0.0,2596.044754346826,66.61862948068138,0.02091099525555873,1.0,0.8110481127000261,3.9999999999999964,c9b54c1a6762db10b986b65280a30224d16f716832af81bdcdf62bfd52b87ba6
404,uniform,2,nonzone_fifo,16,384,384,5375.346918675929,2668.4953429354628,5449.820918734229,5474.820918754229,0.070461030871669,0.35224052094631203,0.14089620837852482,3530.8209187342304,0.0,695.44247527681,2,5,2,412,2759,37222,0.3125,2.5953539606400833,20656.245255758324,23841.13650289208,17973.601024683623,8.029822178134552,0.0,2596.044754346826,66.61862948068138,0.02091099525555873,1.0,0.8110481127000261,3.9999999999999964,c9b54c1a6762db10b986b65280a30224d16f716832af81bdcdf62bfd52b87ba6
404,uniform,8,zone,0,384,384,4796.074527697596,2348.792537788683,4874.886527689297,4931.186527709295,0.07877106427378046,0.8663039994906878,0.6300392723568639,267.88652768929694,3185.645540403713,0.0,0,7,6,384,2688,15516,0.0,0.0,17401.579722061506,20566.479581475804,2278.6045562125914,11301.553434122277,0.0,2276.1989462084275,32.16246284556243,29.431128734693434,1.0,0.0,10.0,c9b54c1a6762db10b986b65280a30224d16f716832af81bdcdf62bfd52b87ba6
404,uniform,8,zone,8,384,384,4298.9700002399995,2141.985416721328,4460.500000109997,4483.300000109997,0.08608900347282378,0.9467667824489204,0.6885576599628512,237.50000010999682,3538.0350886359183,31005.316208589687,8,7,6,384,2688,12113,0.9791666666666666,81.43967076752585,16448.821402495705,18119.74859121994,1720.327214812206,10498.08910642191,0.0,1995.2059328100167,28.69769923680191,27.33877371464039,1.0000000000000007,79.74301095986907,10.0,c9b54c1a6762db10b986b65280a30224d16f716832af81bdcdf62bfd52b87ba6
404,uniform,8,zone,16,384,384,4204.07000005,2140.069531300521,4353.30000006,4376.10000006,0.0882089449371069,0.9700755574815231,0.7055094963501986,130.30000005999935,3101.0108388268036,62423.22136945245,16,6,6,384,2688,11850,0.9869791666666666,163.69187696425445,16143.324527959214,17494.58225073439,1775.4014599413015,10673.470362301567,0.0,1911.900562174242,27.81300107483621,27.795495735160326,1.0000000000000007,161.5604723162824,10.0,c9b54c1a6762db10b986b65280a30224d16f716832af81bdcdf62bfd52b87ba6
404,uniform,8,nonzone_fifo,0,384,384,5482.32300450013,2754.2133476515546,5537.28300450013,5570.28300455013,0.06934808997263181,0.762691252246913,0.554684547088664,930.2830045001301,0.0,0.0,0,3,5,412,2763,29930,0.0,0.0,21502.060487244707,22770.88697518797,15290.125284963657,4455.651776149415,0.0,2664.7448386664564,66.86524915137576,11.603259833722435,1.0,0.0,10.0,c9b54c1a6762db10b986b65280a30224d16f716832af81bdcdf62bfd52b87ba6
404,uniform,8,nonzone_fifo,8,384,384,5360.263250006273,2702.375679118914,5442.15125011907,5473.351250159069,0.07056033218327006,0.7760210594749869,0.564378952345445,1219.1512501190707,0.0,4744.872738480011,6,5,2,412,2764,37067,0.7291666666666666,15.574545494571472,20576.227199342175,23665.42564605269,18084.524711283597,11.392099558303997,0.0,2613.5991526275207,66.39042014233505,0.029666925933083326,1.0,11.356439423125032,9.999999999999998,c9b54c1a6762db10b986b65280a30224d16f716832af81bdcdf62bfd52b87ba6
404,uniform,8,nonzone_fifo,16,384,384,5360.263250006273,2702.375679118914,5442.15125011907,5473.351250159069,0.07056033218327006,0.7760210594749869,0.564378952345445,1219.1512501190707,0.0,4744.872738480011,6,5,2,412,2764,37067,0.7291666666666666,15.574545494571472,20576.227199342175,23665.42564605269,18084.524711283597,11.392099558303997,0.0,2613.5991526275207,66.39042014233505,0.029666925933083326,1.0,11.356439423125032,9.999999999999998,c9b54c1a6762db10b986b65280a30224d16f716832af81bdcdf62bfd52b87ba6
404,uniform,24,zone,0,384,384,10657.560000020001,5403.031770853334,10832.900000020001,10871.900000020001,0.03544757174895836,0.9569960955870793,0.8506631960774038,81.90000002000055,4969.000000000001,0.0,0,8,8,384,2688,7210,0.0,0.0,15867.039483606808,16712.039483606808,355.91288996860845,62749.680082146624,0.0,5186.635553823878,25.985591815532295,163.4106252139235,1.0,0.0,26.000000000000004,c9b54c1a6762db10b986b65280a30224d16f716832af81bdcdf62bfd52b87ba6
404,uniform,24,zone,8,384,384,10277.59000002,5210.50000002,10381.00000002,10447.40000002,0.036990656006093844,0.9986515122307866,0.8876902330940326,14.00000002,4514.839643760905,81662.09999987,8,8,8,384,2688,7670,0.9973958333333334,212.2143603129765,16022.930939104372,16957.463394636405,489.510228076435,57950.186733686234,0.0,4794.497780644955,26.428556006409043,150.9119446189746,1.0,211.66171874966147,26.0,c9b54c1a6762db10b986b65280a30224d16f716832af81bdcdf62bfd52b87ba6
404,uniform,24,zone,16,384,384,10277.59000002,5210.50000002,10381.00000002,10447.40000002,0.036990656006093844,0.9986515122307866,0.8876902330940326,14.00000002,4414.372811245758,161193.1999993699,16,8,8,384,2688,7506,0.9973958333333334,419.8673629226371,15886.257472506506,16816.98729463464,360.15847289004546,56897.813876931585,0.0,4590.4447644182555,26.109886965542188,148.17139030450932,1.0,418.7739583316927,26.0,c9b54c1a6762db10b986b65280a30224d16f716832af81bdcdf62bfd52b87ba6
404,uniform,24,nonzone_fifo,0,384,384,10677.16000005,5422.348958383255,10784.40000005,10801.60000005,0.03560698787120467,0.9612995345515173,0.8544884751569043,33.40000005,0.0,0.0,0,2,8,413,2773,13140,0.0,0.0,22152.798043041068,22386.59804304108,3480.9237442415483,58062.67821313738,0.0,5195.960199117864,48.18386808534581,151.20489118004525,1.0,0.0,26.0,c9b54c1a6762db10b986b65280a30224d16f716832af81bdcdf62bfd52b87ba6
404,uniform,24,nonzone_fifo,8,384,384,10298.99000005,5231.846354216588,10402.40000005,10439.800000050001,0.036914558178704364,0.9965972662735423,0.8858642366875932,35.40000005000001,0.0,81519.20263336391,8,2,8,412,2818,14566,0.9947916666666666,212.39581841194737,21575.219057476526,22075.614502591547,4255.872976121599,53177.31252176686,0.0,4806.877557567788,48.19662176564745,138.4825846921012,1.0,211.28959019105181,26.0,c9b54c1a6762db10b986b65280a30224d16f716832af81bdcdf62bfd52b87ba6
404,uniform,24,nonzone_fifo,16,384,384,10298.99000005,5231.846354216588,10402.40000005,10439.800000050001,0.036914558178704364,0.9965972662735423,0.8858642366875932,35.40000005000001,0.0,160713.74298828762,16,2,8,412,2869,14588,0.9947916666666666,419.711369079287,21585.411427283187,22133.4114272832,4118.449557237208,51864.73901597959,0.0,4604.0964879577,48.16006937277562,135.0644245207802,1.0,417.5253723653324,26.0,c9b54c1a6762db10b986b65280a30224d16f716832af81bdcdf62bfd52b87ba6
404,hotspot,2,zone,0,384,384,9999.548495260344,3973.698310447908,10252.081495260345,10318.881495260344,0.03745580838169572,0.1872607762737038,0.07490431050948153,7949.081495260345,55844.58896908206,0.0,0,8,4,384,2688,15471,0.0,0.0,18386.50934141354,21748.835688771094,2183.800341475012,479.72696273458246,0.0,3934.1158897284045,33.333131754048964,1.249288965454642,1.0,0.0,4.0,85f90c9be9005ab65fd8f418aff6eeea281d7bcf69658bc529268452cfc85da2
404,hotspot,2,zone,8,384,384,9870.734768954973,3922.9907860453773,10123.267768954975,10190.067768954974,0.037932415576086294,0.18964334446857306,0.07585733778742923,8204.267768954975,55077.95182754949,631.9292610443009,4,8,2,384,2688,16190,0.1953125,3.3057234805906797,18364.26614125219,21740.66843092488,2409.1467034781085,4.086335345030882,0.0,3883.7315235075475,33.60297192223256,0.010641498294351256,1.0,0.6456491173028671,4.0,85f90c9be9005ab65fd8f418aff6eeea281d7bcf69658bc529268452cfc85da2
404,hotspot,2,zone,16,384,384,9870.734768954973,3922.9907860453773,10123.267768954975,10190.067768954974,0.037932415576086294,0.18964334446857306,0.07585733778742923,8204.267768954975,55077.95182754949,631.9292610443009,4,8,2,384,2688,16190,0.1953125,3.3057234805906797,18364.26614125219,21740.66843092488,2409.1467034781085,4.086335345030882,0.0,3883.7315235075475,33.60297192223256,0.010641498294351256,1.0,0.6456491173028671,4.0,85f90c9be9005ab65fd8f418aff6eeea281d7bcf69658bc529268452cfc85da2
404,hotspot,2,nonzone_fifo,0,384,384,8480.712929009958,4386.561683308006,8587.104929066563,8631.104929096566,0.04471821448229836,0.2235650374393695,0.0894260149757478,6284.104929066563,0.0,0.0,0,4,3,413,2757,61875,0.0,0.0,20895.231882658034,23678.61923555768,43052.95192362761,259.44159348028353,0.0,4280.2770934506525,100.60896070766523,0.6756291496882384,1.0,0.0,4.0,85f90c9be9005ab65fd8f418aff6eeea281d7bcf69658bc529268452cfc85da2
404,hotspot,2,nonzone_fifo,8,384,384,8750.977638330829,4530.765568670088,8836.917638375731,8886.717638435737,0.04345406574034576,0.21724574481923611,0.08689829792769445,6917.917638375731,0.0,510.6201918590344,3,5,2,412,2757,68008,0.1484375,2.2214068747199005,20900.384815733592,24225.7234440306,44917.017663255276,0.9999999299989213,0.0,4422.115747618522,103.31747680211535,0.002604166484372191,1.0000000000000002,0.3297400829662352,4.0,85f90c9be9005ab65fd8f418aff6eeea281d7bcf69658bc529268452cfc85da2
404,hotspot,2,nonzone_fifo,16,384,384,8750.977638330829,4530.765568670088,8836.917638375731,8886.717638435737,0.04345406574034576,0.21724574481923611,0.08689829792769445,6917.917638375731,0.0,510.6201918590344,3,5,2,412,2757,68008,0.1484375,2.2214068747199005,20900.384815733592,24225.7234440306,44917.017663255276,0.9999999299989213,0.0,4422.115747618522,103.31747680211535,0.002604166484372191,1.0000000000000002,0.3297400829662352,4.0,85f90c9be9005ab65fd8f418aff6eeea281d7bcf69658bc529268452cfc85da2
404,hotspot,8,zone,0,384,384,10263.059820594752,4305.8024074270625,10515.592820594753,10576.392820594752,0.03651719941532324,0.4016509978144344,0.29210981659231594,5908.592820594753,54752.50119882943,0.0,0,7,7,384,2688,14317,0.0,0.0,18373.336206913988,21743.078852330415,1775.594036293854,4046.9333884384987,0.0,4251.418241298361,32.845277096309694,10.538889032391923,1.0,0.0,10.0,85f90c9be9005ab65fd8f418aff6eeea281d7bcf69658bc529268452cfc85da2
404,hotspot,8,zone,8,384,384,10007.474093801986,4120.347460197422,10308.294093801986,10328.494093801986,0.0372515565141749,0.4097273743058214,0.2979835449496883,6085.294093801985,54845.864561811875,10273.10995673942,8,6,6,384,2688,13944,0.4583333333333333,56.188124754201255,18090.744642256584,21021.81972077534,1762.3173319791372,3039.1511358794864,0.0,4043.395077747674,32.28503585438653,7.914456083019496,0.9999999999999988,25.75289051234224,10.000000000000002,85f90c9be9005ab65fd8f418aff6eeea281d7bcf69658bc529268452cfc85da2
404,hotspot,8,zone,16,384,384,9981.991484237975,4086.2537580705493,10234.524484237976,10295.324484237975,0.03752006266548017,0.4126803669420827,0.30013117595787836,6011.524484237976,54507.14953843158,19945.260611059173,16,6,6,384,2688,14012,0.4401041666666667,115.7471042074507,18057.398439734483,21032.297587225974,1815.0754683114844,2718.3687251195965,0.0,3985.0614194697955,32.17247053778838,7.079085221665616,1.0,50.94078284129992,10.000000000000002,85f90c9be9005ab65fd8f418aff6eeea281d7bcf69658bc529268452cfc85da2
404,hotspot,8,nonzone_fifo,0,384,384,7948.905181564225,4210.174788567082,8011.880181572525,8041.980181652523,0.04792882460763795,0.527151274483558,0.38338274507895126,3404.8801815725246,0.0,0.0,0,3,4,412,2757,52914,0.0,0.0,20944.334217679127,22974.117207697458,37500.858688445616,1906.1655569471143,0.0,4097.103823668879,97.1069920936532,4.963972804549777,1.0,0.0,10.0,85f90c9be9005ab65fd8f418aff6eeea281d7bcf69658bc529268452cfc85da2
404,hotspot,8,nonzone_fifo,8,384,384,8486.323499876815,4503.757324842399,8598.88549994832,8633.085499988323,0.044656950020128525,0.491169330106242,0.3572140582590851,4375.885499948319,0.0,1601.7518848170125,3,4,2,413,2761,64926,0.4088541666666667,7.756381431891801,20772.276284140044,24193.2968334828,42801.981899315964,2.2052668077994895,0.0,4389.573670080349,100.00668301302655,0.005742882311977837,1.0,3.1712288667109703,10.0,85f90c9be9005ab65fd8f418aff6eeea281d7bcf69658bc529268452cfc85da2
404,hotspot,8,nonzone_fifo,16,384,384,8486.323499876815,4503.757324842399,8598.88549994832,8633.085499988323,0.044656950020128525,0.491169330106242,0.3572140582590851,4375.885499948319,0.0,1601.7518848170125,3,4,2,413,2761,64926,0.4088541666666667,7.756381431891801,20772.276284140044,24193.2968334828,42801.981899315964,2.2052668077994895,0.0,4389.573670080349,100.00668301302655,0.005742882311977837,1.0,3.1712288667109703,10.0,85f90c9be9005ab65fd8f418aff6eeea281d7bcf69658bc529268452cfc85da2
404,hotspot,24,zone,0,384,384,11772.15950402183,5793.727454340195,12067.999504021831,12088.199504021832,0.03181968973996283,0.8590604379878385,0.763609278211412,1316.999504021831,53567.70259681919,0.0,0,8,8,384,2688,9532,0.0,0.0,16966.563452155533,18357.558897270545,953.0811580220922,21739.35338006203,0.0,5681.8943080321715,28.220246880779854,56.61289942724488,1.0,0.0,26.0,85f90c9be9005ab65fd8f418aff6eeea281d7bcf69658bc529268452cfc85da2
404,hotspot,24,zone,8,384,384,11085.518588469706,5461.0612677575455,11390.073588486306,11410.273588486307,0.03371356620453863,0.9101863770311875,0.8090545573610556,1023.0735884863062,51349.541530767645,34492.33233227927,8,8,8,384,2688,11423,0.8463541666666666,104.94871486855155,17481.169877211396,19517.586543461864,1227.148495958531,17102.012137722217,0.0,5270.620694954367,30.080300745882578,44.53648994198493,1.0,88.82378211531055,26.0,85f90c9be9005ab65fd8f418aff6eeea281d7bcf69658bc529268452cfc85da2
404,hotspot,24,zone,16,384,384,10996.833104866226,5408.925258117179,11301.388104882826,11321.588104882827,0.033978126973100826,0.9173282587527538,0.8154028966691145,934.3881048828254,51926.63389594434,74563.78988666307,16,8,8,384,2688,12038,0.859375,224.7872420807974,17542.370744027077,19747.29514747384,1308.4368313302562,15502.338964323757,0.0,5117.903085354318,30.474962213415758,40.370674386259786,1.0,193.17653616318526,26.000000000000004,85f90c9be9005ab65fd8f418aff6eeea281d7bcf69658bc529268452cfc85da2
404,hotspot,24,nonzone_fifo,0,384,384,10669.760000010001,5415.00000001,10777.00000001,10797.200000010002,0.03563143732018592,0.9619595472249378,0.8550751530888336,26.00000001,0.0,0.0,0,2,8,412,2769,20121,0.0,0.0,21112.915503056396,21335.31550305641,11040.727312325165,51541.05718479843,0.0,5196.737755271028,57.04074165356021,134.2215030854126,1.0,0.0,26.000000000000004,85f90c9be9005ab65fd8f418aff6eeea281d7bcf69658bc529268452cfc85da2
404,hotspot,24,nonzone_fifo,8,384,384,10290.590000010001,5223.50000001,10394.00000001,10432.200000010002,0.03694439099476915,0.9974025974016378,0.8865800865792336,27.00000001,0.0,80117.90910455996,8,2,7,412,2818,24832,0.9973958333333334,208.18253029911222,21082.411755190107,21704.411755190114,14040.524143771901,43713.86410127799,0.0,4812.586490548672,62.434933404458405,113.83818776374478,1.0,207.64038829312494,26.000000000000004,85f90c9be9005ab65fd8f418aff6eeea281d7bcf69658bc529268452cfc85da2
404,hotspot,24,nonzone_fifo,16,384,384,10290.590000010001,5223.50000001,10394.00000001,10434.400000010002,0.03694439099476915,0.9974025974016378,0.8865800865792336,27.00000001,0.0,153110.71496724716,16,3,7,412,2868,29703,0.9973958333333334,398.7642688439873,20860.2931506318,21833.28404086184,16982.33771678792,39222.57824273027,0.0,4630.429038955865,66.2030099864858,102.14213084044341,1.0,397.72582022720604,26.000000000000004,85f90c9be9005ab65fd8f418aff6eeea281d7bcf69658bc529268452cfc85da2
505,uniform,2,zone,0,384,384,3714.0614566491286,1684.974280874837,3918.4786500042105,3935.8786500042106,0.09799721634302827,0.48986106863930423,0.1959444274557217,1615.4786500042107,5131.546601962893,0.0,0,8,4,384,2688,18406,0.0,0.0,16887.81577478915,19966.375579216172,3443.9125729312186,1109.517514115088,0.0,1644.9867641238443,32.09814822465128,2.889368526341375,0.9999999999999994,0.0,4.0,3089b45ae9ff48ca97fe5e5edee12922e010bff3f98b55c8cb432f43748d2296
505,uniform,2,zone,8,384,384,3640.4788895513943,1615.2637976596861,3848.3392272458304,3865.7392272458305,0.09978330321852114,0.49878690514209206,0.19951476205683683,1927.7392272158304,5439.971696578674,1127.0523201648193,4,8,2,384,2688,19409,0.4921875,3.931493757432907,16853.256453756676,19960.84749301562,3681.4914935551237,15.349671647868178,1.6000000300000465,1575.7400523425429,32.548740130131186,0.039973103249656715,0.9999999999999999,1.9350320837625503,4.0,3089b45ae9ff48ca97fe5e5edee12922e010bff3f98b55c8cb432f43748d2296
505,uniform,2,zone,16,384,384,3640.4788895513943,1615.2637976596861,3848.3392272458304,3865.7392272458305,0.09978330321852114,0.49878690514209206,0.19951476205683683,1927.7392272158304,5439.971696578674,1127.0523201648193,4,8,2,384,2688,19409,0.4921875,3.931493757432907,16853.256453756676,19960.84749301562,3681.4914935551237,15.349671647868178,1.6000000300000465,1575.7400523425429,32.548740130131186,0.039973103249656715,0.9999999999999999,1.9350320837625503,4.0,3089b45ae9ff48ca97fe5e5edee12922e010bff3f98b55c8cb432f43748d2296
505,uniform,2,nonzone_fifo,0,384,384,5088.363479973501,2614.2027946752555,5147.003479985201,5169.003479985201,0.07460651648929993,0.3729601208438809,0.14918404833755236,2844.003479985201,0.0,0.0,0,4,4,413,2762,33515,0.0,0.0,20921.097726797667,22672.68876605661,16079.72263051304,649.565745920261,0.0,2542.140559425205,65.37065778671663,1.6915774633340128,1.0,0.0,4.0,3089b45ae9ff48ca97fe5e5edee12922e010bff3f98b55c8cb432f43748d2296
505,uniform,2,nonzone_fifo,8,384,384,4986.828183573791,2539.632052261644,5022.97818360379,5044.97818360379,0.07644866968633637,0.3821672646322579,0.15286690585290316,3103.97818360379,0.0,754.3862532151475,3,5,2,413,2755,35141,0.3151041666666667,3.0610434150012193,20062.263742438416,23154.447401404796,15421.278594403215,12.499473212305546,0.0,2472.613761612286,61.021192403452886,0.032550711490379025,1.0,0.9645475344144467,4.0,3089b45ae9ff48ca97fe5e5edee12922e010bff3f98b55c8cb432f43748d2296
505,uniform,2,nonzone_fifo,16,384,384,4986.828183573791,2539.632052261644,5022.97818360379,5044.97818360379,0.07644866968633637,0.3821672646322579,0.15286690585290316,3103.97818360379,0.0,754.3862532151475,3,5,2,413,2755,35141,0.3151041666666667,3.0610434150012193,20062.263742438416,23154.447401404796,15421.278594403215,12.499473212305546,0.0,2472.613761612286,61.021192403452886,0.032550711490379025,1.0,0.9645475344144467,4.0,3089b45ae9ff48ca97fe5e5edee12922e010bff3f98b55c8cb432f43748d2296
505,uniform,8,zone,0,384,384,4877.578149260831,2345.8364003062147,5085.163807018335,5102.563807018335,0.07551379160490737,0.8304883916973641,0.603991557598083,478.16380701833583,5346.295580180831,0.0,0,7,6,384,2688,14806,0.0,0.0,16837.617076176255,19910.03879480115,2097.063150938633,11577.79774549311,0.0,2273.9087077864283,30.777177557564933,30.15051496222164,1.0,0.0,9.999999999999998,3089b45ae9ff48ca97fe5e5edee12922e010bff3f98b55c8cb432f43748d2296
505,uniform,8,zone,8,384,384,4432.249939812114,2146.0476416478336,4585.203651128506,4623.603651128506,0.08374764333651577,0.9210232081518273,0.6698350604740562,362.2036511285063,4475.360543635238,31654.611550655074,8,7,6,384,2688,12070,0.9635416666666666,84.5151663531218,16100.325567369502,17734.546036306012,1808.5965084424804,10869.78697449283,0.0,1997.0560080709743,28.251012417619947,28.306736912741748,1.0,81.43388424649756,9.999999999999998,3089b45ae9ff48ca97fe5e5edee12922e010bff3f98b55c8cb432f43748d2296
505,uniform,8,zone,16,384,384,4390.804060127507,2144.477809880603,4589.76125346599,4607.16125346599,0.08366448248479585,0.9201088374637021,0.6691700636099651,366.76125346599054,4825.674993478955,62524.41716541356,16,6,6,384,2688,11319,0.9713541666666666,166.59629266866907,15752.562630379949,17016.3020821972,1615.5733814476298,11525.636847284028,0.0,1914.6493264334676,26.98980112240229,30.014679289802157,1.0,161.82400303493114,9.999999999999998,3089b45ae9ff48ca97fe5e5edee12922e010bff3f98b55c8cb432f43748d2296
505,uniform,8,nonzone_fifo,0,384,384,5179.7984862429485,2672.5791122456985,5232.690486242948,5254.690486242948,0.07338481055005233,0.8070786782487469,0.5869663114536341,625.6904862429486,0.0,0.0,0,3,5,412,2762,27323,0.0,0.0,21298.63317911844,22116.01858810729,13081.122367225771,4901.875746411627,0.0,2584.855526423427,63.958284399324384,12.765301422946946,1.0,0.0,10.0,3089b45ae9ff48ca97fe5e5edee12922e010bff3f98b55c8cb432f43748d2296
505,uniform,8,nonzone_fifo,8,384,384,5001.653628643896,2565.157207539765,5049.673628708794,5061.273628708795,0.07604451856390353,0.8363240847696323,0.608235698014278,826.6736287087945,0.0,5656.168388305552,6,5,2,412,2757,35020,0.7864583333333334,17.457511219554803,20307.801767963883,23393.275727976736,15335.46186338085,7.399999950001643,0.0,2479.606761137209,60.80157039147388,0.01927083320312928,0.9999999999999994,13.729605177879037,10.0,3089b45ae9ff48ca97fe5e5edee12922e010bff3f98b55c8cb432f43748d2296
505,uniform,8,nonzone_fifo,16,384,384,5001.653628643896,2565.157207539765,5049.673628708794,5061.273628708795,0.07604451856390353,0.8363240847696323,0.608235698014278,826.6736287087945,0.0,5656.168388305552,6,5,2,412,2757,35020,0.7864583333333334,17.457511219554803,20307.801767963883,23393.275727976736,15335.46186338085,7.399999950001643,0.0,2479.606761137209,60.80157039147388,0.01927083320312928,0.9999999999999994,13.729605177879037,10.0,3089b45ae9ff48ca97fe5e5edee12922e010bff3f98b55c8cb432f43748d2296
505,uniform,24,zone,0,384,384,10667.16000006,5412.03854172526,10789.200000059998,10834.800000059999,0.03559114670205989,0.9608719022763572,0.8541083575789842,38.200000059998686,4703.399999979996,0.0,0,8,8,384,2688,7220,0.0,0.0,15592.587685575974,16454.987685575976,366.2490500476713,62851.36326487635,0.0,5195.6913117099775,25.671804846333544,163.67542516894883,1.0,0.0,26.0,3089b45ae9ff48ca97fe5e5edee12922e010bff3f98b55c8cb432f43748d2296
505,uniform,24,zone,8,384,384,10286.59000005,5219.50000005,10390.00000005,10422.40000005,0.036958614051795194,0.9977865460446647,0.8869213742619241,23.00000005,4411.053359873864,81746.60000016999,8,8,8,384,2688,7591,0.9973958333333334,212.4349869456136,15452.77251044049,16367.660044055929,376.27653285270185,58432.09891800951,0.0,4802.927470905759,25.523834044815366,152.16692426564978,1.0,211.88177083377605,26.0,3089b45ae9ff48ca97fe5e5edee12922e010bff3f98b55c8cb432f43748d2296
505,uniform,24,zone,16,384,384,10286.59000005,5219.50000005,10390.00000005,10422.40000005,0.036958614051795194,0.9977865460446647,0.8869213742619241,23.00000005,4497.706719697722,161372.50000005,16,8,8,384,2688,8155,0.9973958333333334,420.3355091385118,15587.093391129563,16559.81071788487,612.680895929847,56666.57955264806,0.0,4599.555365349355,26.134531698827097,147.569217585021,1.0,419.2408854167969,26.0,3089b45ae9ff48ca97fe5e5edee12922e010bff3f98b55c8cb432f43748d2296
505,uniform,24,nonzone_fifo,0,384,384,10678.060000029998,5422.894531266484,10785.300000029998,10807.300000029998,0.03560401657802119,0.9612193245108299,0.85441717734296,34.30000002999841,0.0,0.0,0,2,8,412,2771,13056,0.0,0.0,21854.12222818494,22144.322228184956,3785.0514404470878,58027.92633167795,0.0,5196.441450815897,48.33868896184177,151.11439148874467,1.0,0.0,26.0,3089b45ae9ff48ca97fe5e5edee12922e010bff3f98b55c8cb432f43748d2296
505,uniform,24,nonzone_fifo,8,384,384,10297.99,5230.9,10401.4,10437.8,0.036918107177879904,0.9966930708298085,0.8859493962931632,34.4,0.0,81786.59999944002,8,2,8,412,2825,13824,0.9973958333333334,212.53942558600522,21447.785409256143,21971.38277585225,3521.9464655239403,53952.47075865381,0.0,4804.436584377227,46.97625219023695,140.5012259339943,1.0,211.98593749854166,26.0,3089b45ae9ff48ca97fe5e5edee12922e010bff3f98b55c8cb432f43748d2296
505,uniform,24,nonzone_fifo,16,384,384,10297.99,5230.9,10401.4,10436.8,0.036918107177879904,0.9966930708298085,0.8859493962931632,34.4,0.0,161156.80910784996,16,1,8,415,2880,14977,0.9973958333333334,419.7723475400783,21080.677414056972,21583.850734110056,4466.886305395292,51831.06296049465,0.0,4602.308570859679,47.93551229567332,134.9767264596215,0.9999999999999999,418.67919038502595,26.0,3089b45ae9ff48ca97fe5e5edee12922e010bff3f98b55c8cb432f43748d2296
505,hotspot,2,zone,0,384,384,11095.196326939473,4215.109750610902,11371.993326939473,11425.793326939473,0.03376716719401605,0.16882099064034897,0.06752839625613959,9068.993326939473,65091.68896300673,0.0,0,8,4,384,2688,15110,0.0,0.0,18200.101526354145,21553.34733165217,1976.823015865338,475.5781951916033,0.0,4175.936715252715,32.934550474875316,1.238484883311467,1.0,0.0,4.0,f65b34327f03fdc706f132a184c3c2edefd44e62ac6fd06df2efa2198c9696b0
505,hotspot,2,zone,8,384,384,11033.410683977047,4162.091104555358,11310.207683977047,11364.007683977046,0.03395163119276805,0.16974314800353163,0.06789725920141265,9387.807683937048,64995.80446036323,609.6896441367542,3,8,2,384,2688,15350,0.19270833333333334,3.049860055902083,18190.42381759015,21560.065068003183,2047.6841544466397,2.834468920352549,3.400000040000009,4123.580851354832,32.915138322773196,0.007381429480084763,1.0,0.5877334482727973,4.0,f65b34327f03fdc706f132a184c3c2edefd44e62ac6fd06df2efa2198c9696b0
505,hotspot,2,zone,16,384,384,11033.410683977047,4162.091104555358,11310.207683977047,11364.007683977046,0.03395163119276805,0.16974314800353163,0.06789725920141265,9387.807683937048,64995.80446036323,609.6896441367542,3,8,2,384,2688,15350,0.19270833333333334,3.049860055902083,18190.42381759015,21560.065068003183,2047.6841544466397,2.834468920352549,3.400000040000009,4123.580851354832,32.915138322773196,0.007381429480084763,1.0,0.5877334482727973,4.0,f65b34327f03fdc706f132a184c3c2edefd44e62ac6fd06df2efa2198c9696b0
505,hotspot,2,nonzone_fifo,0,384,384,8330.625772907157,4326.29524075417,8427.763773013763,8455.763773013763,0.04556368810782197,0.22779141184941415,0.09111656473976566,6124.763773013763,0.0,0.0,0,4,3,412,2759,65544,0.0,0.0,20524.379587489293,23046.790615895712,42069.16032104328,308.53256694415757,0.0,4219.23247214098,101.25929838677285,0.803470226417077,1.0,0.0,4.0,f65b34327f03fdc706f132a184c3c2edefd44e62ac6fd06df2efa2198c9696b0
505,hotspot,2,nonzone_fifo,8,384,384,8883.22762070526,4553.299741868056,9048.777620815268,9076.777620815268,0.04243667112745365,0.2121599093864842,0.08486396375459368,7129.777620815268,0.0,496.7187616487861,1,4,2,413,2758,75135,0.1640625,1.789186692679146,20998.818244909286,24217.251878166684,46159.96908820545,2.9999999700003173,0.0,4441.57255514991,106.4258357764307,0.007812499921875826,1.0,0.29353844179371374,4.0,f65b34327f03fdc706f132a184c3c2edefd44e62ac6fd06df2efa2198c9696b0
505,hotspot,2,nonzone_fifo,16,384,384,8883.22762070526,4553.299741868056,9048.777620815268,9076.777620815268,0.04243667112745365,0.2121599093864842,0.08486396375459368,7129.777620815268,0.0,496.7187616487861,1,4,2,413,2758,75135,0.1640625,1.789186692679146,20998.818244909286,24217.251878166684,46159.96908820545,2.9999999700003173,0.0,4441.57255514991,106.4258357764307,0.007812499921875826,1.0,0.29353844179371374,4.0,f65b34327f03fdc706f132a184c3c2edefd44e62ac6fd06df2efa2198c9696b0
505,hotspot,8,zone,0,384,384,11556.065860947509,4536.03456965147,11832.862860947509,11880.662860947508,0.0324519944592049,0.3569417737583782,0.25959401727882053,7225.86286094751,65936.97598861104,0.0,0,7,7,384,2688,13785,0.0,0.0,18208.676115990493,21472.684667449845,1605.233570120992,3710.9995517888146,0.0,4483.02514663571,32.34536168297555,9.66406133278337,0.9999999999999997,0.0,9.999999999999998,f65b34327f03fdc706f132a184c3c2edefd44e62ac6fd06df2efa2198c9696b0
505,hotspot,8,zone,8,384,384,11205.981140972202,4352.897772149287,11482.778140972203,11530.578140972202,0.033441384592273256,0.36782319791859036,0.26750778030442934,7259.778140972203,64628.58927791391,9326.011674532694,8,7,6,384,2688,13585,0.3854166666666667,60.41899780089665,17966.279095525693,20965.902735631673,1626.6962049457927,2715.9191588632675,0.0,4279.67927274084,31.85930452981233,7.072706142873093,1.0,23.28648873576225,10.0,f65b34327f03fdc706f132a184c3c2edefd44e62ac6fd06df2efa2198c9696b0
505,hotspot,8,zone,16,384,384,11193.550071320136,4295.798582199754,11470.347071320137,11518.147071320136,0.03347762692901715,0.36822179415707423,0.2677976684778722,7247.347071320138,65123.246554500016,17562.996460618524,16,6,6,384,2688,13766,0.4348958333333333,102.86824227915288,18010.540135780455,21100.05804043143,1618.6546301407554,1992.2398589414063,0.0,4202.9072047856025,31.966282831962904,5.188124632659912,1.0,44.73696994952743,10.0,f65b34327f03fdc706f132a184c3c2edefd44e62ac6fd06df2efa2198c9696b0
505,hotspot,8,nonzone_fifo,0,384,384,7852.542118818805,4037.2744483339798,7956.310118852002,7987.5101189120005,0.04826357875243386,0.5308326478306711,0.3860601075132153,3349.3101188520022,0.0,0.0,0,4,5,412,2759,57303,0.0,0.0,20947.844455948005,22761.91339913328,36623.903822919376,2428.2637289633603,0.0,3923.4080727064497,96.54277216668805,6.323603460842085,1.0,0.0,10.0,f65b34327f03fdc706f132a184c3c2edefd44e62ac6fd06df2efa2198c9696b0
505,hotspot,8,nonzone_fifo,8,384,384,8538.609164859752,4456.932536624798,8735.825164967859,8768.62516499786,0.04395692367332455,0.48347081694355265,0.35161513959531104,4512.82516496786,0.0,1671.9747370811258,3,5,2,412,2756,73165,0.4375,7.666516292149558,20459.08353360799,24092.413312615336,43836.21468700447,1.5733200630672854,0.0,4342.220776427774,100.3535621315438,0.0040971876642377225,1.0,3.3541008778154318,9.999999999999996,f65b34327f03fdc706f132a184c3c2edefd44e62ac6fd06df2efa2198c9696b0
505,hotspot,8,nonzone_fifo,16,384,384,8538.609164859752,4456.932536624798,8735.825164967859,8768.62516499786,0.04395692367332455,0.48347081694355265,0.35161513959531104,4512.82516496786,0.0,1671.9747370811258,3,5,2,412,2756,73165,0.4375,7.666516292149558,20459.08353360799,24092.413312615336,43836.21468700447,1.5733200630672854,0.0,4342.220776427774,100.3535621315438,0.0040971876642377225,1.0,3.3541008778154318,9.999999999999996,f65b34327f03fdc706f132a184c3c2edefd44e62ac6fd06df2efa2198c9696b0
505,hotspot,24,zone,0,384,384,12548.363269298385,5834.661543264537,12803.760269298386,12846.160269298385,0.029991189457114247,0.8096988761952117,0.7197323343957438,2052.760269298386,62123.820210337566,0.0,0,8,8,384,2688,8794,0.0,0.0,16782.47389137994,17966.47125797604,664.640227410721,19623.115369736326,0.0,5728.846517172977,27.713163149538673,51.10186294202168,1.0,0.0,26.0,f65b34327f03fdc706f132a184c3c2edefd44e62ac6fd06df2efa2198c9696b0
505,hotspot,24,zone,8,384,384,12038.995279710334,5580.161983402994,12294.392279710335,12336.792279710335,0.031233752044313924,0.8432427176080516,0.7495490823182681,1927.392279710336,60720.91404502194,34183.93129050065,8,8,8,384,2688,11566,0.7552083333333334,116.55148720862306,17397.26636196743,19578.899151973495,1259.5412562134943,14743.583784473782,0.0,5396.767325078151,29.97925448376493,38.394749438733804,1.0,88.02065440234554,25.999999999999996,f65b34327f03fdc706f132a184c3c2edefd44e62ac6fd06df2efa2198c9696b0
505,hotspot,24,zone,16,384,384,11773.679788373593,5482.251524118563,12029.076788373593,12071.476788373593,0.031922649323441486,0.8618398853463762,0.7660798980856678,1662.0767883735934,60215.64866704788,68672.27765548485,16,8,8,384,2688,11710,0.7916666666666666,224.6324922877794,17415.75272963174,19641.753093094045,1154.7502955519822,13169.262251294318,0.0,5212.934252816922,30.188261127736165,34.29495377941228,1.0,177.83405639449202,26.0,f65b34327f03fdc706f132a184c3c2edefd44e62ac6fd06df2efa2198c9696b0
505,hotspot,24,nonzone_fifo,0,384,384,10710.96000003,5456.2000000299995,10818.20000003,10846.20000003,0.035495738662525665,0.9582963620204129,0.8518189884625893,67.20000003,0.0,0.0,0,2,7,412,2771,18907,0.0,0.0,20874.72151526034,21141.716960375354,9291.288596174983,53799.19444368966,0.0,5235.11437960156,53.98355156466427,140.10206886377517,1.0,0.0,26.0,f65b34327f03fdc706f132a184c3c2edefd44e62ac6fd06df2efa2198c9696b0
505,hotspot,24,nonzone_fifo,8,384,384,10331.79000003,5264.7000000299995,10435.20000003,10481.20000004,0.03679852805877185,0.9934650543272644,0.8830800482909017,68.20000003,0.0,81607.99825188216,8,2,7,412,2817,20904,0.9973958333333334,212.07310248533207,20482.740446614695,21047.14044661471,9984.541737120398,48707.5178167849,0.0,4845.535906655045,53.80077027946693,126.84249431454401,1.0,211.5208287809432,26.0,f65b34327f03fdc706f132a184c3c2edefd44e62ac6fd06df2efa2198c9696b0
505,hotspot,24,nonzone_fifo,16,384,384,10331.79000003,5264.7000000299995,10435.20000003,10471.000000029999,0.03679852805877185,0.9934650543272644,0.8830800482909017,68.20000003,0.0,159773.563422308,16,3,8,423,2899,23533,0.9973958333333334,416.1607400060262,20146.893811824073,20801.440451930233,11962.391653897903,45234.514534598005,0.0,4647.813863790059,57.01093322716455,117.79821493384898,1.0,415.0769880789272,26.0,f65b34327f03fdc706f132a184c3c2edefd44e62ac6fd06df2efa2198c9696b0
