scenario,storage_rack_count,run_count,half_panel_length_m_mean,half_panel_length_m_std,half_panel_length_m_ci95,slots_per_half_mean,slots_per_half_std,slots_per_half_ci95,platter_slot_count_mean,platter_slot_count_std,platter_slot_count_ci95,reader_count_mean,reader_count_std,reader_count_ci95,shuttle_count_mean,shuttle_count_std,shuttle_count_ci95,physical_task_count_mean,physical_task_count_std,physical_task_count_ci95,logical_request_count_mean,logical_request_count_std,logical_request_count_ci95,total_bytes_mean,total_bytes_std,total_bytes_ci95,drive_makespan_s_mean,drive_makespan_s_std,drive_makespan_s_ci95,system_drain_s_mean,system_drain_s_std,system_drain_s_ci95,throughput_req_per_s_mean,throughput_req_per_s_std,throughput_req_per_s_ci95,throughput_mib_per_s_mean,throughput_mib_per_s_std,throughput_mib_per_s_ci95,latency_p95_s_mean,latency_p95_s_std,latency_p95_s_ci95,latency_p99_s_mean,latency_p99_s_std,latency_p99_s_ci95,avg_cycle_s_mean,avg_cycle_s_std,avg_cycle_s_ci95,avg_shuttle_movement_s_mean,avg_shuttle_movement_s_std,avg_shuttle_movement_s_ci95,avg_fixed_mechanical_s_mean,avg_fixed_mechanical_s_std,avg_fixed_mechanical_s_ci95,avg_reader_transfer_s_mean,avg_reader_transfer_s_std,avg_reader_transfer_s_ci95,avg_reader_service_s_mean,avg_reader_service_s_std,avg_reader_service_s_ci95,avg_reader_read_s_mean,avg_reader_read_s_std,avg_reader_read_s_ci95,avg_reader_load_unload_s_mean,avg_reader_load_unload_s_std,avg_reader_load_unload_s_ci95,avg_storage_handling_s_mean,avg_storage_handling_s_std,avg_storage_handling_s_ci95,movement_time_share_mean,movement_time_share_std,movement_time_share_ci95,reader_service_time_share_mean,reader_service_time_share_std,reader_service_time_share_ci95,reader_read_time_share_mean,reader_read_time_share_std,reader_read_time_share_ci95,reader_load_unload_time_share_mean,reader_load_unload_time_share_std,reader_load_unload_time_share_ci95,storage_handling_time_share_mean,storage_handling_time_share_std,storage_handling_time_share_ci95,reader_utilization_mean,reader_utilization_std,reader_utilization_ci95,shuttle_utilization_mean,shuttle_utilization_std,shuttle_utilization_ci95,horizontal_distance_m_per_task_mean,horizontal_distance_m_per_task_std,horizontal_distance_m_per_task_ci95,normalized_throughput_mean,normalized_throughput_std,normalized_throughput_ci95,throughput_loss_mean,throughput_loss_std,throughput_loss_ci95
fixed_footprint_control,1,10,2.0,0.0,0.0,100.0,0.0,0.0,1600.0,0.0,0.0,8.0,0.0,0.0,8.0,0.0,0.0,640.0,0.0,0.0,640.0,0.0,0.0,42949672960.0,0.0,0.0,1845.5932562135843,17.96011197989649,11.131792734077232,1855.1268039404915,17.881334815650742,11.082966141818586,0.34680501119584634,0.0033960995564543345,0.0021049243127803235,22.195520716534165,0.2173503716130774,0.1347151560179407,1716.9048732587053,11.515123741772245,7.137147638285453,1798.7615725594885,12.52051233675434,7.760293945450645,22.592996309273055,0.13495473383637357,0.08364581062916783,8.525979642606414,0.13495473383637188,0.08364581062916678,12.0,0.0,0.0,2.0670166666666665,0.0,0.0,8.067016666666666,0.0,0.0,2.0670166666666665,0.0,0.0,6.0,0.0,0.0,6.0,0.0,0.0,0.3773505006050674,0.0037138024151565268,0.002301838584698856,0.357071012861807,0.002129755490427988,0.0013200361289642697,0.0914925263286803,0.0005457085656993562,0.0003382336732296261,0.2655784865331267,0.0015840469247286242,0.000981802455734639,0.2655784865331267,0.0015840469247286242,0.000981802455734639,0.3479123869690421,0.0033702972753504048,0.0020889318932655206,0.8852052590303772,0.006798011995897308,0.004213451487763811,2.687881944444445,0.014405041585497548,0.008928337275124616,1.0,0.0,0.0,0.0,0.0,0.0
fixed_footprint_control,2,10,2.0,0.0,0.0,200.0,0.0,0.0,3200.0,0.0,0.0,8.0,0.0,0.0,8.0,0.0,0.0,640.0,0.0,0.0,640.0,0.0,0.0,42949672960.0,0.0,0.0,1847.3827237132436,17.932462380070188,11.114655334555943,1856.914518725934,17.85516816015421,11.06674788071546,0.34646891359841925,0.003384347471364986,0.002097640294977188,22.174010470298832,0.2165982381673591,0.13424897887854004,1718.4874465644516,11.633853460015796,7.210737080062989,1800.5625324010186,12.520766960269112,7.760451762740138,22.61530800089087,0.13496038619473008,0.08364931399717321,8.548291334224228,0.1349603861947279,0.08364931399717183,12.0,0.0,0.0,2.0670166666666665,0.0,0.0,8.067016666666666,0.0,0.0,2.0670166666666665,0.0,0.0,6.0,0.0,0.0,6.0,0.0,0.0,0.3779648322644193,0.003706710213202657,0.0022974427923860316,0.3567187118834057,0.0021256883230448224,0.0013175152725033036,0.09140225603122976,0.0005446664328868826,0.00033758775262051054,0.265316455852176,0.0015810218901579388,0.0009799275198827924,0.265316455852176,0.0015810218901579388,0.0009799275198827924,0.3475772832304158,0.0033589429933579703,0.0020818944363763026,0.8853139720190178,0.006773063259462721,0.0041979881007160125,2.6843498743718595,0.014477551763437084,0.00897327954902789,0.9990311128610988,2.8436104486746614e-05,1.7624880160287917e-05,0.000968887138901231,2.8436104486746614e-05,1.7624880160287917e-05
fixed_footprint_control,4,10,2.0,0.0,0.0,400.0,0.0,0.0,6400.0,0.0,0.0,8.0,0.0,0.0,8.0,0.0,0.0,640.0,0.0,0.0,640.0,0.0,0.0,42949672960.0,0.0,0.0,1847.2638190684804,17.919947604010773,11.106898595992023,1856.7944719608013,17.843636091776204,11.059600230682825,0.34649117309884186,0.0033823800984432656,0.002096420904607031,22.17543507832588,0.216472326300369,0.13417093789485,1718.3859080424882,11.636381125204887,7.2123037431783175,1800.4428722813732,12.522232120326782,7.761359878352249,22.613896358656753,0.13496852374391283,0.08365435770241107,8.546879691990114,0.13496852374391463,0.0836543577024122,12.0,0.0,0.0,2.0670166666666665,0.0,0.0,8.067016666666666,0.0,0.0,2.0670166666666665,0.0,0.0,6.0,0.0,0.0,6.0,0.0,0.0,0.3779259972132957,0.0037073809845958768,0.0022978585408028355,0.3567409826329249,0.0021260729905358262,0.0013177536918843288,0.09140796247914447,0.000544764996475865,0.0003376488429658774,0.2653330201537805,0.001581307994059969,0.0009801048489184565,0.2653330201537805,0.001581307994059969,0.0009801048489184565,0.34759971713910504,0.0033571692248181404,0.0020807950432452514,0.8853103164891193,0.0067708755880327215,0.0041966321679158015,2.6827067669172933,0.01444114534937254,0.008950714619810791,0.9990953584154398,3.421362894165501e-05,2.120582691719524e-05,0.0009046415845601729,3.421362894165501e-05,2.120582691719524e-05
fixed_footprint_control,8,10,2.0,0.0,0.0,800.0,0.0,0.0,12800.0,0.0,0.0,8.0,0.0,0.0,8.0,0.0,0.0,640.0,0.0,0.0,640.0,0.0,0.0,42949672960.0,0.0,0.0,1847.296728963814,17.91969537706193,11.106742264109483,1856.827791726566,17.84343666402405,11.059476624081437,0.34648499813041744,0.0033822039539309493,0.0020963117291072043,22.175039880346716,0.21646105305158075,0.13416395066286108,1718.4160695215305,11.637951202569614,7.213276887211061,1800.4746672556412,12.520031214599062,7.759995742849329,22.61430293614942,0.1349649450095041,0.08365213957984408,8.547286269482784,0.13496494500950362,0.08365213957984378,12.0,0.0,0.0,2.0670166666666665,0.0,0.0,8.067016666666666,0.0,0.0,2.0670166666666665,0.0,0.0,6.0,0.0,0.0,6.0,0.0,0.0,0.3779371833390362,0.0037071447274960724,0.002297712107135277,0.35673456772172374,0.002125937504099286,0.0013176697165209496,0.09140631878248237,0.0005447302807024885,0.00033762732590661497,0.2653282489392414,0.0015812072233968028,0.000980042390614338,0.2653282489392414,0.0015812072233968028,0.000980042390614338,0.34759347770907173,0.003357004712539217,0.0020806930774783764,0.8853119464535715,0.006770761786402658,0.004196561632934723,2.6841571495619525,0.01443345186044859,0.008945946145972812,0.9990775563047535,3.49052376608186e-05,2.1634490442424228e-05,0.0009224436952464998,3.49052376608186e-05,2.1634490442424228e-05
fixed_footprint_control,16,10,2.0,0.0,0.0,1600.0,0.0,0.0,25600.0,0.0,0.0,8.0,0.0,0.0,8.0,0.0,0.0,640.0,0.0,0.0,640.0,0.0,0.0,42949672960.0,0.0,0.0,1847.2230739210975,17.91932818284478,11.106514674775793,1856.7537829503733,17.8432751223636,11.059376499522967,0.3464988149821349,0.0033824094103430537,0.002096439072310743,22.175924158856635,0.21647420226195543,0.13417210062788756,1718.3472344837674,11.63871247308374,7.213748727564131,1800.4017840338176,12.519551700428973,7.759698536887559,22.61339132880797,0.13496403037552354,0.0836515726838297,8.546374662141336,0.13496403037552204,0.08365157268382876,12.0,0.0,0.0,2.0670166666666665,0.0,0.0,8.067016666666666,0.0,0.0,2.0670166666666665,0.0,0.0,6.0,0.0,0.0,6.0,0.0,0.0,0.3779121048206905,0.0037074167247504747,0.0022978806927801574,0.3567489495078738,0.0021260934864541082,0.0013177663953860923,0.09141000383643688,0.0005447702481576714,0.00033765209799198413,0.26533894567143695,0.0015813232382964348,0.000980114297394107,0.26533894567143695,0.0015813232382964348,0.000980114297394107,0.3476073345497247,0.003357246576182997,0.002080842986117893,0.8853079570729286,0.006770895900878049,0.0041966447579477725,2.682593222326454,0.0144192301622384,0.008937131446099023,0.9991173947907684,3.4959063844481644e-05,2.1667852256697663e-05,0.0008826052092315795,3.4959063844481644e-05,2.1667852256697663e-05
fixed_footprint_control,32,10,2.0,0.0,0.0,3200.0,0.0,0.0,51200.0,0.0,0.0,8.0,0.0,0.0,8.0,0.0,0.0,640.0,0.0,0.0,640.0,0.0,0.0,42949672960.0,0.0,0.0,1847.1862686263303,17.919144901562287,11.106401075859985,1856.716800913279,17.843194577829273,11.059326577503384,0.34650571965222743,0.003382512125661437,0.0020965027359246525,22.176366057742555,0.21648077604233196,0.13417617509917776,1718.312837902087,11.63909343457313,7.21398484994156,1800.3653648020024,12.51931214832143,7.759550060953045,22.612935803826534,0.13496357405523896,0.08365128985358712,8.545919137159878,0.1349635740552405,0.08365128985358807,12.0,0.0,0.0,2.0670166666666665,0.0,0.0,8.067016666666666,0.0,0.0,2.0670166666666665,0.0,0.0,6.0,0.0,0.0,6.0,0.0,0.0,0.3778995724703864,0.003707552672041612,0.002297964953784175,0.3567561364389171,0.0021261714481917242,0.0013178147165716898,0.09141184534822032,0.0005447902243418891,0.0003376644793592372,0.26534429109069685,0.0015813812238498397,0.0009801502372124554,0.26534429109069685,0.0015813812238498397,0.0009801502372124554,0.3476142591998832,0.003357367480918592,0.002080917923649391,0.8853059636154387,0.006770963044146228,0.0041966863737765425,2.681811992028759,0.014412132074264864,0.008932732005593412,0.9991373032041506,3.500506083166719e-05,2.1696361484719996e-05,0.000862696795849438,3.500506083166719e-05,2.1696361484719996e-05
growing_footprint,1,10,2.0,0.0,0.0,100.0,0.0,0.0,1600.0,0.0,0.0,8.0,0.0,0.0,8.0,0.0,0.0,640.0,0.0,0.0,640.0,0.0,0.0,42949672960.0,0.0,0.0,1845.5932562135843,17.96011197989649,11.131792734077232,1855.1268039404915,17.881334815650742,11.082966141818586,0.34680501119584634,0.0033960995564543345,0.0021049243127803235,22.195520716534165,0.2173503716130774,0.1347151560179407,1716.9048732587053,11.515123741772245,7.137147638285453,1798.7615725594885,12.52051233675434,7.760293945450645,22.592996309273055,0.13495473383637357,0.08364581062916783,8.525979642606414,0.13495473383637188,0.08364581062916678,12.0,0.0,0.0,2.0670166666666665,0.0,0.0,8.067016666666666,0.0,0.0,2.0670166666666665,0.0,0.0,6.0,0.0,0.0,6.0,0.0,0.0,0.3773505006050674,0.0037138024151565268,0.002301838584698856,0.357071012861807,0.002129755490427988,0.0013200361289642697,0.0914925263286803,0.0005457085656993562,0.0003382336732296261,0.2655784865331267,0.0015840469247286242,0.000981802455734639,0.2655784865331267,0.0015840469247286242,0.000981802455734639,0.3479123869690421,0.0033702972753504048,0.0020889318932655206,0.8852052590303772,0.006798011995897308,0.004213451487763811,2.687881944444445,0.014405041585497548,0.008928337275124616,1.0,0.0,0.0,0.0,0.0,0.0
growing_footprint,2,10,4.0,0.0,0.0,200.0,0.0,0.0,3200.0,0.0,0.0,8.0,0.0,0.0,8.0,0.0,0.0,640.0,0.0,0.0,640.0,0.0,0.0,42949672960.0,0.0,0.0,1964.9111975872518,18.151161676043465,11.25020656255431,1975.0006342153683,17.869950124845854,11.075909837352143,0.3257424160874978,0.0030259538010065892,0.0018755055967024472,20.84751462959986,0.1936610432644217,0.12003235818895662,1831.394624128943,11.27966058991301,6.9912060647616645,1916.471866300716,13.9955685065794,8.674543231423584,24.084239245869565,0.13571800311635462,0.0841188898301521,10.017222579202926,0.13571800311635243,0.08411888983015073,12.0,0.0,0.0,2.0670166666666665,0.0,0.0,8.067016666666666,0.0,0.0,2.0670166666666665,0.0,0.0,6.0,0.0,0.0,6.0,0.0,0.0,0.41590585952694037,0.00328896403764248,0.0020385210302614654,0.3349606585214246,0.0018861232865815011,0.0011690313245620882,0.0858271765697885,0.00048328253552040544,0.00029954161886263904,0.2491334819516361,0.0014028407510610819,0.0008694897056994408,0.2491334819516361,0.0014028407510610819,0.0008694897056994408,0.32679199553991867,0.0029697071053620323,0.0018406435335598127,0.8918795214730194,0.006431328744930447,0.003986178854197289,5.368699748743719,0.02895510352687417,0.01794655909805578,0.9392718057782236,0.0010469473443829426,0.0006489046869088989,0.06072819422177643,0.0010469473443829426,0.0006489046869088989
growing_footprint,4,10,8.0,0.0,0.0,400.0,0.0,0.0,6400.0,0.0,0.0,8.0,0.0,0.0,8.0,0.0,0.0,640.0,0.0,0.0,640.0,0.0,0.0,42949672960.0,0.0,0.0,2185.2965251884098,19.18693415486742,11.892184996031544,2196.1917157783496,18.354395050838015,11.376171913293343,0.29288912813517576,0.0025849136502959368,0.001602146079199847,18.74490420065125,0.16543447361893995,0.10253734906879021,2042.1220287007684,11.063858452969846,6.8574505145339595,2134.2371268553807,15.157978733468063,9.395012554342074,26.83915823772898,0.13908330824448972,0.08620472755851703,12.772141571062326,0.13908330824448484,0.086204727558514,12.0,0.0,0.0,2.0670166666666665,0.0,0.0,8.067016666666666,0.0,0.0,2.0670166666666665,0.0,0.0,6.0,0.0,0.0,6.0,0.0,0.0,0.47586305374045107,0.002716246617550478,0.0016835470956448088,0.30057698666916266,0.001557686839632531,0.0009654643057236145,0.07701702707877597,0.0003991270617144025,0.0002473815158023078,0.22355995959038671,0.0011585597779181296,0.0007180827899213074,0.22355995959038671,0.0011585597779181296,0.0007180827899213074,0.29387533770187385,0.0024654073102098628,0.0015280752822173225,0.902405487549679,0.006136643201483189,0.003803530862076992,10.730827067669173,0.05776458139749016,0.035802858479243166,0.844545431760847,0.0020266116007519315,0.0012561068838155987,0.15545456823915305,0.0020266116007519315,0.0012561068838155987
growing_footprint,8,10,16.0,0.0,0.0,800.0,0.0,0.0,12800.0,0.0,0.0,8.0,0.0,0.0,8.0,0.0,0.0,640.0,0.0,0.0,640.0,0.0,0.0,42949672960.0,0.0,0.0,2620.424600677051,20.477171884662663,12.691882626082165,2632.719719575674,19.778627756690508,12.25892048993865,0.24425020833707067,0.0019170740444730617,0.0011882148030502577,15.632013333572523,0.12269273884627595,0.0760457473952165,2453.6318956718974,14.740070563968088,9.135990387333393,2562.2832135979274,14.314779257950857,8.872392104901298,32.24913456888749,0.15073705765165757,0.09342779627438455,18.182117902220803,0.15073705765165737,0.09342779627438443,12.0,0.0,0.0,2.0670166666666665,0.0,0.0,8.067016666666666,0.0,0.0,2.0670166666666665,0.0,0.0,6.0,0.0,0.0,6.0,0.0,0.0,0.5637921902502473,0.0020412875539916405,0.0012652031338736337,0.2501522358838047,0.00117061784383397,0.0007255564566055253,0.06409666201785738,0.0002999481336762894,0.00018590977933741082,0.18605557386594734,0.0008706697101576759,0.0005396466772681117,0.18605557386594734,0.0008706697101576759,0.0005396466772681117,0.2451449167628023,0.001846658287346402,0.001144570664615904,0.9171706088479225,0.0056289507731216055,0.0034888598348858757,21.47325719649562,0.11546761488358873,0.0715675691677825,0.7043046679756458,0.0028682468084506836,0.0017777577900177184,0.2956953320243541,0.0028682468084506836,0.0017777577900177184
growing_footprint,16,10,32.0,0.0,0.0,1600.0,0.0,0.0,25600.0,0.0,0.0,8.0,0.0,0.0,8.0,0.0,0.0,640.0,0.0,0.0,640.0,0.0,0.0,42949672960.0,0.0,0.0,3489.433657094171,23.332194591841798,14.461444033214628,3506.1781849240647,21.854367544314638,13.54547733944903,0.18341910391257998,0.0012341541864544841,0.0007649366897535459,11.738822650405119,0.07898586793308698,0.048955948144226935,3271.111802718532,18.500851693141072,11.466946680648435,3417.03808889517,17.784537596043176,11.022970603532828,42.99369453757152,0.18505144858581868,0.11469607612156743,28.9266778709048,0.18505144858581835,0.11469607612156722,12.0,0.0,0.0,2.0670166666666665,0.0,0.0,8.067016666666666,0.0,0.0,2.0670166666666665,0.0,0.0,6.0,0.0,0.0,6.0,0.0,0.0,0.6728060222769711,0.0014118766036809224,0.0008750901851759787,0.1876360378373021,0.0008096693394953906,0.000501838255824274,0.048078097951576575,0.00020746207530986896,0.0001285863264725754,0.13955793988572554,0.000602207264185521,0.0003732519293516981,0.13955793988572554,0.000602207264185521,0.0003732519293516981,0.18407122320187894,0.001151927887429594,0.000713972301610538,0.9338375448681626,0.004398804119780206,0.002726407039889765,42.92149155722326,0.2307076825958144,0.14299410313758437,0.528903528989,0.002856505654226267,0.0017704805472348593,0.47109647101100005,0.002856505654226267,0.0017704805472348593
growing_footprint,32,10,64.0,0.0,0.0,3200.0,0.0,0.0,51200.0,0.0,0.0,8.0,0.0,0.0,8.0,0.0,0.0,640.0,0.0,0.0,640.0,0.0,0.0,42949672960.0,0.0,0.0,5233.273064179655,35.759072316862365,22.163702645048037,5257.097040422231,34.8765073357053,21.616683202430295,0.12230015021159643,0.00084127502008326,0.0005214276596051315,7.827209613542172,0.05384160128532864,0.03337137021472841,4905.297589849809,29.046543500880755,18.003234181117072,5123.066743621464,30.25123550449849,18.749910020760144,64.45205029308183,0.2775531770187089,0.17202924139422446,50.385033626415066,0.2775531770187036,0.17202924139422113,12.0,0.0,0.0,2.0670166666666665,0.0,0.0,8.067016666666666,0.0,0.0,2.0670166666666665,0.0,0.0,6.0,0.0,0.0,6.0,0.0,0.0,0.7817404036158516,0.0009433086418941608,0.0005846687536015129,0.1251654024028444,0.0005409595165976709,0.0003352901821008908,0.03207120842154197,0.00013861039130112098,8.591161060023153e-05,0.09309419398130245,0.0004023491252965513,0.0002493785715006602,0.09309419398130245,0.0004023491252965513,0.0002493785715006602,0.12276543561571791,0.0008164795668622545,0.0005060592784774025,0.9493693847379069,0.004799901053315394,0.0029750094948959166,85.81798374492028,0.46118822637647566,0.2858474241789892,0.35266670382719445,0.0026583721474139816,0.0016476761274194906,0.6473332961728056,0.0026583721474139573,0.0016476761274194758
