seed,scenario,storage_rack_count,half_panel_length_m,slots_per_half,platter_slot_count,reader_count,shuttle_count,physical_task_count,logical_request_count,total_bytes,drive_makespan_s,system_drain_s,throughput_req_per_s,throughput_mib_per_s,latency_p95_s,latency_p99_s,avg_cycle_s,avg_shuttle_movement_s,avg_fixed_mechanical_s,avg_reader_transfer_s,avg_reader_service_s,avg_reader_read_s,avg_reader_load_unload_s,avg_storage_handling_s,movement_time_share,reader_service_time_share,reader_read_time_share,reader_load_unload_time_share,storage_handling_time_share,reader_utilization,shuttle_utilization,horizontal_distance_m_per_task,normalized_throughput,throughput_loss
20260804,fixed_footprint_control,1,2.0,100,1600,8,8,640,640,42949672960,1857.530942855189,1867.9235641028347,0.3445433856494813,22.050776681566802,1728.3309132952973,1805.3804110863596,22.718481509277368,8.651464842610725,12.0,2.0670166666666665,8.067016666666666,2.0670166666666665,6.0,6.0,0.38081175623810043,0.3550860854574458,0.09098392715299107,0.26410215830445477,0.26410215830445477,0.34549664972147875,0.8844672336484876,2.6951388888888888,1.0,0.0
20260804,fixed_footprint_control,2,2.0,200,3200,8,8,640,640,42949672960,1859.3355972938969,1869.7247150863127,0.34420897493247854,22.029374395678627,1730.106991423297,1807.1641023280467,22.740768258636773,8.673751591970133,12.0,2.0670166666666665,8.067016666666666,2.0670166666666665,6.0,6.0,0.3814185824032531,0.35473808865726747,0.09089475971778697,0.26384332893948054,0.26384332893948054,0.34516382445291754,0.8845687891980722,2.6920069095477386,0.9990294089774141,0.0009705910225858982
20260804,fixed_footprint_control,4,2.0,400,6400,8,8,640,640,42949672960,1859.2232617022664,1869.610637653505,0.344229772283523,22.03070542614547,1730.0113077609049,1807.062261047658,22.739462383650825,8.672445716984187,12.0,2.0670166666666665,8.067016666666666,2.0670166666666665,6.0,6.0,0.38138305869621114,0.35475846044920895,0.09089997959462781,0.2638584808545812,0.2638584808545812,0.34518488520332125,0.8845668847040618,2.6906015037593987,0.9990897710447492,0.0009102289552508358
20260804,fixed_footprint_control,8,2.0,800,12800,8,8,640,640,42949672960,1859.2569886825643,1869.6453003412264,0.3442235279446186,22.03030578845559,1730.0421832994084,1807.091708909863,22.739865436052764,8.67284876938613,12.0,2.0670166666666665,8.067016666666666,2.0670166666666665,6.0,6.0,0.3813940233628569,0.3547521725382275,0.09089836843931051,0.263853804098917,0.263853804098917,0.3451784855745361,0.8845677312424194,2.692052565707134,0.9990716475248546,0.0009283524751454442
20260804,fixed_footprint_control,16,2.0,1600,25600,8,8,640,640,42949672960,1859.1855953708005,1869.5734728428504,0.34423674623638467,22.03115175912862,1729.9701776393767,1807.021261851808,22.73895289271507,8.671936226048434,12.0,2.0670166666666665,8.067016666666666,2.0670166666666665,6.0,6.0,0.38136919791177726,0.3547664091978094,0.09090201630739476,0.26386439289041463,0.26386439289041463,0.34519174705233957,0.8845626674244556,2.6904784240150095,0.9991100121904283,0.000889987809571724
20260804,fixed_footprint_control,32,2.0,3200,51200,8,8,640,640,42949672960,1859.149919993414,1869.537580524865,0.34424335182300264,22.03157451667217,1729.934196658012,1806.9860594645238,22.73849689959291,8.671480232926257,12.0,2.0670166666666665,8.067016666666666,2.0670166666666665,6.0,6.0,0.381356792017396,0.3547735236101332,0.09090383923766186,0.2638696843724714,0.2638696843724714,0.34519837421623306,0.8845601371489019,2.6896920912785243,0.9991291841928324,0.0008708158071676353
20260804,growing_footprint,1,2.0,100,1600,8,8,640,640,42949672960,1857.530942855189,1867.9235641028347,0.3445433856494813,22.050776681566802,1728.3309132952973,1805.3804110863596,22.718481509277368,8.651464842610725,12.0,2.0670166666666665,8.067016666666666,2.0670166666666665,6.0,6.0,0.38081175623810043,0.3550860854574458,0.09098392715299107,0.26410215830445477,0.26410215830445477,0.34549664972147875,0.8844672336484876,2.6951388888888888,1.0,0.0
20260804,growing_footprint,2,4.0,200,3200,8,8,640,640,42949672960,1974.0667027666095,1985.0312119883777,0.3242038372376448,20.749045583209266,1845.101734094908,1922.6525579306765,24.207111983965618,10.140095317298977,12.0,2.0670166666666665,8.067016666666666,2.0670166666666665,6.0,6.0,0.4188890985432548,0.3332498594632074,0.08538881746966856,0.24786104199353887,0.24786104199353887,0.3251139475468922,0.8922820027649461,5.384013819095477,0.9409666554083009,0.059033344591699066
20260804,growing_footprint,4,8.0,400,6400,8,8,640,640,42949672960,2189.2254077619164,2201.1502197919917,0.29234084244174896,18.709813916271933,2053.8318220563783,2141.963524447733,26.97004177950542,12.903025112838758,12.0,2.0670166666666665,8.067016666666666,2.0670166666666665,6.0,6.0,0.4784206571991219,0.29911027697394243,0.07664121114700667,0.22246906582693582,0.22246906582693582,0.2931927714566977,0.9050913432048119,10.762406015037595,0.8484877510873472,0.1515122489126528
20260804,growing_footprint,8,16.0,800,12800,8,8,640,640,42949672960,2612.1366294375057,2624.2930749944517,0.2450101548240288,15.680649908737843,2472.7649190066513,2574.2786424069136,32.39835326088179,18.331336594215106,12.0,2.0670166666666665,8.067016666666666,2.0670166666666665,6.0,6.0,0.565810751139275,0.24899465110798982,0.06380005335525527,0.18519459775273459,0.18519459775273459,0.24591816344090978,0.924632599406733,21.53642052565707,0.711115537342772,0.288884462657228
20260804,growing_footprint,16,32.0,1600,25600,8,8,640,640,42949672960,3474.6052220880633,3491.911663614017,0.18419358721143927,11.788389581532114,3295.946983588088,3431.977928240971,43.174731836224964,29.10771516955824,12.0,2.0670166666666665,8.067016666666666,2.0670166666666665,6.0,6.0,0.6741840407943414,0.18684578510568034,0.047875611005703436,0.13897017409997692,0.13897017409997692,0.18481605364134696,0.9417813307914684,43.04765478424015,0.534602012063663,0.465397987936337
20260804,growing_footprint,32,64.0,3200,51200,8,8,640,640,42949672960,5222.3706520195865,5232.371589812647,0.12254970829244,7.84318133071616,4935.778728290327,5135.446288480315,64.69559628869565,50.62857962202887,12.0,2.0670166666666665,8.067016666666666,2.0670166666666665,6.0,6.0,0.7825660868184203,0.12469189758555832,0.031949881989538735,0.09274201559601959,0.09274201559601959,0.1233401187694396,0.957555533616394,86.07014692091278,0.3556873049860695,0.6443126950139305
20260805,fixed_footprint_control,1,2.0,100,1600,8,8,640,640,42949672960,1851.8984448210322,1858.8984448210322,0.3455913048524914,22.11784351055945,1713.9647376303442,1800.5953921720586,22.579549824775718,8.512533158109077,12.0,2.0670166666666665,8.067016666666666,2.0670166666666665,6.0,6.0,0.37700189880528906,0.3572709256503875,0.09154375010606298,0.26572717554432457,0.26572717554432457,0.34717406705639925,0.8827823043376185,2.685606060606061,1.0,0.0
20260805,fixed_footprint_control,2,2.0,200,3200,8,8,640,640,42949672960,1853.7002123998645,1860.7002123998645,0.3452553955158876,22.096345313016805,1715.7024002732337,1802.3573456676618,22.6017762770065,8.534759610339858,12.0,2.0670166666666665,8.067016666666666,2.0670166666666665,6.0,6.0,0.377614551428975,0.3569195875491209,0.09145372652721581,0.2654658610219051,0.2654658610219051,0.346837888786485,0.8828830984591488,2.6821293969849247,0.9990280156592852,0.000971984340714771
20260805,fixed_footprint_control,4,2.0,400,6400,8,8,640,640,42949672960,1853.5710034059289,1860.5710034059289,0.3452794626286248,22.097885608231987,1715.606741055467,1802.2225323978487,22.60029409427855,8.533277427611903,12.0,2.0670166666666665,8.067016666666666,2.0670166666666665,6.0,6.0,0.37757373386447096,0.3569429952112392,0.0914597242869485,0.26548327092429075,0.26548327092429075,0.34686197524950463,0.8828806808242864,2.6804589598997492,0.9990976560477999,0.0009023439522001242
20260805,fixed_footprint_control,8,2.0,800,12800,8,8,640,640,42949672960,1853.6042404436828,1860.6042404436828,0.34527327141138187,22.09748937032844,1715.637456050937,1802.251351353998,22.60069511953977,8.53367845287313,12.0,2.0670166666666665,8.067016666666666,2.0670166666666665,6.0,6.0,0.37758477815557145,0.35693666163799564,0.09145810143156156,0.2654785602064341,0.2654785602064341,0.34685577905564663,0.8828821522185345,2.681910982478098,0.9990797411953253,0.0009202588046747229
20260805,fixed_footprint_control,16,2.0,1600,25600,8,8,640,640,42949672960,1853.528721805368,1860.528721805368,0.3452873389394416,22.09838969212426,1715.5635917410789,1802.1812488162134,22.599782945993375,8.532766279326744,12.0,2.0670166666666665,8.067016666666666,2.0670166666666665,6.0,6.0,0.3775596562018965,0.35695106833301843,0.09146179286793192,0.26548927546508655,0.26548927546508655,0.34686985789023755,0.882878766177938,2.6803490462789243,0.9991204468724132,0.0008795531275868074
20260805,fixed_footprint_control,32,2.0,3200,51200,8,8,640,640,42949672960,1853.4909851711031,1860.4909851711031,0.3452943689072861,22.09883961006631,1715.5266813953208,1802.146219828053,22.599327137537937,8.532310470871282,12.0,2.0670166666666665,8.067016666666666,2.0670166666666665,6.0,6.0,0.377547102130264,0.356958267720599,0.0914636375714616,0.26549463014913743,0.26549463014913743,0.3468768935066791,0.8828770742571697,2.6795688105658018,0.9991407887263482,0.0008592112736518498
20260805,growing_footprint,1,2.0,100,1600,8,8,640,640,42949672960,1851.8984448210322,1858.8984448210322,0.3455913048524914,22.11784351055945,1713.9647376303442,1800.5953921720586,22.579549824775718,8.512533158109077,12.0,2.0670166666666665,8.067016666666666,2.0670166666666665,6.0,6.0,0.37700189880528906,0.3572709256503875,0.09154375010606298,0.26572717554432457,0.26572717554432457,0.34717406705639925,0.8827823043376185,2.685606060606061,1.0,0.0
20260805,growing_footprint,2,4.0,200,3200,8,8,640,640,42949672960,1971.9312769097985,1978.9536399229466,0.3245549211040154,20.771514950656986,1832.7565425690418,1919.7350905217768,24.073019076939012,10.006002410272373,12.0,2.0670166666666665,8.067016666666666,2.0670166666666665,6.0,6.0,0.4156521613800291,0.3351061468810343,0.08586445514209665,0.2492416917389377,0.2492416917389377,0.3261124062302244,0.8896015335105761,5.364258793969849,0.9391293025805295,0.06087069741947049
20260805,growing_footprint,4,8.0,400,6400,8,8,640,640,42949672960,2194.214363486055,2201.6583901591403,0.29167615099520217,18.66727366369294,2042.2754467697666,2137.617707498161,26.827123515877993,12.760106849211335,12.0,2.0670166666666665,8.067016666666666,2.0670166666666665,6.0,6.0,0.4756420061829996,0.30070375088451406,0.07704950795202754,0.22365424293248656,0.22365424293248656,0.29312509888815463,0.8996893236437692,10.721835839598997,0.8439915787803116,0.1560084212196884
20260805,growing_footprint,8,16.0,800,12800,8,8,640,640,42949672960,2631.546462013171,2639.5977761558493,0.2432030022036513,15.564992141033683,2445.558874952303,2564.9961398714513,32.232793096521945,18.16577642985526,12.0,2.0670166666666665,8.067016666666666,2.0670166666666665,6.0,6.0,0.5635805862513176,0.25027358449855003,0.06412775524841831,0.18614582925013176,0.18614582925013176,0.24449230074485004,0.9142537306964056,21.455287859824782,0.7037300961824186,0.29626990381758145
20260805,growing_footprint,16,32.0,1600,25600,8,8,640,640,42949672960,3500.883423893354,3509.98473721418,0.18281100011272355,11.699904007214307,3259.149626316474,3421.282675260156,42.96721018479864,28.90019351813192,12.0,2.0670166666666665,8.067016666666666,2.0670166666666665,6.0,6.0,0.6726104253414273,0.18774820687615168,0.048106839093731896,0.13964136778241978,0.13964136778241978,0.18386442724122684,0.9322021964253613,42.88558474046279,0.5289803231327035,0.4710196768672965
20260805,growing_footprint,32,64.0,3200,51200,8,8,640,640,42949672960,5236.972253277908,5248.173566188192,0.12220801811569908,7.821313159404741,4903.10140176976,5143.4141586760525,64.40700839700658,50.33999173033983,12.0,2.0670166666666665,8.067016666666666,2.0670166666666665,6.0,6.0,0.7815918326782504,0.12525060342721325,0.03209303953267816,0.09315756389453511,0.09315756389453511,0.12296874811670272,0.950273323763079,85.74620193810566,0.35362006045800565,0.6463799395419944
20260806,fixed_footprint_control,1,2.0,100,1600,8,8,640,640,42949672960,1859.4500824970416,1870.3032806608503,0.3441877821966314,22.028018060584408,1739.7010121793967,1827.0420341515576,22.875517280567752,8.808500613901112,12.0,2.0670166666666665,8.067016666666666,2.0670166666666665,6.0,6.0,0.38506235753557094,0.3526484917357221,0.09035934100701415,0.262289150728708,0.262289150728708,0.3450570503759702,0.8900588831367997,2.687784090909091,1.0,0.0
20260806,fixed_footprint_control,2,2.0,200,3200,8,8,640,640,42949672960,1861.187119315171,1872.041084236535,0.3438665534261218,22.007459419271797,1741.506108547423,1828.7637107399078,22.897617133748266,8.830600467081615,12.0,2.0670166666666665,8.067016666666666,2.0670166666666665,6.0,6.0,0.3856558704558999,0.3523081296864239,0.09027212982874705,0.26203599985767684,0.26203599985767684,0.3447367361579715,0.8901770647016265,2.6842964824120603,0.9990667049002744,0.0009332950997256173
20260806,fixed_footprint_control,4,2.0,400,6400,8,8,640,640,42949672960,1861.0723740306269,1871.924014230172,0.34388775467872684,22.008816299438518,1741.40271506503,1828.650547592642,22.89620616654394,8.829189499877304,12.0,2.0670166666666665,8.067016666666666,2.0670166666666665,6.0,6.0,0.3856180118075003,0.35232984049795263,0.09027769280340436,0.26205214769454827,0.26205214769454827,0.3447582959710776,0.8901724361260808,2.6826519423558897,0.9991283028235641,0.0008716971764358705
20260806,fixed_footprint_control,8,2.0,800,12800,8,8,640,640,42949672960,1861.10321448239,1871.9550477924533,0.3438820560943455,22.008451590038113,1741.4372837433705,1828.6788600539999,22.89661284779931,8.829596181132672,12.0,2.0670166666666665,8.067016666666666,2.0670166666666665,6.0,6.0,0.3856289242354605,0.35232358254430723,0.0902760893240738,0.26204749322023346,0.26204749322023346,0.34475258051436153,0.8901750586669893,2.684058197747184,0.9991117462091923,0.0008882537908077026
20260806,fixed_footprint_control,16,2.0,1600,25600,8,8,640,640,42949672960,1861.0334846362978,1871.8847387959763,0.3438949407861274,22.009276210312155,1741.3690803580462,1828.6042694126195,22.89569833752738,8.828681670860737,12.0,2.0670166666666665,8.067016666666666,2.0670166666666665,6.0,6.0,0.3856043847498643,0.35233765521116933,0.0902796951722021,0.26205796003896725,0.26205796003896725,0.34476552960650725,0.8901694100784454,2.682516416510319,0.9991491812735623,0.0008508187264376632
20260806,fixed_footprint_control,32,2.0,3200,51200,8,8,640,640,42949672960,1860.9986412783803,1871.8496060665589,0.34390137950899485,22.00968828857567,1741.3349987753222,1828.5669970211093,22.895241361524995,8.828224694858342,12.0,2.0670166666666665,8.067016666666666,2.0670166666666665,6.0,6.0,0.3855921217626472,0.352344687670475,0.09028149710359672,0.2620631905668783,0.2620631905668783,0.3447720005078152,0.8901665872025292,2.6817462488277584,0.9991678882794482,0.0008321117205517536
20260806,growing_footprint,1,2.0,100,1600,8,8,640,640,42949672960,1859.4500824970416,1870.3032806608503,0.3441877821966314,22.028018060584408,1739.7010121793967,1827.0420341515576,22.875517280567752,8.808500613901112,12.0,2.0670166666666665,8.067016666666666,2.0670166666666665,6.0,6.0,0.38506235753557094,0.3526484917357221,0.09035934100701415,0.262289150728708,0.262289150728708,0.3450570503759702,0.8900588831367997,2.687784090909091,1.0,0.0
20260806,growing_footprint,2,4.0,200,3200,8,8,640,640,42949672960,1976.2516518445234,1987.9702448093476,0.32384539661366485,20.72610538327455,1851.8181101216753,1947.365910204358,24.36546069692889,10.298444030262244,12.0,2.0670166666666665,8.067016666666666,2.0670166666666665,6.0,6.0,0.42266568066822136,0.33108410167198116,0.0848338840121829,0.24625021765979832,0.24625021765979832,0.3246332962067173,0.8973351221321013,5.368592964824121,0.9408974210149473,0.05910257898505267
20260806,growing_footprint,4,8.0,400,6400,8,8,640,640,42949672960,2197.907229078396,2208.5363017601003,0.2911860844410427,18.635909404226734,2059.0615800435326,2164.6835317987784,27.118339109318676,13.051322442652017,12.0,2.0670166666666665,8.067016666666666,2.0670166666666665,6.0,6.0,0.48127292715235614,0.29747458478733296,0.07622209672702181,0.22125248806031117,0.22125248806031117,0.292212237045418,0.9074362027986512,10.730607769423559,0.8460093573998241,0.15399064260017592
20260806,growing_footprint,8,16.0,800,12800,8,8,640,640,42949672960,2638.064592586135,2652.3236664284377,0.2426020961725574,15.526534155043674,2467.3623201292744,2582.8843572391875,32.52945353962885,18.462436872962165,12.0,2.0670166666666665,8.067016666666666,2.0670166666666665,6.0,6.0,0.5675606216523248,0.24799115229031013,0.06354292623294559,0.18444822605736458,0.18444822605736458,0.2433192228768833,0.9188150679658861,21.47246558197747,0.7048538870969017,0.29514611290309833
20260806,growing_footprint,16,32.0,1600,25600,8,8,640,640,42949672960,3513.448829431966,3534.9578975995705,0.18215719968332983,11.658060779733109,3281.799004516456,3423.430685370671,43.273989042144635,29.206972375477914,12.0,2.0670166666666665,8.067016666666666,2.0670166666666665,6.0,6.0,0.6749313622793863,0.18641721840827247,0.04776579909593253,0.13865141931233996,0.13865141931233996,0.1825654935725172,0.9325592794971551,42.9202626641651,0.5292378437165589,0.4707621562834411
20260806,growing_footprint,32,64.0,3200,51200,8,8,640,640,42949672960,5262.204238569992,5298.213303902909,0.12162203726511392,7.783810384967291,4907.536789429778,5122.613370472093,64.73185065309103,50.664833986424256,12.0,2.0670166666666665,8.067016666666666,2.0670166666666665,6.0,6.0,0.7826878650194276,0.1246220614006415,0.03193198782071224,0.09269007357992927,0.09269007357992927,0.12180735208564183,0.9462032635079065,85.81587996248827,0.35335954254074115,0.6466404574592588
20260807,fixed_footprint_control,1,2.0,100,1600,8,8,640,640,42949672960,1832.1976892508424,1839.6610463984362,0.34930728477323114,22.355666225486793,1722.0666142404975,1794.185328115758,22.651454790232176,8.584438123565533,12.0,2.0670166666666665,8.067016666666666,2.0670166666666665,6.0,6.0,0.3789795491310933,0.35613680186869706,0.09125315286848645,0.26488364900021066,0.26488364900021066,0.35080447813839294,0.8951404679188857,2.655366161616162,1.0,0.0
20260807,fixed_footprint_control,2,2.0,200,3200,8,8,640,640,42949672960,1833.9786807531632,1841.4383564932957,0.3489680696490812,22.3339564575412,1723.862071908472,1795.9530183449133,22.673711447917796,8.606694781251152,12.0,2.0670166666666665,8.067016666666666,2.0670166666666665,6.0,6.0,0.3795891467094389,0.35578721574528493,0.09116357820000782,0.2646236375452771,0.2646236375452771,0.3504658904587572,0.8952434257095884,2.6517116834170857,0.9990288919271463,0.0009711080728537214
20260807,fixed_footprint_control,4,2.0,400,6400,8,8,640,640,42949672960,1833.853943978103,1841.311789403108,0.3489918060822634,22.335475589264856,1723.7794457979867,1795.8341501830155,22.67236526663329,8.60534859996665,12.0,2.0670166666666665,8.067016666666666,2.0670166666666665,6.0,6.0,0.3795523095524163,0.35580834076181805,0.09116899107605134,0.2646393496857668,0.2646393496857668,0.3504899805928783,0.8952464745428571,2.6502271303258143,0.999096844799064,0.0009031552009359789
20260807,fixed_footprint_control,8,2.0,800,12800,8,8,640,640,42949672960,1833.8842840186085,1841.3429339335873,0.3489860323125523,22.33510606800335,1723.8151632169593,1795.8675972221406,22.672777806620484,8.605761139953852,12.0,2.0670166666666665,8.067016666666666,2.0670166666666665,6.0,6.0,0.37956359883882235,0.3558018666910362,0.09116733222089331,0.2646345344701429,0.2646345344701429,0.3504840523946692,0.8952492557563771,2.6516544117647056,0.9990803155998096,0.0009196844001904125
20260807,fixed_footprint_control,16,2.0,1600,25600,8,8,640,640,42949672960,1833.8091781575192,1841.2673718879944,0.34900032545535975,22.336020829143024,1723.7555584688544,1795.796051318748,22.67189646126354,8.604879794596906,12.0,2.0670166666666665,8.067016666666666,2.0670166666666665,6.0,6.0,0.37953948004742005,0.35581569810226094,0.09117087625194052,0.26464482185032046,0.26464482185032046,0.3504984355811368,0.8952477020637856,2.650142667292058,0.9991212341360969,0.0008787658639031193
20260807,fixed_footprint_control,32,2.0,3200,51200,8,8,640,640,42949672960,1833.7716484932664,1841.229614291934,0.34900746803772503,22.336477954414402,1723.7257752830294,1795.760301503296,22.67145606533826,8.604439398671598,12.0,2.0670166666666665,8.067016666666666,2.0670166666666665,6.0,6.0,0.3795274275226936,0.3558226098675725,0.09117264725783843,0.2646499626097341,0.2646499626097341,0.35050562315744327,0.895246925803777,2.649387503907471,0.9991416819843859,0.0008583180156140902
20260807,growing_footprint,1,2.0,100,1600,8,8,640,640,42949672960,1832.1976892508424,1839.6610463984362,0.34930728477323114,22.355666225486793,1722.0666142404975,1794.185328115758,22.651454790232176,8.584438123565533,12.0,2.0670166666666665,8.067016666666666,2.0670166666666665,6.0,6.0,0.3789795491310933,0.35613680186869706,0.09125315286848645,0.26488364900021066,0.26488364900021066,0.35080447813839294,0.8951404679188857,2.655366161616162,1.0,0.0
20260807,growing_footprint,2,4.0,200,3200,8,8,640,640,42949672960,1953.3021037544788,1961.3674303876446,0.32765028961461923,20.96961853533563,1832.872753169502,1909.0831474264683,24.119118625890483,10.05210195922384,12.0,2.0670166666666665,8.067016666666666,2.0670166666666665,6.0,6.0,0.416769041818696,0.3344656490891499,0.08570033999699489,0.24876530909215505,0.24876530909215505,0.32903642802194594,0.8994582704930699,5.3034233668341715,0.938000161741054,0.06199983825894595
20260807,growing_footprint,4,8.0,400,6400,8,8,640,640,42949672960,2175.845637945438,2184.970951228646,0.29413851278729763,18.82486481838705,2041.031291266797,2125.6999788989688,26.843739838821715,12.776723172155059,12.0,2.0670166666666665,8.067016666666666,2.0670166666666665,6.0,6.0,0.4759665847184683,0.30051761472520516,0.07700181416887836,0.22351580055632686,0.22351580055632686,0.29536380470890733,0.9071689729594874,10.600908521303257,0.8420623491383844,0.1579376508616156
20260807,growing_footprint,8,16.0,800,12800,8,8,640,640,42949672960,2611.7215962790497,2622.9769154279857,0.24504908980797016,15.68314174771009,2445.7406746998317,2550.687635150529,32.191897375909704,18.124880709243012,12.0,2.0670166666666665,8.067016666666666,2.0670166666666665,6.0,6.0,0.5630261707657679,0.2505915253290876,0.06420922142394395,0.18638230390514368,0.18638230390514368,0.24604156046414577,0.9187997204871351,21.213235294117645,0.7015287126549766,0.2984712873450234
20260807,growing_footprint,16,32.0,1600,25600,8,8,640,640,42949672960,3477.6343002160966,3493.1396160384857,0.18403315149043448,11.778121695387807,3259.0131607034537,3391.274589944927,42.80970674752186,28.742690080855148,12.0,2.0670166666666665,8.067016666666666,2.0670166666666665,6.0,6.0,0.6714059091871492,0.1884389611506424,0.048283831488435056,0.1401551296622074,0.1401551296622074,0.18475108477491298,0.9330904472020111,42.402282676672925,0.5268517420411316,0.4731482579588684
20260807,growing_footprint,32,64.0,3200,51200,8,8,640,640,42949672960,5208.413782011833,5232.419096172508,0.12287810200686278,7.864198528439218,4860.741870586061,5074.162690162757,64.00906475143368,49.94204808476693,12.0,2.0670166666666665,8.067016666666666,2.0670166666666665,6.0,6.0,0.7802339915245883,0.12602928503944402,0.03229256160347772,0.09373672343596633,0.09373672343596633,0.12333899893558073,0.947050256430373,84.78040012503907,0.35177652274453636,0.6482234772554636
20260808,fixed_footprint_control,1,2.0,100,1600,8,8,640,640,42949672960,1852.1194128922596,1862.2741134306389,0.3455500739018655,22.11520472971939,1713.8013579560857,1795.0072753280547,22.481048079039898,8.414031412373257,12.0,2.0670166666666665,8.067016666666666,2.0670166666666665,6.0,6.0,0.37427220398225297,0.3588363246368354,0.0919448532559227,0.26689147138091274,0.26689147138091274,0.3465447587328932,0.876950660062261,2.6899621212121216,1.0,0.0
20260808,fixed_footprint_control,2,2.0,200,3200,8,8,640,640,42949672960,1853.8901355018108,1864.0419311285734,0.34522002557976006,22.094081637104644,1715.575073412081,1796.757482828401,22.503045950522605,8.436029283855962,12.0,2.0670166666666665,8.067016666666666,2.0670166666666665,6.0,6.0,0.37488388471517325,0.35848554388608533,0.09185497248734288,0.26663057139874247,0.26663057139874247,0.34621610305869194,0.8770630721373562,2.6860081658291457,0.9990448610866188,0.0009551389133811705
20260808,fixed_footprint_control,4,2.0,400,6400,8,8,640,640,42949672960,1853.761229445927,1863.9115808142822,0.34524403134231607,22.09561800590823,1715.4625252420929,1796.6260128353026,22.501518665970707,8.434501999304066,12.0,2.0670166666666665,8.067016666666666,2.0670166666666665,6.0,6.0,0.37484145512630024,0.35850987599634787,0.09186120711899497,0.26664866887735295,0.26664866887735295,0.3462403152468187,0.8770588566385493,2.68406171679198,0.9991143322410739,0.0008856677589260675
20260808,fixed_footprint_control,8,2.0,800,12800,8,8,640,640,42949672960,1853.7856281521506,1863.9374346996678,0.34523948739313004,22.095327193160323,1715.480504381944,1796.6568616566874,22.50192109350155,8.434904426834912,12.0,2.0670166666666665,8.067016666666666,2.0670166666666665,6.0,6.0,0.37485263554989856,0.35850346435515595,0.09185956426020937,0.26664390009494665,0.26664390009494665,0.3462355126942976,0.8770639634748274,2.685505319148936,0.9991011823402948,0.0008988176597052311
20260808,fixed_footprint_control,16,2.0,1600,25600,8,8,640,640,42949672960,1853.7128595754407,1863.8643059019805,0.3452530399700525,22.09619455808336,1715.4136682174737,1796.581546480922,22.5010001147919,8.433983448125264,12.0,2.0670166666666665,8.067016666666666,2.0670166666666665,6.0,6.0,0.3748270479133441,0.35851813810549255,0.09186332412432785,0.2666548139811647,0.2666548139811647,0.34624909725980474,0.8770588452569411,2.6839430894308944,0.9991404026384398,0.0008595973615601604
20260808,fixed_footprint_control,32,2.0,3200,51200,8,8,640,640,42949672960,1853.6764984124247,1863.8277647551686,0.34525981235028114,22.096627990417993,1715.3802711469007,1796.5439119920075,22.50053990816239,8.433523241495731,12.0,2.0670166666666665,8.067016666666666,2.0670166666666665,6.0,6.0,0.3748142611651888,0.358525470926155,0.09186520301749856,0.2666602679086565,0.2666602679086565,0.3462558856226222,0.8770562871909946,2.6831627070959674,0.999160001477335,0.0008399985226650308
20260808,growing_footprint,1,2.0,100,1600,8,8,640,640,42949672960,1852.1194128922596,1862.2741134306389,0.3455500739018655,22.11520472971939,1713.8013579560857,1795.0072753280547,22.481048079039898,8.414031412373257,12.0,2.0670166666666665,8.067016666666666,2.0670166666666665,6.0,6.0,0.37427220398225297,0.3588363246368354,0.0919448532559227,0.26689147138091274,0.26689147138091274,0.3465447587328932,0.876950660062261,2.6899621212121216,1.0,0.0
20260808,growing_footprint,2,4.0,200,3200,8,8,640,640,42949672960,1973.80035397126,1984.4292389677094,0.32424758598929654,20.75184550331498,1825.720443607794,1914.5197007906136,23.97437469112628,9.907358024459636,12.0,2.0670166666666665,8.067016666666666,2.0670166666666665,6.0,6.0,0.41324781780968334,0.3364849665777744,0.08621775096523117,0.2502672156125432,0.2502672156125432,0.3252125702748903,0.8831701365519384,5.372016331658291,0.9383519509284818,0.06164804907151822
20260808,growing_footprint,4,8.0,400,6400,8,8,640,640,42949672960,2198.284017564053,2209.6073258347296,0.2911361748011034,18.632715187270616,2036.6937002346924,2134.9284893084987,26.728453663167272,12.661436996500617,12.0,2.0670166666666665,8.067016666666666,2.0670166666666665,6.0,6.0,0.47370630400323205,0.30181381864912343,0.07733394130147853,0.22447987734764493,0.22447987734764493,0.29207059815007325,0.8928803487627537,10.73624686716792,0.8425296267879966,0.1574703732120034
20260808,growing_footprint,8,16.0,800,12800,8,8,640,640,42949672960,2639.3473611506156,2652.0006777964227,0.24248418734887323,15.518987990327886,2448.5382995979357,2566.924354479736,32.14224992809076,18.075233261424074,12.0,2.0670166666666665,8.067016666666666,2.0670166666666665,6.0,6.0,0.5623512138030885,0.25097859312009413,0.06430840004327745,0.18667019307681668,0.18667019307681668,0.24334885685985996,0.9072466236747396,21.48404255319149,0.7017338604816433,0.2982661395183567
20260808,growing_footprint,16,32.0,1600,25600,8,8,640,640,42949672960,3515.5030983555407,3530.806412927148,0.18205075691708963,11.651248442693737,3271.7920233874584,3428.6152257574618,42.89223299588123,28.8252163292145,12.0,2.0670166666666665,8.067016666666666,2.0670166666666665,6.0,6.0,0.6720381364146387,0.1880763975949051,0.04819093160445048,0.13988546599045465,0.13988546599045465,0.18278015214045926,0.9250060536820909,42.94308943089431,0.5268433453404242,0.4731566546595758
20260808,growing_footprint,32,64.0,3200,51200,8,8,640,640,42949672960,5265.792372213417,5286.395685748897,0.12153916348414305,7.778506462985155,4915.043799952242,5143.203311003142,64.36165915758887,50.294642490922115,12.0,2.0670166666666665,8.067016666666666,2.0670166666666665,6.0,6.0,0.7814379422347735,0.125338855030363,0.03211565229550091,0.09322320273486208,0.09322320273486208,0.12207964967002052,0.942716303417944,85.86120662707096,0.3517266314307303,0.6482733685692696
20260809,fixed_footprint_control,1,2.0,100,1600,8,8,640,640,42949672960,1874.235655241077,1884.235655241077,0.34147253479588663,21.854242226936744,1716.290878048834,1801.6275955178176,22.594091260340896,8.527074593674246,12.0,2.0670166666666665,8.067016666666666,2.0670166666666665,6.0,6.0,0.3774028570311082,0.3570409880049742,0.09148483304105587,0.2655561549639183,0.2655561549639183,0.34250563698772757,0.8715289740570344,2.6927083333333335,1.0,0.0
20260809,fixed_footprint_control,2,2.0,200,3200,8,8,640,640,42949672960,1875.9538729118526,1885.9538729118526,0.3411597743640642,21.83422555930011,1718.0482198949903,1803.7639593440185,22.61764883227903,8.550632165612388,12.0,2.0670166666666665,8.067016666666666,2.0670166666666665,6.0,6.0,0.37805132748410425,0.3566691094413727,0.09138954636684873,0.26527956307452405,0.26527956307452405,0.3421935937048746,0.8717342438023838,2.6893059045226133,0.9990840831986403,0.0009159168013597174
20260809,fixed_footprint_control,4,2.0,400,6400,8,8,640,640,42949672960,1875.8107813372444,1885.8107813372444,0.3411857988915871,21.835891129061576,1717.936137029971,1803.6388803740494,22.616166129535692,8.549149462869051,12.0,2.0670166666666665,8.067016666666666,2.0670166666666665,6.0,6.0,0.3780105528896097,0.35669249246146567,0.09139553781254003,0.2652969546489257,0.2652969546489257,0.3422195586747585,0.8717374899425476,2.687586152882205,0.9991602958508189,0.0008397041491811086
20260809,fixed_footprint_control,8,2.0,800,12800,8,8,640,640,42949672960,1875.8479216634516,1885.8479216634516,0.3411790436787995,21.835458795443166,1717.9694846025998,1803.6759075225687,22.616592240293812,8.549575573627177,12.0,2.0670166666666665,8.067016666666666,2.0670166666666665,6.0,6.0,0.3780222715602229,0.35668577215158154,0.09139381586338463,0.26529195628819696,0.26529195628819696,0.3422128189234256,0.8717383978873967,2.6890370775969963,0.9991405132560293,0.0008594867439707388
20260809,fixed_footprint_control,16,2.0,1600,25600,8,8,640,640,42949672960,1875.770269447807,1885.770269447807,0.3411931676411549,21.836362729033915,1717.8999696227124,1803.6015781242306,22.61567370076525,8.548657034098614,12.0,2.0670166666666665,8.067016666666666,2.0670166666666665,6.0,6.0,0.377997009826391,0.35670025900637664,0.09139752783914303,0.2653027311672337,0.2653027311672337,0.34222691055698345,0.8717353271293513,2.687466776110069,0.999181875183904,0.0008181248160959997
20260809,fixed_footprint_control,32,2.0,3200,51200,8,8,640,640,42949672960,1875.731465929134,1885.731465929134,0.34120022595184185,21.83681446091788,1717.8652336711943,1803.564435691633,22.61521470875396,8.548198042087304,12.0,2.0670166666666665,8.067016666666666,2.0670166666666665,6.0,6.0,0.37798438582935245,0.3567074984941028,0.09139938281755777,0.2653081156765451,0.2653081156765451,0.3422339527093547,0.8717337929963569,2.6866823616755235,0.999202545398834,0.0007974546011659811
20260809,growing_footprint,1,2.0,100,1600,8,8,640,640,42949672960,1874.235655241077,1884.235655241077,0.34147253479588663,21.854242226936744,1716.290878048834,1801.6275955178176,22.594091260340896,8.527074593674246,12.0,2.0670166666666665,8.067016666666666,2.0670166666666665,6.0,6.0,0.3774028570311082,0.3570409880049742,0.09148483304105587,0.2655561549639183,0.2655561549639183,0.34250563698772757,0.8715289740570344,2.6927083333333335,1.0,0.0
20260809,growing_footprint,2,4.0,200,3200,8,8,640,640,42949672960,1994.973233979456,2005.2570724451634,0.32080630912694774,20.531603784124655,1833.0608855954092,1920.235785170605,24.095865174213255,10.028848507546616,12.0,2.0670166666666665,8.067016666666666,2.0670166666666665,6.0,6.0,0.41620620114853646,0.33478842151307225,0.0857830441746799,0.2490053773383924,0.2490053773383924,0.32183471246726225,0.8788438673625085,5.378611809045227,0.9394790984250255,0.06052090157497447
20260809,growing_footprint,4,8.0,400,6400,8,8,640,640,42949672960,2216.1748888244306,2226.9882339519168,0.28878587300458397,18.482295872293374,2046.154392346909,2139.5814312892617,26.858018909259737,12.791002242593086,12.0,2.0670166666666665,8.067016666666666,2.0670166666666665,6.0,6.0,0.47624518717511144,0.30035784448291647,0.07696087614094385,0.22339696834197265,0.22339696834197265,0.28979108353352323,0.8905660789630683,10.75034461152882,0.8457074686173638,0.1542925313826362
20260809,growing_footprint,8,16.0,800,12800,8,8,640,640,42949672960,2650.4650856235453,2662.117150704897,0.24146705552600567,15.453891553664363,2469.0295142227824,2573.189790172263,32.27355463991093,18.20653797324423,12.0,2.0670166666666665,8.067016666666666,2.0670166666666665,6.0,6.0,0.564131784564233,0.24995748862105913,0.06404676180635216,0.185910726814707,0.185910726814707,0.24242409210370372,0.9077448140175469,21.51229662077597,0.7071346328639324,0.2928653671360676
20260809,growing_footprint,16,32.0,1600,25600,8,8,640,640,42949672960,3514.2636728489956,3527.565736638864,0.1821149633548001,11.655357654707206,3288.7910978654786,3436.5368047113543,43.037684253027685,28.970667586360968,12.0,2.0670166666666665,8.067016666666666,2.0670166666666665,6.0,6.0,0.6731465247069582,0.18744076979697516,0.04802806430090979,0.1394127054960654,0.1394127054960654,0.1829480671700385,0.9291544514296967,42.9994684177611,0.5333224338632633,0.4666775661367367
20260809,growing_footprint,32,64.0,3200,51200,8,8,640,640,42949672960,5240.079637593439,5256.6817007381715,0.12213554836237693,7.816675095192124,4934.690418977286,5146.1367545692065,64.53478687348576,50.46777020681899,12.0,2.0670166666666665,8.067016666666666,2.0670166666666665,6.0,6.0,0.7820242794906288,0.1250026080117267,0.03202949551408381,0.09297311249764291,0.09297311249764291,0.1227697186311867,0.950679896757636,85.97383557361675,0.3576731242393559,0.6423268757606442
20260810,fixed_footprint_control,1,2.0,100,1600,8,8,640,640,42949672960,1828.255685257349,1839.0869513094383,0.35006044568099476,22.403868523583665,1713.3701945997527,1792.2968541244986,22.5417456627399,8.474728996073258,12.0,2.0670166666666665,8.067016666666666,2.0670166666666665,6.0,6.0,0.37595708526165555,0.3578700952163142,0.0916972756942829,0.26617281952203137,0.26617281952203137,0.3509139863527568,0.8906475675441081,2.6954861111111112,1.0,0.0
20260810,fixed_footprint_control,2,2.0,200,3200,8,8,640,640,42949672960,1830.111229738269,1840.9378888244385,0.34970552040792013,22.38115330610689,1715.1403242719612,1794.02315262245,22.563817648638782,8.496800981972136,12.0,2.0670166666666665,8.067016666666666,2.0670166666666665,6.0,6.0,0.3765675256857399,0.35752002574587943,0.0916075771774979,0.26591244856838153,0.26591244856838153,0.350561166268048,0.8907112448018856,2.6918498743718593,0.9989861028932184,0.0010138971067815694
20260810,fixed_footprint_control,4,2.0,400,6400,8,8,640,640,42949672960,1829.995693097944,1840.8200617015998,0.34972759903962586,22.382566338536055,1715.0340026576544,1793.8896792096043,22.562366192250824,8.495349525584178,12.0,2.0670166666666665,8.067016666666666,2.0670166666666665,6.0,6.0,0.37652741973942233,0.35754302531608273,0.09161347037158697,0.2659295549444958,0.2659295549444958,0.3505836049704827,0.8907051787186144,2.690249060150376,0.9990491738056226,0.0009508261943773633
20260810,fixed_footprint_control,8,2.0,800,12800,8,8,640,640,42949672960,1830.0348725819958,1840.8594715658317,0.34972011167034434,22.382087146902037,1715.057960017363,1793.9159869902128,22.562777803779984,8.495761137113345,12.0,2.0670166666666665,8.067016666666666,2.0670166666666665,6.0,6.0,0.37653879371581783,0.3575365026781048,0.0916117990720263,0.26592470360607856,0.26592470360607856,0.3505760995348494,0.8907039979398182,2.6917201188986235,0.9990277850158468,0.0009722149841532302
20260810,fixed_footprint_control,16,2.0,1600,25600,8,8,640,640,42949672960,1829.964869989883,1840.7888983407154,0.3497334896945526,22.382943340451366,1714.9864496027371,1793.8397775399817,22.56185948839993,8.49484282173329,12.0,2.0670166666666665,8.067016666666666,2.0670166666666665,6.0,6.0,0.37651341752663925,0.3575510551696452,0.09161552786592848,0.2659355273037167,0.2659355273037167,0.3505895401232923,0.8906982366183244,2.6901364133833647,0.9990660013421222,0.0009339986578777992
20260810,fixed_footprint_control,32,2.0,3200,51200,8,8,640,640,42949672960,1829.9298896908256,1840.753632925853,0.3497401750774893,22.383371204959314,1714.9507152932022,1793.8016959355205,22.561400610880067,8.494383944213414,12.0,2.0670166666666665,8.067016666666666,2.0670166666666665,6.0,6.0,0.37650073640007353,0.35755832741946025,0.09161739123899351,0.26594093618046677,0.26594093618046677,0.35059625676660494,0.8906953577111942,2.689345303219756,0.9990850991380005,0.0009149008619995236
20260810,growing_footprint,1,2.0,100,1600,8,8,640,640,42949672960,1828.255685257349,1839.0869513094383,0.35006044568099476,22.403868523583665,1713.3701945997527,1792.2968541244986,22.5417456627399,8.474728996073258,12.0,2.0670166666666665,8.067016666666666,2.0670166666666665,6.0,6.0,0.37595708526165555,0.3578700952163142,0.0916972756942829,0.26617281952203137,0.26617281952203137,0.3509139863527568,0.8906475675441081,2.6954861111111112,1.0,0.0
20260810,growing_footprint,2,4.0,200,3200,8,8,640,640,42949672960,1944.6695568069267,1956.3378985154695,0.3291047560033056,21.062704384211557,1826.991134546578,1910.469821964929,24.032061052704545,9.9650443860379,12.0,2.0670166666666665,8.067016666666666,2.0670166666666665,6.0,6.0,0.41465625291911623,0.3356772708331153,0.08601079458534608,0.24966647624776925,0.24966647624776925,0.32988234487664614,0.8982106578911817,5.383699748743719,0.9401369393879313,0.0598630606120687
20260810,growing_footprint,4,8.0,400,6400,8,8,640,640,42949672960,2159.900372787426,2173.2286935894313,0.2963099632109688,18.963837645502004,2036.7739672713724,2126.9540802630872,26.791683492634547,12.724666825967896,12.0,2.0670166666666665,8.067016666666666,2.0670166666666665,6.0,6.0,0.4749483857356745,0.3011015216301885,0.07715142899605103,0.2239500926341375,0.2239500926341375,0.29695969652757387,0.9101542566192127,10.760996240601504,0.8464537106857025,0.15354628931429748
20260810,growing_footprint,8,16.0,800,12800,8,8,640,640,42949672960,2600.9501720520334,2612.105366044524,0.24606392189938364,15.748091001560553,2449.711190451137,2552.1415902823196,32.2186659027667,18.151649236100013,12.0,2.0670166666666665,8.067016666666666,2.0670166666666665,6.0,6.0,0.563389225701654,0.25038332409579783,0.06415587389325038,0.18622745020254747,0.18622745020254747,0.2470655823163042,0.9234435831892417,21.533760951188988,0.7029183814832318,0.2970816185167682
20260810,growing_footprint,16,32.0,1600,25600,8,8,640,640,42949672960,3480.1473502701256,3495.4525410143406,0.18390025926641407,11.7696165930505,3268.988472276566,3408.0138322457974,42.99311250198236,28.92609583531563,12.0,2.0670166666666665,8.067016666666666,2.0670166666666665,6.0,6.0,0.6728076696931836,0.18763509309298565,0.04807785587915643,0.13955723721382926,0.13955723721382926,0.18462883582623518,0.9366706108603456,43.042182614133836,0.5253385851939406,0.4746614148060594
20260810,growing_footprint,32,64.0,3200,51200,8,8,640,640,42949672960,5236.647502089837,5260.252691211437,0.12221559685745305,7.821798198876995,4898.349982183793,5110.483174068657,64.51141745482815,50.44440078816136,12.0,2.0670166666666665,8.067016666666666,2.0670166666666665,6.0,6.0,0.7819453172530781,0.12504789051202153,0.03204109827712315,0.09300679223489841,0.09300679223489841,0.1226863748221773,0.9496791040854793,86.05904970303219,0.349127124658998,0.650872875341002
20260811,fixed_footprint_control,1,2.0,100,1600,8,8,640,640,42949672960,1850.3931987489,1858.2022668163665,0.3458724342657123,22.135835793005587,1717.5231044807063,1801.7435405444387,22.609126707856284,8.542110041189641,12.0,2.0670166666666665,8.067016666666666,2.0670166666666665,6.0,6.0,0.37781689454734246,0.3568035497745924,0.09142399409652624,0.2653795556780662,0.2653795556780662,0.34730413629245127,0.8843863946580656,2.7070391414141417,1.0,0.0
20260811,fixed_footprint_control,2,2.0,200,3200,8,8,640,640,42949672960,1852.1769935409427,1859.987071414833,0.34553933140939463,22.114517210201257,1719.3279346801642,1803.5470445801918,22.631338562548695,8.564321895882046,12.0,2.0670166666666665,8.067016666666666,2.0670166666666665,6.0,6.0,0.37842754515875837,0.3564533597679595,0.09133426469467669,0.26511909507328285,0.26511909507328285,0.34697087052461467,0.8844931112446677,2.7035489949748746,0.9990369199065405,0.0009630800934594674
20260811,fixed_footprint_control,4,2.0,400,6400,8,8,640,640,42949672960,1852.051126188271,1859.8617049600236,0.34556281462768895,22.116020136172093,1719.2285353796603,1803.4305869879613,22.629942220577526,8.562925553910885,12.0,2.0670166666666665,8.067016666666666,2.0670166666666665,6.0,6.0,0.37838919209102406,0.35647535411430636,0.0913399003196357,0.2651354537946707,0.2651354537946707,0.34699425855816785,0.8844926694956762,2.701801378446115,0.9991048155118789,0.0008951844881210924
20260811,fixed_footprint_control,8,2.0,800,12800,8,8,640,640,42949672960,1852.0840850725892,1859.894913301216,0.3455566651418617,22.115626569079147,1719.2624074665634,1803.4641514962755,22.63034221189777,8.563325545231136,12.0,2.0670166666666665,8.067016666666666,2.0670166666666665,6.0,6.0,0.3784001790626488,0.35646905341208135,0.09133828588681017,0.26513076752527126,0.26513076752527126,0.3469880629910701,0.8844940818180875,2.7032345118898626,0.9990870358763311,0.0009129641236689245
20260811,fixed_footprint_control,16,2.0,1600,25600,8,8,640,640,42949672960,1852.009540376209,1859.8198022785582,0.3455705740425037,22.116516738720236,1719.1922915801385,1803.3909760411034,22.629415294467087,8.562398627800444,12.0,2.0670166666666665,8.067016666666666,2.0670166666666665,6.0,6.0,0.37837471787854626,0.3564836546456885,0.09134202716992224,0.26514162747576625,0.26514162747576625,0.3470020765144391,0.8844899318787088,2.7016553314571605,0.9991272498375031,0.0008727501624968825
20260811,fixed_footprint_control,32,2.0,3200,51200,8,8,640,640,42949672960,1851.9722905415958,1859.7822694799884,0.3455775247116881,22.11696158154804,1719.1572557825614,1803.354410453495,22.628952116932297,8.561935450265638,12.0,2.0670166666666665,8.067016666666666,2.0670166666666665,6.0,6.0,0.37836199422858385,0.3564909512814098,0.0913438967914031,0.2651470544900067,0.2651470544900067,0.3470090794627169,0.8844878580766313,2.7008664817130352,0.9991473458859181,0.0008526541140818633
20260811,growing_footprint,1,2.0,100,1600,8,8,640,640,42949672960,1850.3931987489,1858.2022668163665,0.3458724342657123,22.135835793005587,1717.5231044807063,1801.7435405444387,22.609126707856284,8.542110041189641,12.0,2.0670166666666665,8.067016666666666,2.0670166666666665,6.0,6.0,0.37781689454734246,0.3568035497745924,0.09142399409652624,0.2653795556780662,0.2653795556780662,0.34730413629245127,0.8843863946580656,2.7070391414141417,1.0,0.0
20260811,growing_footprint,2,4.0,200,3200,8,8,640,640,42949672960,1971.31046014116,1979.9486510959339,0.3246571318625131,20.77805643920084,1834.1867422035739,1919.9080538308363,24.117690423380537,10.050673756713906,12.0,2.0670166666666665,8.067016666666666,2.0670166666666665,6.0,6.0,0.4167345040207676,0.33448545549146846,0.08570541500370317,0.2487800404877653,0.2487800404877653,0.3259485204205247,0.8909594193570018,5.407097989949749,0.938661482380811,0.06133851761918896
20260811,growing_footprint,4,8.0,400,6400,8,8,640,640,42949672960,2193.132275233356,2203.4104707220777,0.29182006358093565,18.67648406917988,2047.9321434383814,2137.9313930540843,26.89195781584026,12.8249411491736,12.0,2.0670166666666665,8.067016666666666,2.0670166666666665,6.0,6.0,0.47690619020751557,0.2999787788568865,0.07686374792128838,0.22311503093559815,0.22311503093559815,0.29289201531380693,0.9013278816284555,10.80720551378446,0.843721657669742,0.15627834233025795
20260811,growing_footprint,8,16.0,800,12800,8,8,640,640,42949672960,2629.2708134140876,2642.8290111612714,0.24341349576271493,15.578463728813755,2466.268790336201,2566.116177778091,32.33668414475788,18.2696674780912,12.0,2.0670166666666665,8.067016666666666,2.0670166666666665,6.0,6.0,0.5649827111618959,0.2494695074657002,0.06392172609329679,0.18554778137240344,0.18554778137240344,0.24419337407294409,0.9162807688353797,21.6258760951189,0.7037666828797217,0.29623331712027834
20260811,growing_footprint,16,32.0,1600,25600,8,8,640,640,42949672960,3495.9615598778223,3516.06975249821,0.18306837447673963,11.716375966511336,3285.6683454013696,3427.393688886523,43.15596211732495,29.088945450658223,12.0,2.0670166666666665,8.067016666666666,2.0670166666666665,6.0,6.0,0.674042334442139,0.1869270494940064,0.04789643343015317,0.13903061606385325,0.13903061606385325,0.18354622597427034,0.9348835112605836,43.22648530331457,0.5292944922465246,0.4707055077534754
20260811,growing_footprint,32,64.0,3200,51200,8,8,640,640,42949672960,5226.6312470101275,5259.839437069521,0.12244980939990922,7.83678780159419,4937.09665264693,5140.600716774852,64.7663106581733,50.69929399150652,12.0,2.0670166666666665,8.067016666666666,2.0670166666666665,6.0,6.0,0.7828034895964611,0.12455575413648538,0.03191499786943346,0.09264075626705193,0.09264075626705193,0.12269601402374582,0.9536305393601741,86.42772741481713,0.3540317101588924,0.6459682898411077
20260812,fixed_footprint_control,1,2.0,100,1600,8,8,640,640,42949672960,1807.1628794929075,1817.9941455449969,0.35414627384311087,22.665361525959096,1692.6919902259513,1773.8979236397813,22.338463257113553,8.271446590446919,12.0,2.0670166666666665,8.067016666666666,2.0670166666666665,6.0,6.0,0.3702782279713411,0.3611267513712149,0.09253173071376954,0.2685950206574454,0.2685950206574454,0.3549853749060712,0.8920357258629107,2.669223484848485,1.0,0.0
20260812,fixed_footprint_control,2,2.0,200,3200,8,8,640,640,42949672960,1808.9832116301507,1819.8098707163201,0.3537899057798713,22.642553969911763,1694.4557884977205,1775.6773520712732,22.360709149318073,8.293692482651432,12.0,2.0670166666666665,8.067016666666666,2.0670166666666665,6.0,6.0,0.37090471627123517,0.36076747892017025,0.09243967411157457,0.2683278048085957,0.2683278048085957,0.3546311863223952,0.8921236359560288,2.6655621859296486,0.9989937263510573,0.0010062736489426793
20260812,fixed_footprint_control,4,2.0,400,6400,8,8,640,640,42949672960,1808.9043319207717,1819.7287005244275,0.3538053332651488,22.643541328969523,1694.348564113924,1775.5650721262105,22.35937973700478,8.292363070338137,12.0,2.0670166666666665,8.067016666666666,2.0670166666666665,6.0,6.0,0.370867312415392,0.3607889289216619,0.09244517025871489,0.2683437586629471,0.2683437586629471,0.3546470048789947,0.8921049852976473,2.6639332706766914,0.9990372888178033,0.0009627111821967071
20260812,fixed_footprint_control,8,2.0,800,12800,8,8,640,640,42949672960,1808.9376995450823,1819.762298528918,0.35379880697989174,22.64312364671307,1694.3794315527098,1775.6055821486286,22.35981384236474,8.292797175698109,12.0,2.0670166666666665,8.067016666666666,2.0670166666666665,6.0,6.0,0.37087952673317404,0.36078192437283324,0.09244337547883905,0.2683385488939942,0.2683385488939942,0.3546404570833446,0.892107598540871,2.6654646433041305,0.9990188605983383,0.0009811394016616681
20260812,fixed_footprint_control,16,2.0,1600,25600,8,8,640,640,42949672960,1808.863659645502,1819.6876879963343,0.35381328857335004,22.644050468694402,1694.3074916365997,1775.5347330930986,22.358914901066512,8.291898234399877,12.0,2.0670166666666665,8.067016666666666,2.0670166666666665,6.0,6.0,0.37085423291290204,0.3607964296282496,0.09244709216939997,0.26834933745884965,0.26834933745884965,0.354654997992509,0.8921046559036016,2.6638836772983114,0.9990597521579223,0.0009402478420776905
20260812,fixed_footprint_control,32,2.0,3200,51200,8,8,640,640,42949672960,1808.826661186255,1819.6504044212825,0.35382052561093863,22.644513639100072,1694.271543098468,1775.4993303690749,22.358465704094417,8.291449037427757,12.0,2.0670166666666665,8.067016666666666,2.0670166666666665,6.0,6.0,0.3708415929412087,0.36080367827696624,0.09244894949514099,0.2683547287818253,0.2683547287818253,0.35466226466648276,0.8921031858921805,2.663093935604876,0.9990801873230593,0.0009198126769407455
20260812,growing_footprint,1,2.0,100,1600,8,8,640,640,42949672960,1807.1628794929075,1817.9941455449969,0.35414627384311087,22.665361525959096,1692.6919902259513,1773.8979236397813,22.338463257113553,8.271446590446919,12.0,2.0670166666666665,8.067016666666666,2.0670166666666665,6.0,6.0,0.3702782279713411,0.3611267513712149,0.09253173071376954,0.2685950206574454,0.2685950206574454,0.3549853749060712,0.8920357258629107,2.669223484848485,1.0,0.0
20260812,growing_footprint,2,4.0,200,3200,8,8,640,640,42949672960,1926.7454446469321,1938.413786355475,0.33216634910341114,21.258646342618313,1808.3145219898913,1887.7885658217267,23.818557917316113,9.751541250649483,12.0,2.0670166666666665,8.067016666666666,2.0670166666666665,6.0,6.0,0.4094093892880099,0.33868619144242723,0.08678177217286288,0.25190441926956436,0.25190441926956436,0.33293269882624743,0.8977047688686047,5.331124371859297,0.9379354623693232,0.062064537630676764
20260812,growing_footprint,4,8.0,400,6400,8,8,640,640,42949672960,2146.6133049347213,2159.9416257367266,0.2981440572126997,19.08121966161278,2015.845203508648,2100.6609338599324,26.557432380854937,12.490415714188298,12.0,2.0670166666666665,8.067016666666666,2.0670166666666665,6.0,6.0,0.47031714267650926,0.30375740210797336,0.07783194689245501,0.22592545521551838,0.22592545521551838,0.2987864698024926,0.9070769477238979,10.655733082706766,0.8418669889628134,0.15813301103718658
20260812,growing_footprint,8,16.0,800,12800,8,8,640,640,42949672960,2577.475608411142,2594.1339313147714,0.24830496859464807,15.891517990057476,2421.3988212040254,2529.4050921617704,31.92961564344524,17.86259897677856,12.0,2.0670166666666665,8.067016666666666,2.0670166666666665,6.0,6.0,0.5594367052910496,0.2526499772734573,0.06473665983796456,0.18791331743549275,0.18791331743549275,0.24877718360757425,0.920926976554166,21.323717146433044,0.701136753184219,0.298863246815781
20260812,growing_footprint,16,32.0,1600,25600,8,8,640,640,42949672960,3435.169297862004,3458.4776155605655,0.18630813928103224,11.923720913986063,3227.8463686178684,3378.622278770029,42.59827169935298,28.531255032686254,12.0,2.0670166666666665,8.067016666666666,2.0670166666666665,6.0,6.0,0.6697749437829801,0.18937427141649024,0.04852348661596199,0.14085078480052826,0.14085078480052826,0.18660272092833258,0.9375513630697132,42.62213883677298,0.5260768022751185,0.47392319772488145
20260812,growing_footprint,32,64.0,3200,51200,8,8,640,640,42949672960,5147.896002074412,5184.50431717288,0.12432263583842869,7.956648693659436,4846.8028773773285,5060.979430138915,63.90740414596339,49.84038747929662,12.0,2.0670166666666665,8.067016666666666,2.0670166666666665,6.0,6.0,0.7798843990824921,0.1262297659319997,0.0323439309464931,0.09388583498550661,0.09388583498550661,0.12447888821225825,0.9542341361269159,85.21900593935604,0.3510488321373796,0.6489511678626204
20260813,fixed_footprint_control,1,2.0,100,1600,8,8,640,640,42949672960,1842.6885710792449,1852.6885710792449,0.3473185919990583,22.22838988793973,1711.3079299301862,1795.8393709145596,22.540484720787003,8.473468054120364,12.0,2.0670166666666665,8.067016666666666,2.0670166666666665,6.0,6.0,0.3759221755469202,0.357890114901886,0.09170240535069099,0.26618770955119503,0.26618770955119503,0.3483377311262797,0.8840543790776008,2.700505050505051,1.0,0.0
20260813,fixed_footprint_control,2,2.0,200,3200,8,8,640,640,42949672960,1844.510184047314,1854.510184047314,0.3469755849196131,22.20643743485524,1711.149552735174,1797.6181554833222,22.562646748292188,8.49563008162555,12.0,2.0670166666666665,8.067016666666666,2.0670166666666665,6.0,6.0,0.3765351723316149,0.35753857943449274,0.0916123312005992,0.26592624823389355,0.26592624823389355,0.3479955725694026,0.8841420341794206,2.697079145728643,0.9990124137107923,0.000987586289207698
20260813,fixed_footprint_control,4,2.0,400,6400,8,8,640,640,42949672960,1844.3944455777216,1854.3944455777216,0.3469973581489138,22.207830921530483,1711.0491063221903,1797.5090000594407,22.56126273012141,8.494246063454767,12.0,2.0670166666666665,8.067016666666666,2.0670166666666665,6.0,6.0,0.3764969259506095,0.35756051259916577,0.09161795114894011,0.2659425614502257,0.2659425614502257,0.3480172920450461,0.8841375086008716,2.6954965538847118,0.9990751032120234,0.0009248967879765813
20260813,fixed_footprint_control,8,2.0,800,12800,8,8,640,640,42949672960,1844.4283549956249,1854.4283549956249,0.3469909786772488,22.207422635343924,1711.07882088345,1797.5386652020372,22.561630959644017,8.494614292977378,12.0,2.0670166666666665,8.067016666666666,2.0670166666666665,6.0,6.0,0.37650710217588845,0.35755467683591385,0.09161645584771502,0.26593822098819886,0.26593822098819886,0.3480109283245164,0.884137226990394,2.696933667083855,0.9990567354315131,0.0009432645684869234
20260813,fixed_footprint_control,16,2.0,1600,25600,8,8,640,640,42949672960,1844.352560206148,1854.352560206148,0.34700523848242204,22.20833526287501,1711.0140659706567,1797.466397659452,22.560719151089685,8.493702484423043,12.0,2.0670166666666665,8.067016666666666,2.0670166666666665,6.0,6.0,0.3764819032381242,0.3575691276790274,0.09162015859617796,0.26594896908284943,0.26594896908284943,0.34802515291999736,0.8841340281977346,2.69536038148843,0.999097792275292,0.0009022077247079485
20260813,fixed_footprint_control,32,2.0,3200,51200,8,8,640,640,42949672960,1844.3146855669027,1854.3146855669027,0.34701236454302686,22.20879133075372,1710.9817079168592,1797.4302857613106,22.560263525448107,8.493246858781454,12.0,2.0670166666666665,8.067016666666666,2.0670166666666665,6.0,6.0,0.3764693107064562,0.35757634912229747,0.09162200895105059,0.2659543401712469,0.2659543401712469,0.34803226138288,0.8841324298746517,2.6945744763988744,0.9991183096353441,0.0008816903646559071
20260813,growing_footprint,1,2.0,100,1600,8,8,640,640,42949672960,1842.6885710792449,1852.6885710792449,0.3473185919990583,22.22838988793973,1711.3079299301862,1795.8393709145596,22.540484720787003,8.473468054120364,12.0,2.0670166666666665,8.067016666666666,2.0670166666666665,6.0,6.0,0.3759221755469202,0.357890114901886,0.09170240535069099,0.26618770955119503,0.26618770955119503,0.3483377311262797,0.8840543790776008,2.700505050505051,1.0,0.0
20260813,growing_footprint,2,4.0,200,3200,8,8,640,640,42949672960,1962.0611910513735,1972.2971676656161,0.32618758421955996,20.876005390051837,1823.1233733910556,1912.9600293451708,24.039132816230932,9.972116149564288,12.0,2.0670166666666665,8.067016666666666,2.0670166666666665,6.0,6.0,0.4148284476730889,0.33557852225101537,0.0859854921751188,0.2495930300758966,0.2495930300758966,0.3272130305278358,0.891229435798265,5.394158291457286,0.939159583545831,0.060840416454169044
20260813,growing_footprint,4,8.0,400,6400,8,8,640,640,42949672960,2181.6677542683074,2192.4249450087354,0.2933535588761748,18.774627768075188,2041.6207400712058,2132.3501981353033,26.80479187200924,12.737775205342592,12.0,2.0670166666666665,8.067016666666666,2.0670166666666665,6.0,6.0,0.47520515235352173,0.3009542735935437,0.07711369954060854,0.2238405740529352,0.2238405740529352,0.29435960159209096,0.9026635191926818,10.781986215538847,0.844623828478984,0.15537617152101602
20260813,growing_footprint,8,16.0,800,12800,8,8,640,640,42949672960,2613.2676858032237,2624.8196257281297,0.24490411123087347,15.673863118775902,2449.9455521188333,2562.2083564370128,32.23807815696111,18.17106149029442,12.0,2.0670166666666665,8.067016666666666,2.0670166666666665,6.0,6.0,0.5636521321718669,0.2502325550360008,0.06411724224386929,0.18611531279213153,0.18611531279213153,0.24586883114084795,0.9195622036519913,21.57546933667084,0.7051281355866417,0.29487186441335833
20260813,growing_footprint,16,32.0,1600,25600,8,8,640,640,42949672960,3486.719816097741,3503.415876135264,0.18355360733179696,11.747430869235005,3272.122944512107,3423.2331797638103,43.03404399745593,28.96702733078921,12.0,2.0670166666666665,8.067016666666666,2.0670166666666665,6.0,6.0,0.6731188761275066,0.1874566254369115,0.048032127001330936,0.13942449843558058,0.13942449843558058,0.18420917074944956,0.9354762044632008,43.12576610381488,0.5284877100166715,0.4715122899833285
20260813,growing_footprint,32,64.0,3200,51200,8,8,640,640,42949672960,5285.722954935996,5312.1190162051425,0.12108088249353766,7.74917647958641,4913.833377284581,5153.627541868654,64.59540455055188,50.528387883885124,12.0,2.0670166666666665,8.067016666666666,2.0670166666666665,6.0,6.0,0.7822288324603957,0.1248853029529907,0.031999438366378447,0.09288586458661227,0.09288586458661227,0.12148849289042564,0.9416714903131668,86.22638324476398,0.3486161849172357,0.6513838150827642
