hot_zone_fraction_target,run_count,logical_request_count_mean,logical_request_count_std,logical_request_count_ci95,service_operation_count_mean,service_operation_count_std,service_operation_count_ci95,static_drive_makespan_s_mean,static_drive_makespan_s_std,static_drive_makespan_s_ci95,adaptive_drive_makespan_s_mean,adaptive_drive_makespan_s_std,adaptive_drive_makespan_s_ci95,static_system_drain_s_mean,static_system_drain_s_std,static_system_drain_s_ci95,adaptive_system_drain_s_mean,adaptive_system_drain_s_std,adaptive_system_drain_s_ci95,static_throughput_req_per_s_mean,static_throughput_req_per_s_std,static_throughput_req_per_s_ci95,adaptive_throughput_req_per_s_mean,adaptive_throughput_req_per_s_std,adaptive_throughput_req_per_s_ci95,throughput_improvement_mean,throughput_improvement_std,throughput_improvement_ci95,drain_speedup_mean,drain_speedup_std,drain_speedup_ci95,static_capacity_efficiency_mean,static_capacity_efficiency_std,static_capacity_efficiency_ci95,adaptive_capacity_efficiency_mean,adaptive_capacity_efficiency_std,adaptive_capacity_efficiency_ci95,static_stranded_capacity_share_mean,static_stranded_capacity_share_std,static_stranded_capacity_share_ci95,adaptive_stranded_capacity_share_mean,adaptive_stranded_capacity_share_std,adaptive_stranded_capacity_share_ci95,static_zone_work_max_mean_ratio_mean,static_zone_work_max_mean_ratio_std,static_zone_work_max_mean_ratio_ci95,adaptive_zone_work_max_mean_ratio_mean,adaptive_zone_work_max_mean_ratio_std,adaptive_zone_work_max_mean_ratio_ci95,static_hot_zone_work_share_mean,static_hot_zone_work_share_std,static_hot_zone_work_share_ci95,static_ideal_lower_bound_s_mean,static_ideal_lower_bound_s_std,static_ideal_lower_bound_s_ci95,adaptive_ideal_lower_bound_s_mean,adaptive_ideal_lower_bound_s_std,adaptive_ideal_lower_bound_s_ci95,static_gap_to_ideal_mean,static_gap_to_ideal_std,static_gap_to_ideal_ci95,adaptive_gap_to_ideal_mean,adaptive_gap_to_ideal_std,adaptive_gap_to_ideal_ci95,static_productive_cycle_s_mean,static_productive_cycle_s_std,static_productive_cycle_s_ci95,adaptive_productive_cycle_s_mean,adaptive_productive_cycle_s_std,adaptive_productive_cycle_s_ci95,adaptive_max_estimated_work_s_mean,adaptive_max_estimated_work_s_std,adaptive_max_estimated_work_s_ci95,static_max_estimated_work_s_mean,static_max_estimated_work_s_std,static_max_estimated_work_s_ci95,estimated_bottleneck_reduction_mean,estimated_bottleneck_reduction_std,estimated_bottleneck_reduction_ci95,boundary_displacement_levels_mean,boundary_displacement_levels_std,boundary_displacement_levels_ci95,adaptive_layout_changed_mean,adaptive_layout_changed_std,adaptive_layout_changed_ci95,hot_side_cut_1_mean,hot_side_cut_1_std,hot_side_cut_1_ci95,hot_side_cut_2_mean,hot_side_cut_2_std,hot_side_cut_2_ci95,hot_side_cut_3_mean,hot_side_cut_3_std,hot_side_cut_3_ci95,shuttle_count_mean,shuttle_count_std,shuttle_count_ci95,reader_count_mean,reader_count_std,reader_count_ci95
0.125,10,10000.0,0.0,0.0,5069.4,25.8,15.991005671939458,21439.865399995757,206.31206210819937,127.87354090549388,21439.865399995757,206.31206210819937,127.87354090549388,21453.22696820141,205.9720173715235,127.66277899414128,21453.22696820141,205.9720173715235,127.66277899414128,0.4664639264442954,0.004477802327548898,0.0027753706363433392,0.4664639264442954,0.004477802327548898,0.0027753706363433392,1.0,0.0,0.0,1.0,0.0,0.0,0.9821805412704601,0.00525907768025157,0.0032596101168245375,0.9821805412704601,0.00525907768025157,0.0032596101168245375,0.017819458729539883,0.005259077680251582,0.003259610116824545,0.017819458729539883,0.005259077680251582,0.003259610116824545,1.0181719735690469,0.005457307931165933,0.003382474499255606,1.0181719735690469,0.005457307931165933,0.003382474499255606,0.12440316172701477,0.0009380987383943623,0.0005814396219574999,21069.997320985527,117.4357437635661,72.78742808572149,21069.997320985527,117.4357437635661,72.78742808572149,1.0181719735690469,0.005457307931165933,0.003382474499255606,1.0181719735690469,0.005457307931165933,0.003382474499255606,168559.97856788422,939.4859501085288,582.2994246857719,168559.97856788422,939.4859501085288,582.2994246857719,22319.704470316337,214.24951148863715,132.79322300097112,22319.704470316337,214.24951148863715,132.79322300097112,0.0,0.0,0.0,0.0,0.0,0.0,0.0,0.0,0.0,2.0,0.0,0.0,4.0,0.0,0.0,6.0,0.0,0.0,8.0,0.0,0.0,8.0,0.0,0.0
0.15,10,10000.0,0.0,0.0,5061.0,22.48110317577854,13.933932108346157,22570.53044524659,127.67492119725098,79.1337360089017,22570.53044524659,127.67492119725098,79.1337360089017,22584.49335251476,128.88929489219515,79.88641262299885,22584.49335251476,128.88929489219515,79.88641262299885,0.4430698240883815,0.0025138701367369526,0.001558112853297668,0.4430698240883815,0.0025138701367369526,0.001558112853297668,1.0,0.0,0.0,1.0,0.0,0.0,0.9319070321465645,0.00607309238693286,0.0037641416591339422,0.9319070321465645,0.00607309238693286,0.0037641416591339422,0.06809296785343553,0.00607309238693284,0.00376414165913393,0.06809296785343553,0.00607309238693284,0.00376414165913393,1.0731139224985653,0.006983563871287104,0.004328457731631922,1.0731139224985653,0.006983563871287104,0.004328457731631922,0.13413924031232066,0.000872945483910888,0.0005410572164539902,21046.069113173788,94.10357606211737,58.32600071934516,21046.069113173788,94.10357606211737,58.32600071934516,1.0731139224985653,0.006983563871287104,0.004328457731631922,1.0731139224985653,0.006983563871287104,0.004328457731631922,168368.5529053903,752.828608496939,466.6080057547613,168368.5529053903,752.828608496939,466.6080057547613,23512.54562190874,153.7710504650994,95.30828450261602,23512.54562190874,153.7710504650994,95.30828450261602,0.0,0.0,0.0,0.0,0.0,0.0,0.0,0.0,0.0,2.0,0.0,0.0,4.0,0.0,0.0,6.0,0.0,0.0,8.0,0.0,0.0,8.0,0.0,0.0
0.175,10,10000.0,0.0,0.0,5029.4,27.082097407697212,16.785657878081512,23929.194112212725,153.02047906538388,94.8430755293584,23929.194112212725,153.02047906538388,94.8430755293584,23943.125691160094,154.32642975587112,95.65251215334503,23943.125691160094,154.32642975587112,95.65251215334503,0.4179166063077222,0.0026637739248359395,0.0016510241837525558,0.4179166063077222,0.0026637739248359395,0.0016510241837525558,1.0,0.0,0.0,1.0,0.0,0.0,0.8736968514528056,0.005411100222384557,0.0033538346646350514,0.8736968514528056,0.005411100222384557,0.0033538346646350514,0.12630314854719438,0.005411100222384549,0.0033538346646350466,0.12630314854719438,0.005411100222384549,0.0033538346646350466,1.1446054819960751,0.007060795575313694,0.004376326437722726,1.1446054819960751,0.007060795575313694,0.004376326437722726,0.1430756852495094,0.0008825994469142118,0.0005470408047153407,20918.527691700154,117.13439327015388,72.60064911481464,20918.527691700154,117.13439327015388,72.60064911481464,1.1446054819960751,0.007060795575313694,0.004376326437722726,1.1446054819960751,0.007060795575313694,0.004376326437722726,167348.22153360123,937.075146161231,580.8051929185172,167348.22153360123,937.075146161231,580.8051929185172,24899.435042471057,161.81970413138328,100.2968917285471,24899.435042471057,161.81970413138328,100.2968917285471,0.0,0.0,0.0,0.0,0.0,0.0,0.0,0.0,0.0,2.0,0.0,0.0,4.0,0.0,0.0,6.0,0.0,0.0,8.0,0.0,0.0,8.0,0.0,0.0
0.2,10,10000.0,0.0,0.0,4993.0,27.964262908219126,17.332429720036366,24898.372603865413,137.60891449173428,85.29088884289747,24898.372603865413,137.60891449173428,85.29088884289747,24912.64703995564,138.07539026473916,85.58001352243015,24912.64703995564,138.07539026473916,85.58001352243015,0.4016449399586098,0.0022191317287852327,0.0013754320954180415,0.4016449399586098,0.0022191317287852327,0.0013754320954180415,1.0,0.0,0.0,1.0,0.0,0.0,0.8341465608420725,0.004971851866606557,0.0030815857131375286,0.8341465608420725,0.004971851866606557,0.0030815857131375286,0.16585343915792752,0.004971851866606561,0.003081585713137531,0.16585343915792752,0.004971851866606561,0.003081585713137531,1.1988727526788632,0.007157093472422784,0.004436012492717582,1.1988727526788632,0.007157093472422784,0.004436012492717582,0.1498590940848579,0.000894636684052848,0.0005545015615896977,20780.451155197006,119.13456630305959,73.84036920450673,20780.451155197006,119.13456630305959,73.84036920450673,1.1988727526788632,0.007157093472422784,0.004436012492717582,1.1988727526788632,0.007157093472422784,0.004436012492717582,166243.60924157605,953.0765304244767,590.7229536360538,166243.60924157605,953.0765304244767,590.7229536360538,25907.442942966572,145.8222625964573,90.38157473934085,25907.442942966572,145.8222625964573,90.38157473934085,0.0,0.0,0.0,0.0,0.0,0.0,0.0,0.0,0.0,2.0,0.0,0.0,4.0,0.0,0.0,6.0,0.0,0.0,8.0,0.0,0.0,8.0,0.0,0.0
0.225,10,10000.0,0.0,0.0,4955.4,29.145153971114993,18.064353583784833,25756.40625834945,107.33649618380201,66.52784958454598,25756.40625834945,107.33649618380201,66.52784958454598,25770.64460421411,107.93765197813433,66.90044980613075,25770.64460421411,107.93765197813433,66.90044980613075,0.3882596414535412,0.0016123285224710748,0.0009993315716226637,0.3882596414535412,0.0016123285224710748,0.0009993315716226637,1.0,0.0,0.0,1.0,0.0,0.0,0.800558791275287,0.004318514862563752,0.0026766432426981322,0.800558791275287,0.004318514862563752,0.0026766432426981322,0.19944120872471305,0.004318514862563742,0.002676643242698126,0.19944120872471305,0.004318514862563742,0.002676643242698126,1.2491637769922392,0.006725422711262651,0.004168460183022927,1.2491637769922392,0.006725422711262651,0.004168460183022927,0.1561454721240299,0.0008406778389078314,0.0005210575228778659,20630.91592729016,140.89061164775796,87.32490581326812,20630.91592729016,140.89061164775796,87.32490581326812,1.2491637769922392,0.006725422711262651,0.004168460183022927,1.2491637769922392,0.006725422711262651,0.004168460183022927,165047.32741832128,1127.1248931820637,698.5992465061449,165047.32741832128,1127.1248931820637,698.5992465061449,26776.465500649625,136.91655552252536,84.86176030787276,26776.465500649625,136.91655552252536,84.86176030787276,0.0,0.0,0.0,0.0,0.0,0.0,0.0,0.0,0.0,2.0,0.0,0.0,4.0,0.0,0.0,6.0,0.0,0.0,8.0,0.0,0.0,8.0,0.0,0.0
0.25,10,10000.0,0.0,0.0,4901.9,25.11752376330119,15.568002517985406,26395.956281559393,148.65174858052958,92.13530832151035,26395.956281559393,148.65174858052958,92.13530832151035,26409.11192065714,148.5836130155926,92.09307746083715,26409.11192065714,148.5836130155926,92.09307746083715,0.37885782795466993,0.0021168147042595936,0.0013120153465992252,0.37885782795466993,0.0021168147042595936,0.0013120153465992252,1.0,0.0,0.0,1.0,0.0,0.0,0.7729390497536529,0.003943757711964105,0.0024443663542935263,0.7729390497536529,0.003943757711964105,0.0024443663542935263,0.22706095024634712,0.003943757711964105,0.0024443663542935263,0.22706095024634712,0.003943757711964105,0.0024443663542935263,1.2937966621073123,0.00658327950875028,0.0040803589133483935,1.2937966621073123,0.00658327950875028,0.0040803589133483935,0.16172458276341403,0.000822909938593785,0.0005100448641685492,20412.408737289436,121.63257323489148,75.38864994154036,20412.408737289436,121.63257323489148,75.38864994154036,1.2937966621073123,0.00658327950875028,0.0040803589133483935,1.2937966621073123,0.00658327950875028,0.0040803589133483935,163299.26989831548,973.0605858791318,603.1091995323229,163299.26989831548,973.0605858791318,603.1091995323229,27438.888272087046,189.7545122175709,117.61106516074734,27438.888272087046,189.7545122175709,117.61106516074734,0.0,0.0,0.0,0.0,0.0,0.0,0.0,0.0,0.0,2.0,0.0,0.0,4.0,0.0,0.0,6.0,0.0,0.0,8.0,0.0,0.0,8.0,0.0,0.0
0.275,10,10000.0,0.0,0.0,4842.3,21.32627487396709,13.218162111277042,26979.1762623929,158.84659064551533,98.45413689847601,26979.1762623929,158.84659064551533,98.45413689847601,26992.34067342047,158.8320705704426,98.44513726270682,26992.34067342047,158.8320705704426,98.44513726270682,0.37066902292233694,0.00217135628448379,0.0013458205682551037,0.37066902292233694,0.00217135628448379,0.0013458205682551037,1.0,0.0,0.0,1.0,0.0,0.0,0.7477859402625556,0.005429859115275767,0.0033654615469072466,0.7477859402625556,0.005429859115275767,0.0033654615469072466,0.25221405973744443,0.005429859115275772,0.0033654615469072497,0.25221405973744443,0.005429859115275772,0.0033654615469072497,1.3373517002507955,0.00972413481185986,0.006027081198881975,1.3373517002507955,0.00972413481185986,0.006027081198881975,0.16716896253134944,0.0012155168514824824,0.0007533851498602469,20183.836159996274,95.08109660968356,58.93187423177029,20183.836159996274,95.08109660968356,58.93187423177029,1.3373517002507955,0.00972413481185986,0.006027081198881975,1.3373517002507955,0.00972413481185986,0.006027081198881975,161470.6892799702,760.6487728774684,471.4549938541623,161470.6892799702,760.6487728774684,471.4549938541623,28030.34459354553,174.505098943792,108.1593808911835,28030.34459354553,174.505098943792,108.1593808911835,0.0,0.0,0.0,0.0,0.0,0.0,0.0,0.0,0.0,2.0,0.0,0.0,4.0,0.0,0.0,6.0,0.0,0.0,8.0,0.0,0.0,8.0,0.0,0.0
0.3,10,10000.0,0.0,0.0,4780.5,22.900873345791858,14.194108355229643,27437.057342799726,145.68462508611046,90.29626612660333,27437.057342799726,145.68462508611046,90.29626612660333,27449.321001947596,146.79924650699473,90.9871156406896,27449.321001947596,146.79924650699473,90.9871156406896,0.36448087321975625,0.001939979429559202,0.001202411707811127,0.36448087321975625,0.001939979429559202,0.001202411707811127,1.0,0.0,0.0,1.0,0.0,0.0,0.7266023575969512,0.004745144981029629,0.00294107132968294,0.7266023575969512,0.004745144981029629,0.00294107132968294,0.2733976424030488,0.004745144981029618,0.0029410713296829337,0.2733976424030488,0.004745144981029618,0.0029410713296829337,1.3763272367652633,0.008980964279166892,0.005566459330528816,1.3763272367652633,0.008980964279166892,0.005566459330528816,0.1720409045956579,0.0011226205348958615,0.000695807416316102,19944.299268012408,103.47491508380433,64.13441682203755,19944.299268012408,103.47491508380433,64.13441682203755,1.3763272367652633,0.008980964279166892,0.005566459330528816,1.3763272367652633,0.008980964279166892,0.005566459330528816,159554.39414409926,827.7993206704347,513.0753345763004,159554.39414409926,827.7993206704347,513.0753345763004,28503.45792027646,116.88626224362542,72.44685591122547,28503.45792027646,116.88626224362542,72.44685591122547,0.0,0.0,0.0,0.0,0.0,0.0,0.0,0.0,0.0,2.0,0.0,0.0,4.0,0.0,0.0,6.0,0.0,0.0,8.0,0.0,0.0,8.0,0.0,0.0
0.31,10,10000.0,0.0,0.0,4751.0,30.331501776206203,18.79965957138586,27611.158267429906,140.1166125030309,86.84517617321357,27611.158267429906,140.1166125030309,86.84517617321357,27623.421926577776,141.09145511262906,87.44938988249004,27623.421926577776,141.09145511262906,87.44938988249004,0.36218176367061866,0.001841362292283007,0.0011412881728679462,0.36218176367061866,0.001841362292283007,0.0011412881728679462,1.0,0.0,0.0,1.0,0.0,0.0,0.7180811051847615,0.0053523188869376865,0.0033174016154670248,0.7180811051847615,0.0053523188869376865,0.0033174016154670248,0.28191889481523846,0.005352318886937683,0.0033174016154670226,0.28191889481523846,0.005352318886937683,0.0033174016154670226,1.3926775473350883,0.010357213733285619,0.006419467579630216,1.3926775473350883,0.010357213733285619,0.006419467579630216,0.17408469341688604,0.0012946517166607023,0.000802433447453777,19835.485666649016,131.7273233799308,81.64544090379367,19835.485666649016,131.7273233799308,81.64544090379367,1.3926775473350883,0.010357213733285619,0.006419467579630216,1.3926775473350883,0.010357213733285619,0.006419467579630216,158683.88533319213,1053.8185870394464,653.1635272303494,158683.88533319213,1053.8185870394464,653.1635272303494,28676.97784129501,117.95778758335207,73.11099419747336,28676.97784129501,117.95778758335207,73.11099419747336,0.0,0.0,0.0,0.0,0.0,0.0,0.0,0.0,0.0,2.0,0.0,0.0,4.0,0.0,0.0,6.0,0.0,0.0,8.0,0.0,0.0,8.0,0.0,0.0
0.32,10,10000.0,0.0,0.0,4722.6,27.536158047193148,17.067087578142907,27753.973567388704,131.81139103267788,81.69754657479774,27753.973567388704,131.81139103267788,81.69754657479774,27766.38760247642,133.03822790963238,82.45794794913589,27766.38760247642,133.03822790963238,82.45794794913589,0.3603169470455336,0.0017223828258615622,0.0010675439355660216,0.3603169470455336,0.0017223828258615622,0.0010675439355660216,1.0,0.0,0.0,1.0,0.0,0.0,0.7101203333936339,0.0051784424672216426,0.0032096318939981963,0.7101203333936339,0.0051784424672216426,0.0032096318939981963,0.2898796666063661,0.005178442467221643,0.0032096318939981963,0.2898796666063661,0.005178442467221643,0.0032096318939981963,1.4082864707581133,0.010207885838063844,0.0063269131912786596,1.4082864707581133,0.010207885838063844,0.0063269131912786596,0.17603580884476416,0.0012759857297579805,0.0007908641489098324,19717.080615692335,118.05718789680051,73.17260315003719,19717.080615692335,118.05718789680051,73.17260315003719,1.4082864707581133,0.010207885838063844,0.0063269131912786596,1.4082864707581133,0.010207885838063844,0.0063269131912786596,157736.64492553868,944.4575031744041,585.3808252002975,157736.64492553868,944.4575031744041,585.3808252002975,28827.795812129407,109.90094228942118,68.11730974812501,28827.795812129407,109.90094228942118,68.11730974812501,0.0,0.0,0.0,0.0,0.0,0.0,0.0,0.0,0.0,2.0,0.0,0.0,4.0,0.0,0.0,6.0,0.0,0.0,8.0,0.0,0.0,8.0,0.0,0.0
0.33,10,10000.0,0.0,0.0,4701.8,18.669761648183943,11.571638155421208,27936.449935425502,115.81043748339165,71.780052816539,27936.449935425502,115.81043748339165,71.780052816539,27948.25970986159,117.13233466330153,72.59937317706844,27948.25970986159,117.13233466330153,72.59937317706844,0.3579614750493465,0.0014923458514809692,0.0009249655416871125,0.3579614750493465,0.0014923458514809692,0.0009249655416871125,1.0,0.0,0.0,1.0,0.0,0.0,0.7022509516334917,0.003973096540543087,0.002462550748642928,0.7022509516334917,0.003973096540543087,0.002462550748642928,0.29774904836650834,0.003973096540543089,0.0024625507486429297,0.29774904836650834,0.003973096540543089,0.0024625507486429297,1.4240376583272323,0.008004272223925014,0.004961099322966371,1.4240376583272323,0.008004272223925014,0.004961099322966371,0.17800470729090404,0.0010005340279906267,0.0006201374153707963,19626.381448096545,82.90483894663056,51.38495154367429,19626.381448096545,82.90483894663056,51.38495154367429,1.4240376583272323,0.008004272223925014,0.004961099322966371,1.4240376583272323,0.008004272223925014,0.004961099322966371,157011.05158477236,663.2387115730445,411.0796123493943,157011.05158477236,663.2387115730445,411.0796123493943,29016.86424761674,97.8756364074342,60.66394794325444,29016.86424761674,97.8756364074342,60.66394794325444,0.0,0.0,0.0,0.0,0.0,0.0,0.0,0.0,0.0,2.0,0.0,0.0,4.0,0.0,0.0,6.0,0.0,0.0,8.0,0.0,0.0,8.0,0.0,0.0
0.34,10,10000.0,0.0,0.0,4676.8,15.612815249018993,9.676923147364558,28135.932258618705,115.22548825626527,71.41749752937719,28222.367310907368,267.8539770051284,166.01761494343216,28146.786249412835,116.28786830993792,72.07596750860334,28233.427817992222,268.4113614622248,166.36308540912518,0.35542338554725567,0.0014606409799752737,0.0009053146587384423,0.35436036417409816,0.0033168197505918278,0.002055786180019951,0.9969938990189191,0.00635809515104714,0.003940788202446728,0.9969878563540585,0.00636835009734965,0.003947144284016064,0.6940833808177739,0.0036723310640709777,0.002276134374992189,0.6919877348192636,0.006080109235448259,0.0037684907469017286,0.3059166191822262,0.0036723310640709994,0.0022761343749922026,0.30801226518073643,0.006080109235448268,0.0037684907469017342,1.4407891720228077,0.007575649479677831,0.0046954361937268764,1.4452241403612005,0.012727511549366254,0.007888593386650804,0.18009864650285096,0.0009469561849597288,0.0005869295242158596,19535.90983458261,72.02684060360896,44.64269831876706,19535.701990304497,75.63122889679181,46.876721328075554,1.4407891720228077,0.007575649479677831,0.0046954361937268764,1.4452241403612005,0.012727511549366254,0.007888593386650804,156287.27867666088,576.2147248288717,357.1415865501365,156285.61592243597,605.0498311743345,375.01377062460443,29207.440827270355,117.69267681692368,72.94667684206063,29219.41838936826,116.79299426177766,72.38904781716587,0.0004096529692905526,0.0008914048456288373,0.0005524984473815913,0.6,1.2,0.7437677056716028,0.2,0.4,0.24792256855720093,1.8,0.4,0.24792256855720093,3.8,0.4,0.24792256855720093,5.8,0.4,0.24792256855720093,8.0,0.0,0.0,8.0,0.0,0.0
0.35,10,10000.0,0.0,0.0,4651.1,13.471822445385776,8.349922059516484,28283.73111610721,104.73075417456946,64.91279395473013,28354.494662631296,198.79770900088815,123.21609659696793,28295.452136599175,103.65918346134094,64.24862754569442,28366.426710692183,198.79424330397987,123.21394853576956,0.3535650269825395,0.0013191573822503185,0.0008176222163467307,0.35269510880204,0.002472853812829585,0.0015326906723579462,0.9975360262765178,0.005287928420293349,0.0032774919907643725,0.9975298523801521,0.005305332648755942,0.003288279243324878,0.6869033826990415,0.003888340244653543,0.002410018252197104,0.6852197078362878,0.005452914392556068,0.0033797513558125733,0.3130966173009585,0.003888340244653573,0.0024100182521971224,0.31478029216371217,0.005452914392556077,0.003379751355812579,1.4558551663075538,0.008188419278468154,0.005075234849852816,1.459478176931912,0.011592646808896412,0.007185196933095093,0.18198189578844423,0.0010235524098085192,0.000634404356231602,19435.902034159993,62.7717855430889,38.90635576191093,19436.2469561275,63.672704171726174,39.46475091309289,1.4558551663075538,0.008188419278468154,0.005075234849852816,1.459478176931912,0.011592646808896412,0.007185196933095093,155487.21627327995,502.1742843447112,311.25084609528744,155489.97564902,509.3816333738094,315.71800730474314,29170.238416777265,177.12000355541574,109.78011556079807,29360.824597773044,103.55624354912145,64.18482472708314,0.006478084504020887,0.007077617063883473,0.004386752504355663,1.3,1.3453624047073711,0.8338642575383598,0.5,0.5,0.3099032106965012,1.5,0.5,0.3099032106965012,3.5,0.5,0.3099032106965012,5.7,0.458257569495584,0.284030984225313,8.0,0.0,0.0,8.0,0.0,0.0
0.36,10,10000.0,0.0,0.0,4612.4,13.698175060934211,8.490216864132504,28435.038726417453,96.14729485729237,59.59271075211619,28429.630178491603,290.9299505999583,180.32025155740308,28446.759746909418,95.37092564079586,59.111512126359806,28442.996845158268,291.2797617086546,180.53706672884766,0.35168282975480547,0.0011948773484718464,0.0007405926533598945,0.3517826219717215,0.0036087537350582982,0.0022367287382151144,1.0002865784914694,0.009971753679440601,0.0061805569630665825,1.0002293769912296,0.010029105224910337,0.006216103819225538,0.6779817086895918,0.003432494981710791,0.0021274824310636045,0.6784270011064478,0.006276895961976619,0.0038904604236489147,0.3220182913104082,0.003432494981710792,0.002127482431063605,0.3215729988935522,0.006276895961976616,0.0038904604236489125,1.4750038205944962,0.007461337572333189,0.004624584939512985,1.4741239696107686,0.013622393228364966,0.008443246797681157,0.18437547757431202,0.0009326671965416486,0.0005780731174391231,19286.143119425557,66.90887386517,41.47054966980679,19294.773212987235,66.59858163000263,41.278228549941666,1.4750038205944962,0.007461337572333189,0.004624584939512985,1.4741239696107686,0.013622393228364966,0.008443246797681157,154289.14495540445,535.27099092136,331.76439735845435,154358.18570389788,532.788653040021,330.2258283995333,29057.353769208934,276.6297264947181,171.45688082961624,29511.715785670884,99.18425650115253,61.47503908050498,0.015381778400345636,0.010257012393327913,0.006357362145692247,2.2,0.8717797887081347,0.5403347110819365,0.9,0.3,0.1859419264179007,1.1,0.3,0.1859419264179007,3.1,0.3,0.1859419264179007,5.6,0.4898979485566356,0.3036418943426614,8.0,0.0,0.0,8.0,0.0,0.0
0.37,10,10000.0,0.0,0.0,4577.5,14.941552797483935,9.26087036946312,28583.084294285563,90.27181935748828,55.951053308600365,28192.84037157453,319.75319160596285,198.1850814182828,28594.50456289783,89.54916525801039,55.50314765729799,28205.584231223653,319.9621322145549,198.31458414917793,0.3498607728399009,0.001107344640471981,0.0006863393188596592,0.35474565690535886,0.004027264517144448,0.0024961244083743176,1.013974430713339,0.012110022839477938,0.007505869919124345,1.0139215519312224,0.012125841103222568,0.007515674180568555,0.6698218287594827,0.0038037783416930674,0.002357606241736989,0.6794503851696239,0.00656045951250856,0.004066214933141611,0.3301781712405173,0.0038037783416930877,0.0023576062417370014,0.32054961483037614,0.006560459512508569,0.004066214933141616,1.4929823552180905,0.008457932533247758,0.005242280895815744,1.471915362364018,0.014246322466773936,0.008829962146141884,0.18662279440226132,0.0010572415666559698,0.000655285111976968,19152.945660763202,69.13843975777462,42.852448926961955,19162.304843966416,72.79676810458186,45.11990432787713,1.4929823552180905,0.008457932533247758,0.005242280895815744,1.471915362364018,0.014246322466773924,0.008829962146141875,153223.56528610562,553.107518062197,342.81959141569564,153298.43875173133,582.3741448366549,360.95923462301704,28761.799507819625,277.70131460459663,172.12105802120735,29653.266225984167,100.10501483799834,62.04573101023315,0.030044450887699727,0.010632797839535801,0.006590276378317931,2.5,0.5,0.3099032106965012,1.0,0.0,0.0,1.0,0.0,0.0,3.0,0.0,0.0,5.5,0.5,0.3099032106965012,8.0,0.0,0.0,8.0,0.0,0.0
0.38,10,10000.0,0.0,0.0,4544.5,19.438364128701778,12.048022908344754,28725.736373208925,81.99357888676502,50.82014670701066,27875.576998949284,272.02716088734775,168.6041811112855,28737.875188187103,82.10809682949244,50.89112566327783,27887.630382407933,272.8263506411993,169.0995240526342,0.3481227242951233,0.0009952479781346777,0.0006168610877262756,0.3587710782329503,0.0034954510080344482,0.002166502980444394,1.0306009404083132,0.010916605196900936,0.0067661820008514196,1.0305917520427559,0.0109813151473667,0.006806289643678124,0.6619082539290929,0.003084424803912915,0.001911746299769077,0.6822702586536514,0.005769091155359783,0.0035757197436935683,0.33809174607090703,0.0030844248039129055,0.0019117462997690709,0.31772974134634857,0.005769091155359792,0.0035757197436935744,1.5108162949591986,0.00705999062500712,0.004375827524353809,1.4657995973667715,0.012388758327741955,0.007678631964620496,0.18885203686989982,0.00088249882812589,0.0005469784405442261,19021.735664571323,83.6119338708283,51.82321351822644,19025.481465525987,80.51350853918767,49.90278960146885,1.5108162949591986,0.00705999062500712,0.004375827524353809,1.4657995973667715,0.012388758327741955,0.007678631964620496,152173.88531657058,668.8954709666264,414.5857081458115,152203.8517242079,644.1080683135013,399.2223168117508,28444.326590321216,302.411289315431,187.43645901944114,29802.90427000211,67.74425757644059,41.98832585837942,0.04557256612794357,0.011079952554588574,0.006867425742063798,2.5,0.5,0.3099032106965012,1.0,0.0,0.0,1.0,0.0,0.0,3.0,0.0,0.0,5.5,0.5,0.3099032106965012,8.0,0.0,0.0,8.0,0.0,0.0
0.39,10,10000.0,0.0,0.0,4518.0,26.225941355840785,16.25500685942642,28842.247569819923,87.69284088153395,54.352585888569536,27682.938439432855,360.3483901504677,223.34624615389077,28854.311447454744,87.40126709524748,54.171866583519304,27695.050720134608,360.7524819793777,223.59670486428163,0.34671682579688595,0.0010551226179398379,0.0006539717739561069,0.36129467350427336,0.004713142213730723,0.0029212358090087323,1.0420518497435545,0.013721515199182379,0.00850468323169492,1.0420324517264996,0.013759944441110412,0.00852850192261118,0.6556470701939626,0.0037176617704076866,0.0023042306378659614,0.6835734936808758,0.007509333392466596,0.0046543330570316946,0.3443529298060373,0.003717661770407687,0.002304230637865962,0.31642650631912417,0.007509333392466599,0.004654333057031696,1.5252599460136103,0.008665491496771743,0.005370927274225585,1.4630767192842717,0.016042341070577434,0.009943146009720585,0.19065749325170128,0.0010831864370964678,0.0006713659092781981,18918.193496379252,113.54932272577261,70.37859937026023,18929.173809760847,110.23061148234157,68.32164083083252,1.5252599460136103,0.008665491496771743,0.005370927274225585,1.4630767192842717,0.016042341070577434,0.009943146009720585,151345.54797103402,908.3945818061809,563.0287949620819,151433.39047808677,881.8448918587326,546.5731266466602,28244.948494195116,385.2411245371416,238.77492277278165,29932.454721842438,70.03353732121232,43.40723614455387,0.056371146517564516,0.013126539099059826,0.008135913224263595,2.5,0.5,0.3099032106965012,1.0,0.0,0.0,1.0,0.0,0.0,3.0,0.0,0.0,5.5,0.5,0.3099032106965012,8.0,0.0,0.0,8.0,0.0,0.0
0.4,10,10000.0,0.0,0.0,4484.4,23.01825362619849,14.266861406770584,28980.862823355394,82.3751188285127,51.056627612923776,27395.937608311062,419.49361376273595,260.00483554349967,28992.926700990214,81.8535133583859,50.73333319310547,27408.22156821081,420.2549270251638,260.47670239224414,0.3450580836162303,0.0009831590757909266,0.0006093683084260257,0.36510313368674274,0.005585063521576695,0.003461658234561051,1.0581014716241925,0.016537216031780804,0.010249872688461047,1.0580686362478078,0.016583682120456994,0.010278672668599565,0.6480380110428047,0.004225833486252568,0.002619198730516919,0.6857841467767549,0.009312164057760574,0.005771739080065121,0.3519619889571953,0.004225833486252555,0.002619198730516911,0.314215853223245,0.009312164057760565,0.005771739080065115,1.5431851482379448,0.010089055622326712,0.006253261460509269,1.4584535306765765,0.0197942071297593,0.012268576685407965,0.1928981435297431,0.001261131952790839,0.0007816576825636586,18788.352475178322,107.77882452060932,66.80200752806323,18792.467567027717,103.26263169151018,64.00284221233855,1.5431851482379448,0.010089055622326712,0.006253261460509269,1.4584535306765762,0.019794207129759284,0.012268576685407954,150306.81980142658,862.2305961648746,534.4160602245058,150339.74053622174,826.1010535320814,512.0227376987084,27975.12384854778,432.3921308818357,267.99941928036526,30069.500650877526,70.23865775879045,43.53437110892375,0.069644670056301,0.014635322941459222,0.009071067138276748,2.5,0.5,0.3099032106965012,1.0,0.0,0.0,1.0,0.0,0.0,3.0,0.0,0.0,5.5,0.5,0.3099032106965012,8.0,0.0,0.0,8.0,0.0,0.0
0.41,10,10000.0,0.0,0.0,4450.9,25.49686255208668,15.803119135158097,29098.754463691195,75.56446663598317,46.835341650119645,27249.999265861967,519.4037596648169,321.9297855359212,29110.818341326016,74.82750715932914,46.378569434183056,27262.22633353114,519.2417823920794,321.8293909821587,0.3436596446050488,0.0008948346266809701,0.0005546242477016752,0.3671044219934122,0.006922687108430741,0.0042907259230999285,1.0682357952937478,0.02072238342451158,0.012843866313080191,1.0681994862393598,0.020739097773146177,0.012854225973693316,0.6412019649173837,0.004243997446120261,0.00263045686948084,0.6850422358094976,0.011505986893214167,0.007131484560877862,0.3587980350826164,0.00424399744612027,0.002630456869480846,0.3149577641905024,0.011505986893214156,0.007131484560877855,1.5596395676586585,0.010357252044021815,0.006419491324870519,1.4601795027418163,0.024739940352484724,0.015333973895349889,0.1949549459573323,0.0012946565055027184,0.0008024364156088096,18665.74158260788,105.66655524329099,65.49280946627017,18670.098266068497,111.64793561203778,69.20010742761347,1.5596395676586583,0.010357252044021747,0.006419491324870477,1.4601795027418163,0.024739940352484724,0.015333973895349889,149325.93266086304,845.3324419463279,523.9424757301614,149360.78612854797,893.1834848963023,553.6008594209078,27822.195314519286,530.4221735131919,328.75906919270955,30191.69831961186,71.76783816864916,44.48216694642256,0.07848032118905318,0.017511386898361212,0.01085367004710157,2.5,0.5,0.3099032106965012,1.0,0.0,0.0,1.0,0.0,0.0,3.0,0.0,0.0,5.5,0.5,0.3099032106965012,8.0,0.0,0.0,8.0,0.0,0.0
0.42,10,10000.0,0.0,0.0,4414.0,24.641428530018302,15.272915635202073,29228.95748866973,73.15825949873374,45.34395901525078,27050.11970598733,564.3489667936287,349.7871135251973,29241.055451517583,72.34503696021957,44.839918463858176,27062.80792653871,564.7848443004849,350.05727320288753,0.34212861645550924,0.000858223852155522,0.0005319326545586312,0.3698430814255021,0.007620311643055325,0.004723118089381551,1.0810063354368247,0.022122206603146587,0.01371148570801293,1.080947618346629,0.02215325458453635,0.013730729446249597,0.6334593172897754,0.003884270943356199,0.002407496073122427,0.6848633159154126,0.0121611325031358,0.007537548016854724,0.36654068271022455,0.0038842709433561788,0.0024074960731224142,0.3151366840845874,0.01216113250313581,0.007537548016854731,1.5786927829576973,0.009693723237652264,0.0060082319099034375,1.460609884726297,0.026162816632389153,0.01621588175048244,0.19733659786971217,0.001211715404706533,0.0007510289887379297,18522.920813059704,106.75560549785645,66.16780980726952,18527.710828465868,110.13887594344479,68.26478255475435,1.5786927829576973,0.009693723237652264,0.0060082319099034375,1.460609884726297,0.02616281663238918,0.01621588175048246,148183.36650447763,854.0448439828516,529.3424784581562,148221.68662772694,881.1110075475583,546.1182604380348,27608.640467181147,595.0552221353806,368.81904776294834,30325.614527855807,75.02194835352438,46.49908533492859,0.08960189057744272,0.019082480362695397,0.011827443864904474,2.4,0.4898979485566356,0.3036418943426614,1.0,0.0,0.0,1.0,0.0,0.0,3.0,0.0,0.0,5.6,0.4898979485566356,0.3036418943426614,8.0,0.0,0.0,8.0,0.0,0.0
0.43,10,10000.0,0.0,0.0,4384.2,26.13732962641746,16.200084740519106,29361.181888681203,89.82675940732459,55.67520229358406,26789.86883312662,551.318261510214,341.71059871525716,29373.279851529056,89.22804840585059,55.30411737031183,26801.529986008827,550.041087889275,340.9189983037654,0.34058893236469834,0.0010419267699772299,0.0006457929026531567,0.3734313101935511,0.007575897567495997,0.004695589960149645,1.0964197936514628,0.02156710373011644,0.013367429382775142,1.0963921611909053,0.021517636715721856,0.01333676940960624,0.6269295733148416,0.003598099373717024,0.002230125096639951,0.6874435284472619,0.011627088694211892,0.007206544234778509,0.3730704266851584,0.003598099373717041,0.002230125096639962,0.3125564715527381,0.011627088694211902,0.007206544234778515,1.595128132965431,0.009171580964943514,0.005684604776397819,1.4550856661806064,0.024879048655651395,0.015420194114921676,0.19939101662067887,0.001146447620617944,0.0007105755970497304,18414.945335767337,114.64051735192204,71.05492880653719,18418.436628018677,120.65646058327272,74.78364905206409,1.595128132965431,0.009171580964943553,0.005684604776397843,1.4550856661806064,0.024879048655651395,0.015420194114921676,147319.5626861387,917.1241388153763,568.4394304522975,147347.49302414941,965.2516846661817,598.2691924165127,27317.35807963983,567.459217262257,351.71486673779367,30454.415990988637,63.562366552782066,39.39636294835012,0.10301639188561888,0.0181320318734606,0.011238349788073468,2.5,0.5,0.3099032106965012,1.0,0.0,0.0,1.0,0.0,0.0,3.0,0.0,0.0,5.5,0.5,0.3099032106965012,8.0,0.0,0.0,8.0,0.0,0.0
0.44,10,10000.0,0.0,0.0,4351.3,25.147763320025103,15.586745189422967,29491.642504442996,80.29727922832005,49.76876928609971,26507.035405674163,451.33194352523117,279.73843677672215,29503.74046729085,79.82939089241064,49.47876909100817,26518.747937002485,450.51069655174786,279.2294226290076,0.33908162563704886,0.0009226145751241963,0.0005718424381327534,0.3773668021575429,0.006371372260703217,0.003949017440269103,1.1128981891695313,0.017905892471816672,0.01109818713480459,1.1128621214280243,0.017893732600115356,0.011090650368240801,0.6195406632903226,0.0030582434147876387,0.0018955189066682415,0.6894165412799949,0.009729323202228577,0.0060302969965492,0.3804593367096773,0.0030582434147876326,0.0018955189066682376,0.31058345872000515,0.009729323202228576,0.006030296996549199,1.6141384564442263,0.007981810089112654,0.004947177147571475,1.45079252770593,0.02059635786034543,0.012765754859150333,0.20176730705552828,0.000997726261139081,0.0006183971434464339,18278.789410882368,106.89926011657971,66.25684786241698,18278.30499624524,103.38033088417927,64.07579292774763,1.6141384564442263,0.007981810089112648,0.004947177147571471,1.45079252770593,0.02059635786034543,0.012765754859150333,146230.31528705894,855.1940809326377,530.0547828993358,146226.4399699619,827.0426470734342,512.606343421981,27031.65507395553,474.93641635606457,294.36864061086936,30581.809941405278,49.44217598821587,30.64457816513911,0.1160925956271144,0.015144316325047797,0.0093865445058715,2.4,0.4898979485566356,0.3036418943426614,1.0,0.0,0.0,1.0,0.0,0.0,3.0,0.0,0.0,5.6,0.4898979485566356,0.3036418943426614,8.0,0.0,0.0,8.0,0.0,0.0
0.45,10,10000.0,0.0,0.0,4306.8,22.591148709173687,14.002139036590085,29633.331479648543,86.10156950776877,53.366305672931006,26100.60275618138,369.22216775992473,228.84627049824567,29645.45149763424,85.55626614919998,53.028323149682905,26112.3152875097,367.9527405772114,228.05947137890914,0.337460685100731,0.0009795803067446083,0.0006071501643904352,0.3832085126744173,0.005344667010688933,0.003312658933432343,1.135555423623348,0.014785412565527933,0.009164093651058997,1.1355089773124456,0.01474496102158255,0.009139021524366388,0.6107215502030572,0.0030004522432622326,0.0018596995674569705,0.6932889354257517,0.00863180056491775,0.005350045418319766,0.38927844979694287,0.0030004522432622452,0.0018596995674569781,0.3067110645742484,0.008631800564917731,0.005350045418319754,1.6374470063020148,0.008056929939319238,0.004993736913103596,1.4426267385970148,0.018207876041901168,0.011285358490698148,0.20468087578775185,0.0010071162424149047,0.0006242171141379495,18105.08851927479,98.29135754166523,60.92161457175962,18100.420893745333,92.7643928870988,57.49596638804719,1.6374470063020148,0.008056929939319238,0.004993736913103596,1.4426267385970148,0.018207876041901168,0.011285358490698148,144840.7081541983,786.3308603333219,487.37291657407695,144803.36714996267,742.1151430967903,459.9677311043775,26600.331890289744,396.4541670349216,245.72483851625836,30705.378286831343,46.671635066028664,28.927379110835382,0.13369472974304333,0.01260980412077142,0.007815637566562067,2.3,0.458257569495584,0.284030984225313,1.0,0.0,0.0,1.0,0.0,0.0,3.0,0.0,0.0,5.7,0.458257569495584,0.284030984225313,8.0,0.0,0.0,8.0,0.0,0.0
0.46,10,10000.0,0.0,0.0,4266.3,26.88884527085535,16.665878962719006,29752.76888607213,73.077063666298,45.293633316916754,25844.567550610176,373.0707573533203,231.23165104153856,29764.88890405783,72.55175145691108,44.96804143630259,25855.977991370703,372.2771527022132,230.739769782735,0.336105200072796,0.0008256958210414737,0.0005117715719988727,0.38700812502201637,0.0055167727362365445,0.003419331167285254,1.1514541188265905,0.016490987363410724,0.010221219862952824,1.15141358276211,0.016443119196964225,0.010191550866008973,0.6031662106433788,0.004074379550340877,0.002525326608493609,0.6942941558002265,0.009730534402700991,0.006031047706379597,0.3968337893566211,0.004074379550340873,0.0025253266084936067,0.30570584419977354,0.009730534402700998,0.006031047706379601,1.6579935023472712,0.01120624792468111,0.006945704423439358,1.440597633335611,0.020405043339644165,0.012647176890713967,0.2072491877934089,0.0014007809905851388,0.0008682130529299197,17953.17553500849,129.0449158774542,79.98286750896591,17948.43841264114,120.47866300913067,74.67344897390277,1.6579935023472712,0.01120624792468111,0.006945704423439358,1.440597633335611,0.020405043339644165,0.012647176890713967,143625.40428006792,1032.3593270196336,639.8629400717273,143587.5073011291,963.8293040730454,597.3875917912221,26286.507973638672,356.5973391111322,221.02132063273774,30816.59611631756,44.213483298067494,27.403800860294492,0.1470050422227481,0.0112436129500643,0.006968863506107371,2.5,0.5,0.3099032106965012,1.0,0.0,0.0,1.0,0.0,0.0,3.0,0.0,0.0,5.5,0.5,0.3099032106965012,8.0,0.0,0.0,8.0,0.0,0.0
0.47,10,10000.0,0.0,0.0,4231.8,27.352513595646013,16.953263567820798,29865.40250360776,75.29748919533516,46.669867318038946,25521.24503521392,316.4219558969417,196.12036013465783,29877.68091758343,74.3419922765162,46.07764419213372,25532.70635316743,315.14590692694566,195.32945678904235,0.33483772925408845,0.0008440880012110642,0.0005231711633714019,0.3918897125822655,0.004783322459334812,0.0029647339758890846,1.170399345439037,0.014983881379315507,0.009287105896290787,1.1703532587213825,0.014907571451505302,0.009239808513017986,0.5961656751153686,0.004367368955558823,0.0027069233232478083,0.6973885617134781,0.007953080033826901,0.004929370074818389,0.4038343248846315,0.004367368955558812,0.0027069233232478013,0.302611438286522,0.00795308003382691,0.004929370074818394,1.6774760925990162,0.012288358330194257,0.007616403401432591,1.4341099308894005,0.016582420315626695,0.010277890593863203,0.20968451157487702,0.001536044791274282,0.0009520504251790739,17812.00107384093,131.68551011782546,81.61952477544139,17804.166258101453,128.01912633575398,79.34707656402233,1.6774760925990162,0.012288358330194257,0.007616403401432591,1.4341099308894005,0.016582420315626695,0.010277890593863203,142496.00859072743,1053.4840809426037,652.9561982035311,142433.33006481163,1024.1530106860318,634.7766125121786,25988.69199564906,258.23626030439146,160.0564923731767,30929.67864245791,45.73033971555976,28.34395820818738,0.15974589891821897,0.008564076556607942,0.005308069643086874,2.7,0.458257569495584,0.284030984225313,1.0,0.0,0.0,1.0,0.0,0.0,3.0,0.0,0.0,5.3,0.458257569495584,0.284030984225313,8.0,0.0,0.0,8.0,0.0,0.0
0.48,10,10000.0,0.0,0.0,4191.7,25.628304664959796,15.884587800758318,29972.885713107113,78.63341765393457,48.737497197986514,25172.141739259612,220.2579217568597,136.51727426757913,29985.222272446194,77.4145176696054,47.98201516066347,25184.064210095323,220.81684682130063,136.8636996115971,0.3336371718527431,0.0008752216048160952,0.0005424679708069044,0.3972950572689741,0.0034846863461318943,0.002159830973873066,1.190829834052444,0.0130784251466527,0.008106091887603062,1.1907559879240222,0.013049679666836664,0.00808827525462706,0.588620453889024,0.0045259107290534055,0.0028051885325187853,0.7003963258289196,0.006643292146554579,0.00411755513162423,0.41137954611097605,0.004525910729053408,0.0028051885325187866,0.29960367417108036,0.006643292146554564,0.00411755513162422,1.6989881262317343,0.013072018842186608,0.008102121218957578,1.4278908360411828,0.013471817271364712,0.008349918852625003,0.2123735157789668,0.001634002355273326,0.0010127651523696973,17649.78048072576,125.46307959819312,77.76282238270147,17637.72894528727,114.6241094567764,71.04475908776438,1.6989881262317343,0.013072018842186608,0.008102121218957578,1.4278908360411826,0.013471817271364692,0.008349918852624991,141198.24384580608,1003.704636785545,622.1025790616118,141101.83156229815,916.9928756542112,568.358072702115,25632.905042533424,209.045280261125,129.5676070677451,31041.51004077871,48.594148090707236,30.118965028742846,0.17422982965794281,0.007541398871854221,0.00467420744706119,2.6,0.4898979485566356,0.3036418943426614,1.0,0.0,0.0,1.0,0.0,0.0,3.0,0.0,0.0,5.4,0.4898979485566356,0.3036418943426614,8.0,0.0,0.0,8.0,0.0,0.0
0.49,10,10000.0,0.0,0.0,4153.4,19.32459572668986,11.977508522226147,30082.02127218273,80.09672579823709,49.6444649823019,24931.285901103576,199.69506289066746,123.77228230011514,30095.260369927088,78.86369815660065,48.88022653226056,24943.505113793926,199.6748636951962,123.75976270905507,0.3324268262856921,0.0008846795331371797,0.0005483300555133874,0.40112816884102126,0.0032103094769659096,0.0019897704284822814,1.2066865348301472,0.01150978674803358,0.0071338397352952955,1.2066260176232622,0.01147953495252121,0.0071150894781780594,0.5815406294188809,0.003976376851182475,0.0024645839062413847,0.7012873738599432,0.007000504332148034,0.004338957538054883,0.41845937058111915,0.003976376851182447,0.0024645839062413673,0.2987126261400568,0.007000504332148031,0.00433895753805488,1.719650915937387,0.0117889717754585,0.007306880408050042,1.426089915995849,0.014121126335941876,0.008752364780318614,0.21495636449217337,0.0014736214719323125,0.0009133600510062552,17501.47745012363,107.63828558877083,66.71490059565402,17491.455280647522,105.33724140191912,65.28869863273428,1.719650915937387,0.0117889717754585,0.007306880408050042,1.426089915995849,0.014121126335941876,0.008752364780318614,140011.81960098905,861.1062847101666,533.7192047652321,139931.64224518018,842.6979312153529,522.3095890618742,25364.791429179462,233.7583492561597,144.8849259231959,31154.87527368598,39.414700639917655,24.42948455390384,0.18584454924888733,0.00783867779468712,0.004858462832377815,2.4,0.4898979485566356,0.3036418943426614,1.0,0.0,0.0,1.0,0.0,0.0,3.0,0.0,0.0,5.6,0.4898979485566356,0.3036418943426614,8.0,0.0,0.0,8.0,0.0,0.0
0.5,10,10000.0,0.0,0.0,4104.2,16.418282492392436,10.176156917029138,30198.535922350722,69.91893343289605,43.336203918658846,24564.575836869615,306.29961773087155,189.84646993981607,30212.572263202852,69.26052016092206,42.92811514475899,24575.53865858252,305.98409084608994,189.65090435050632,0.33114365683385616,0.0007668384363135654,0.00047529138699811663,0.4071536536933942,0.005083009984034417,0.0031504822281092737,1.2295512473008914,0.016139843928646157,0.01000357890725575,1.2295740153882067,0.016157279248861123,0.010014385430684029,0.5729519884903407,0.0035664356180396175,0.0022104996975456756,0.7038697449461719,0.008940556310709483,0.005541414212203468,0.4270480115096593,0.00356643561803961,0.0022104996975456713,0.296130255053828,0.008940556310709506,0.005541414212203481,1.7454145489294541,0.010861724173880965,0.006732166390371025,1.420945294136421,0.01794184625030346,0.011120471517584045,0.21817681861618177,0.0013577155217351206,0.0008415207987963781,17310.200741733035,88.9789033485212,55.14969566392075,17295.470886241434,88.2030399999828,54.66881057837318,1.7454145489294541,0.010861724173880965,0.006732166390371025,1.420945294136421,0.01794184625030346,0.011120471517584045,138481.60593386428,711.8312267881696,441.197565311366,138363.76708993147,705.6243199998625,437.35048462698546,25024.952098908452,300.75848080372236,186.41203769055113,31269.188626894,31.469146944751554,19.504779352116994,0.19969244115748114,0.009624451992567186,0.005965297147381818,2.6,0.4898979485566356,0.3036418943426614,1.0,0.0,0.0,1.0,0.0,0.0,3.0,0.0,0.0,5.4,0.4898979485566356,0.3036418943426614,8.0,0.0,0.0,8.0,0.0,0.0
0.525,10,10000.0,0.0,0.0,4007.5,19.184629264074925,11.890756409917747,30474.984690425066,68.71399509994731,42.58937540251464,23794.04366252722,424.8280942353264,263.3111807952068,30488.878675387474,67.90674227719339,42.089034919284124,23805.786935367945,424.63329530021315,263.1904431643431,0.3281396535702945,0.0007410274089422483,0.0004592935464906238,0.4204081694004481,0.0075587369334631374,0.004684953688980904,1.2812296726070371,0.025147913545910963,0.01558683830039168,1.281180047342641,0.02508987950863729,0.015550868431430099,0.5554005181206564,0.0035210895419986207,0.002182393908430491,0.7104574346039589,0.011208567540512455,0.00694714213622679,0.4445994818793436,0.0035210895419986224,0.0021823939084304913,0.2895425653960411,0.011208567540512485,0.006947142136226808,1.8005746057105974,0.011379789028551407,0.007053266313993798,1.4078899756047614,0.021942516914476053,0.013600112885116825,0.22507182571382467,0.001422473628568926,0.0008816582892492247,16933.400087118785,90.75120586076618,56.24818014166114,16908.433837710174,87.44283843264095,54.19763276538168,1.8005746057105974,0.011379789028551407,0.007053266313993798,1.4078899756047614,0.021942516914476053,0.013600112885116825,135467.20069695028,726.0096468861294,449.9854411332891,135267.4707016814,699.5427074611276,433.5810621230534,24529.41546138851,235.08192729992734,145.7052880939379,31549.495283184726,22.538599966606043,13.969568988510531,0.222506484880913,0.007793537411884353,0.0048304845332525215,2.5,0.5,0.3099032106965012,1.0,0.0,0.0,1.0,0.0,0.0,3.0,0.0,0.0,5.5,0.5,0.3099032106965012,8.0,0.0,0.0,8.0,0.0,0.0
0.55,10,10000.0,0.0,0.0,3890.1,27.01647645419365,16.744985589722074,30740.00445334474,55.70166744763876,34.52425116634407,23334.328354966307,290.9717067771658,180.34613230416915,30753.679891941232,55.515312952528156,34.408747453619064,23346.465863396003,290.85637123000976,180.27464659142694,0.32531006499761556,0.0005896911552706962,0.0003654943646754355,0.42861965726780366,0.00533373197885244,0.0033058813304819475,1.317591005268984,0.017646657244557058,0.010937511476297809,1.3174921360503582,0.01767716092596114,0.010956417853908185,0.5353042043798583,0.004465911826843242,0.0027680008276523946,0.7012306739250111,0.0064844158296153195,0.0040190825701780074,0.4646957956201417,0.004465911826843217,0.0027680008276523794,0.2987693260749888,0.006484415829615311,0.004019082570178002,1.868226879289267,0.015608343710941854,0.009674151659350844,1.4261858269892798,0.01314731597621307,0.00814879086613967,0.23352835991115836,0.0019510429638677318,0.0012092689574188555,16462.377435539343,115.212637696353,71.40953266982507,16369.818431528493,131.53134350751407,81.523971320406,1.868226879289267,0.015608343710941854,0.009674151659350844,1.4261858269892798,0.01314731597621307,0.00814879086613967,131699.01948431475,921.701101570824,571.2762613586006,130958.54745222794,1052.2507480601125,652.191770563248,23813.283281715387,325.00689267757696,201.44135907854852,31816.161949851394,22.538599966607098,13.969568988511186,0.25153120764555403,0.010475461804184495,0.006492758493290675,3.9,0.3,0.1859419264179007,1.0,0.0,0.0,1.0,0.0,0.0,2.1,0.3,0.1859419264179007,5.0,0.0,0.0,8.0,0.0,0.0,8.0,0.0,0.0
0.575,10,10000.0,0.0,0.0,3772.7,21.06205118216172,13.05439457041191,31007.36059979828,58.96979374920923,36.54985683398081,22562.85381170072,277.0441416997926,171.71373803484428,31021.1082188459,58.20146560726288,36.07364211786551,22574.641194817134,277.6095119961109,172.06415817496725,0.3225052384088772,0.0006142594106395916,0.0003807219271155,0.44327289735006276,0.005420337219605413,0.003359559814826927,1.3744894460897086,0.01834105577471235,0.01136790414429392,1.3743810308087783,0.018325648496576658,0.011358354614369232,0.5166803595201056,0.0033703761889780936,0.0020889808044386973,0.7051813516501814,0.005997037225333679,0.0037170021815946873,0.4833196404798944,0.0033703761889780927,0.002088980804438697,0.29481864834981863,0.005997037225333692,0.0037170021815946955,1.93551506093939,0.012645050479985704,0.007837483486333804,1.4181774664492552,0.012056718300379065,0.007472831423501468,0.24193938261742376,0.001580631309998213,0.0009796854357917255,16027.864715244208,87.08072014140919,53.973189523172366,15917.678482618996,87.068159856654,53.96540457802658,1.93551506093939,0.012645050479985704,0.007837483486333804,1.4181774664492552,0.012056718300379065,0.007472831423501468,128222.91772195367,696.6457611312735,431.7855161853789,127341.42786095197,696.545278853232,431.72323662421263,22977.039248544705,254.84312258909048,157.95340382856236,32090.203122608284,15.80318713809069,9.794916866663913,0.2839840467264847,0.008095452223141094,0.005017613271983106,4.0,0.0,0.0,1.0,0.0,0.0,1.0,0.0,0.0,2.0,0.0,0.0,5.0,0.0,0.0,8.0,0.0,0.0,8.0,0.0,0.0
0.6,10,10000.0,0.0,0.0,3663.3,20.72221030681814,12.84375901362214,31294.750723738704,45.66023222380026,28.300505134607086,21691.43287462625,225.9017585968291,140.01536058228655,31308.604608450485,45.002011016319386,27.892535403513385,21703.988263097428,224.40773466859494,139.0893549578522,0.31954308891379796,0.00046677555454444487,0.0002893104860559265,0.46106189819038496,0.004839790776784751,0.0029997334016498155,1.4428920052917176,0.01623327826475522,0.01006149010875474,1.442693121160958,0.016097531675337635,0.009977353500951521,0.49855003674988335,0.00275048349118619,0.001704767329772644,0.7133657308267665,0.005063764191254764,0.0031385535621596457,0.5014499632501166,0.002750483491186167,0.0017047673297726296,0.2866342691732335,0.005063764191254762,0.003138553562159645,2.005877499831305,0.011016967179916596,0.006828387002388262,1.4018760140600346,0.009935304181044255,0.006157965329903973,0.25073468747891314,0.0013771208974895745,0.0008535483752985328,15608.874599041079,83.27176548287908,51.612374967020614,15481.910648012261,88.24177968658424,54.6928216848915,2.005877499831305,0.011016967179916596,0.006828387002388262,1.4018760140600346,0.009935304181044255,0.006157965329903973,124870.99679232863,666.1741238630326,412.8989997361649,123855.28518409809,705.9342374926739,437.542573479132,22105.85422933372,181.4098883381905,112.439013696198,32363.343543485476,12.568250379788502,7.789882291067953,0.3169486709126667,0.005488004705599505,0.0034015005571655867,4.0,0.0,0.0,1.0,0.0,0.0,1.0,0.0,0.0,2.0,0.0,0.0,5.0,0.0,0.0,8.0,0.0,0.0,8.0,0.0,0.0
0.625,10,10000.0,0.0,0.0,3543.6,15.506127820961622,9.610797594372695,31563.62575579,47.65080133256765,29.53427265044766,20646.932396414577,235.70153374909512,146.08932414986862,31576.363175315422,47.2475137926373,29.284312443531043,20659.193042384202,235.99927968320407,146.27386899177299,0.3168211063546077,0.00047916432522581527,0.0002969891256774053,0.4843967604185653,0.005546444478935532,0.0034377219039440072,1.5289439414177664,0.018683204298577293,0.01157996999645555,1.5286535763817481,0.018698626226928715,0.011589528606678022,0.47942466646924364,0.001631831765028988,0.0010114198065980435,0.7261904910169656,0.006220314196473528,0.0038553906820563456,0.5205753335307564,0.0016318317650289732,0.0010114198065980344,0.2738095089830344,0.006220314196473517,0.003855390682056339,2.0858576420607626,0.007111282755483767,0.004407618716190162,1.3771500686034346,0.011782172608486663,0.007302666240700774,0.26073220525759533,0.0008889103444354708,0.0005509523395237703,15138.448822606897,44.7472917377462,27.73465875900113,15001.073235529073,53.2189462156063,32.985444604201604,2.0858576420607626,0.007111282755483767,0.004407618716190162,1.3771500686034346,0.011782172608486663,0.007302666240700774,121107.59058085518,357.9783339019696,221.87727007200905,120008.58588423258,425.7515697248504,263.88355683361283,21016.885452156,202.90220675242784,125.76009065996537,32632.211748911544,11.451984699247987,7.098013654288312,0.35594584526704465,0.006296160895654766,0.0039024009532503405,4.0,0.0,0.0,1.0,0.0,0.0,1.0,0.0,0.0,2.0,0.0,0.0,5.0,0.0,0.0,8.0,0.0,0.0,8.0,0.0,0.0
0.65,10,10000.0,0.0,0.0,3405.6,12.745195173083856,7.899553810184471,31832.542161508492,48.09888957475895,29.81200062030853,19639.99813769725,279.57124039644896,173.28005003452577,31845.29887927953,48.489911416975964,30.054358469019558,19651.98685950176,278.8316328505759,172.82163652828294,0.3141446520227378,0.00047569422526315294,0.0002948383354376715,0.5092689279187836,0.007300147760524548,0.00452467845909086,1.621133804394115,0.023476077178882986,0.014550623384589394,1.6207927117457606,0.02345213306297052,0.014535782667792268,0.45817240741726356,0.0019638936196096964,0.0012172338763668362,0.7347517890303856,0.009898064689560013,0.006134884053952631,0.5418275925827365,0.0019638936196096518,0.0012172338763668084,0.2652482109696144,0.009898064689559997,0.00613488405395262,2.182624811763324,0.009402106539274884,0.005827486007663711,1.3612500493645467,0.018278786809329182,0.011329309439695935,0.2728281014704155,0.0011752633174093668,0.0007284357509579678,14590.572502904386,50.228124943457516,31.131714374485,14436.677923847481,56.91496817508623,35.276262748296816,2.182624811763324,0.009402106539274934,0.005827486007663743,1.3612500493645467,0.018278786809329182,0.011329309439695935,116724.58002323509,401.8249995476601,249.05371499588,115493.42339077985,455.31974540068984,282.2101019863745,19992.739426212887,305.2447118689408,189.1926325126263,32898.87841557821,11.451984699247987,7.098013654288312,0.3922978228408166,0.009236459765208425,0.005724817073414284,4.0,0.0,0.0,1.0,0.0,0.0,1.0,0.0,0.0,2.0,0.0,0.0,5.0,0.0,0.0,8.0,0.0,0.0,8.0,0.0,0.0
0.675,10,10000.0,0.0,0.0,3263.0,10.862780491200215,6.732821102628526,32094.18704610951,39.4935016256611,24.478325910879725,18539.562088322615,232.69383026027683,144.22513021385288,32106.95412809962,39.305320577260225,24.361690088696395,18553.179882808832,232.5579574339572,144.14091536360718,0.31158337682540527,0.00038427342291724715,0.00023817513509477868,0.5394705456907721,0.006651621338392925,0.004122717618210651,1.731392409090259,0.021884354826704054,0.013564063649634117,1.7308097139429568,0.02189416130552669,0.013570141768179642,0.43730949093427074,0.001858792202229034,0.0011520913429767955,0.7481345254275624,0.007825105510731284,0.004850050643629019,0.5626905090657293,0.0018587922022290594,0.0011520913429768113,0.2518654745724376,0.007825105510731314,0.004850050643629037,2.2867514564606335,0.009745797326339284,0.006040507764459841,1.3368060150024514,0.014152134728004705,0.008771583980836226,0.2858439320575792,0.0012182246657924105,0.0007550634705574802,14040.644781134259,54.68490735835195,33.89405673398798,13878.579785626776,64.09521319098585,39.72662471632649,2.2867514564606335,0.009745797326339284,0.006040507764459841,1.3368060150024514,0.014152134728004705,0.008771583980836226,112325.15824907407,437.4792588668156,271.15245387190384,111028.63828501421,512.7617055278868,317.8129977306119,18898.787538117926,264.5755364430408,163.98561643089496,33169.36241047796,0.0,0.0,0.43023362028364054,0.007976503532653483,0.004943888109802596,4.0,0.0,0.0,1.0,0.0,0.0,1.0,0.0,0.0,2.0,0.0,0.0,5.0,0.0,0.0,8.0,0.0,0.0,8.0,0.0,0.0
0.7,10,10000.0,0.0,0.0,3117.0,10.059821071967434,6.235141698470052,32363.588671058245,47.11861260353795,29.20441865880207,17375.07971798153,266.62042187777473,165.2530495543561,32376.62317159472,47.31226422662359,29.32444517830373,17387.657072399415,264.7872564224176,164.11684183364994,0.3089898745369016,0.00044999343085637666,0.00027890881802945024,0.5756714225147823,0.008766000950148223,0.005433223678839029,1.8630885583856598,0.029104308134299765,0.018039037071839584,1.8624823104330277,0.028768758320850723,0.017831061142766644,0.4156115948238659,0.0016890057431811817,0.0010468566053933566,0.7632355505487797,0.011795897568421556,0.007311173059001782,0.5843884051761341,0.0016890057431811823,0.001046856605393357,0.23676444945122038,0.011795897568421544,0.007311173059001775,2.406132236450037,0.009743239235394427,0.006038922243265712,1.3105269645216095,0.020414337439044666,0.012652937433203462,0.3007665295562546,0.0012179049044243034,0.000754865280408214,13456.092347825137,56.32922439132147,34.913214989828376,13267.880667612357,58.03246825942944,35.968896476479955,2.406132236450037,0.009743239235394427,0.006038922243265712,1.3105269645216095,0.020414337439044666,0.012652937433203462,107648.7387826011,450.63379513057174,279.305719918627,106143.04534089885,464.25974607543554,287.75117181183964,17708.057299703578,270.1977334881445,167.47029026178703,33436.02907714462,0.0,0.0,0.47038994197406014,0.008081035366512453,0.005008677611668372,4.0,0.0,0.0,1.0,0.0,0.0,1.0,0.0,0.0,2.0,0.0,0.0,5.0,0.0,0.0,8.0,0.0,0.0,8.0,0.0,0.0
0.725,10,10000.0,0.0,0.0,2976.2,14.654692081377895,9.083072255575201,32626.62342333049,53.12276268066995,32.925829431615774,16422.976356711533,213.28705580167716,132.1966867858871,32639.827096799298,53.914176155188684,33.41635258509943,16435.989389292987,212.60075164562772,131.77131106293896,0.3064989715429356,0.0004992998310682068,0.00030946924149651586,0.6090046991770148,0.007829756502386287,0.004852933358122635,1.9869784536562953,0.025895105951169745,0.016049952951187156,1.9862053680266412,0.025734497536171623,0.015950406824241568,0.395902031270354,0.0015435799856228828,0.0009567207870227809,0.7742538659961855,0.008106512205634065,0.0050244683201527435,0.6040979687296459,0.0015435799856229053,0.0009567207870227949,0.22574613400381444,0.008106512205634055,0.0050244683201527375,2.5259159371955295,0.009879908526527582,0.006123630747517271,1.2917088708357487,0.013642603474285555,0.00845577323788067,0.3157394921494412,0.0012349885658159477,0.0007654538434396589,12922.148432964425,48.397140306462084,29.996858339003293,12723.97366386666,51.531263591650145,31.939408076600188,2.5259159371955295,0.009879908526527582,0.006123630747517271,1.2917088708357487,0.013642603474285555,0.00845577323788067,103377.1874637154,387.1771224516967,239.97486671202634,101791.78931093328,412.25010873320116,255.5152646128015,16733.306998018987,193.82671233615883,120.1350409434455,33702.695743811295,0.0,0.0,0.5035024163878148,0.005751074448451214,0.0035645528730592815,4.0,0.0,0.0,1.0,0.0,0.0,1.0,0.0,0.0,2.0,0.0,0.0,5.0,0.0,0.0,8.0,0.0,0.0,8.0,0.0,0.0
0.75,10,10000.0,0.0,0.0,2812.8,13.414917070187203,8.314651742556629,32892.14362866974,57.75161875406178,35.79482414960803,15066.185250128337,117.36895447317012,72.74603165465378,32905.167602890426,58.783108481773716,36.43414810644481,15079.673219391863,116.7195569870411,72.34353092271454,0.3040249045347474,0.0005337808302571438,0.0003308407862098659,0.663778289481024,0.005169117815153231,0.003203852414768939,2.183300323046663,0.016284011957891604,0.010092935177541652,2.182209462669745,0.01617244725327353,0.010023786657218555,0.3733319106837867,0.0014488385699613026,0.0008979994492238699,0.7999985402590482,0.005489436272998286,0.0034023878518320075,0.6266680893162133,0.0014488385699612508,0.0008979994492238378,0.20000145974095188,0.005489436272998303,0.0034023878518320183,2.6786220033222476,0.010401841059485276,0.0064471278829783644,1.2500608413437857,0.008534616923771459,0.0052898103734829414,0.33482775041528096,0.0013002301324356595,0.0008058909853722956,12284.532689620939,48.51212550463938,30.068126903198728,12063.200734513704,55.69881268461008,34.52248176588734,2.6786220033222476,0.010401841059485276,0.0064471278829783644,1.2500608413437857,0.008534616923771459,0.0052898103734829414,98276.26151696751,388.097004037115,240.54501522558982,96505.60587610964,445.59050147688066,276.17985412709874,15415.667559153402,121.10579149089207,75.06214723393693,33969.36241047796,0.0,0.0,0.5461890814177192,0.0035651476182413143,0.0022097013869999344,4.0,0.0,0.0,1.0,0.0,0.0,1.0,0.0,0.0,2.0,0.0,0.0,5.0,0.0,0.0,8.0,0.0,0.0,8.0,0.0,0.0
0.775,10,10000.0,0.0,0.0,2658.1,12.103305333668155,7.5017063658876975,33155.07801484581,39.95984852261215,24.767370712206684,14816.981938215653,29.5754970748515,18.331083002882917,33167.50650034469,40.829708274123824,25.306515371904943,14828.036739504008,30.28307029392522,18.769641427670525,0.30161336149780676,0.00036363462586792747,0.00022538307615378337,0.6749039647579965,0.0013475989681225838,0.0008352504939049613,2.237649417343722,0.005239827563798379,0.003247678771034287,2.2368195666399773,0.0052701791138439575,0.0032664908566517677,0.35207776656704864,0.0019184351981834306,0.0011890584548604473,0.7718826122131462,0.0039039957581557183,0.0024197216399959565,0.6479222334329514,0.0019184351981834072,0.0011890584548604327,0.22811738778685375,0.003903995758155718,0.002419721639995956,2.840366030080195,0.015496616018601585,0.009604902118190924,1.2955668068618356,0.006529744223592033,0.004047177399836207,0.3550457537600244,0.0019370770023251981,0.0012006127647738655,11677.502611809015,57.83204883611364,35.84467523093694,11445.465479132434,54.8614824827576,34.00349912995287,2.840366030080195,0.015496616018601585,0.009604902118190924,1.2955668068618356,0.006529744223592033,0.004047177399836207,93420.02089447212,462.65639068890914,286.75740184749554,91563.72383305947,438.8918598620608,272.02799303962297,15357.907871905647,23.101153410358208,14.318243225324872,34236.02907714462,0.0,0.0,0.5514109467164134,0.0006747614730173314,0.0004182214938847431,4.0,0.0,0.0,1.0,0.0,0.0,1.0,0.0,0.0,2.0,0.0,0.0,5.0,0.0,0.0,8.0,0.0,0.0,8.0,0.0,0.0
0.8,10,10000.0,0.0,0.0,2484.5,11.706835610018619,7.255971885281805,33418.823291405,53.911852377801715,33.414912292953105,14944.80004909492,34.573517972566826,21.428888449543294,33431.50766662819,53.67782360639985,33.26985975764751,14955.3957025136,34.36024015992885,21.296697491729624,0.29923333696023313,0.0004824692347462394,0.00029903752982028697,0.6691326405028255,0.0015479692830579277,0.0009594413017584257,2.2361632966751,0.006561723177939742,0.00406699816109035,2.2354270517904498,0.006540429003079325,0.004053799894773598,0.3291268577019193,0.0014468585133927002,0.0008967721974479288,0.7189526191716724,0.004420487012299207,0.0027398462359074158,0.6708731422980807,0.0014468585133926997,0.0008967721974479286,0.2810473808283276,0.004420487012299233,0.0027398462359074323,3.0384009176315265,0.013371399006741535,0.008287678967386415,1.3909649059126699,0.008565275208795735,0.005308812575409885,0.3798001147039408,0.001671424875842692,0.001035959870923302,11003.216927252726,53.57995436438975,33.20919977299279,10752.173366712459,62.94767810330899,39.01537510021059,3.0384009176315265,0.013371399006741535,0.008287678967386415,1.3909649059126699,0.008565275208795735,0.005308812575409885,88025.73541802181,428.639634915118,265.6735981839423,86017.38693369967,503.5814248264719,312.1230008016847,15487.72120523898,25.374338743436734,15.727178091783333,34502.695743811295,0.0,0.0,0.5511156194797622,0.0007354306148089332,0.00045582461754758037,4.0,0.0,0.0,1.0,0.0,0.0,1.0,0.0,0.0,2.0,0.0,0.0,5.0,0.0,0.0,8.0,0.0,0.0,8.0,0.0,0.0
