shuttles,policy,hot_share,dwell,seed,p99_min,mean_min,conflicts_per_req,traffic_wait_per_req_s,shuttle_time_waiting_pct,route_motion_per_req_s,throughput_req_min
2,zone,0.125,static,101,6.403325046360633,1.8234611082345473,0.08958333333333333,0.07147187630825631,0.07653159787139865,51.392505609950376,1.2852132962154876
2,zone,0.125,static,202,8.815374937796387,2.166695921227514,0.10166666666666667,0.0819351802565348,0.09127169882197872,51.477723190242706,1.3371016679177354
2,zone,0.125,static,303,7.488356141910462,2.043290483803894,0.10125,0.08321817619303924,0.09233372035196855,51.88707361737523,1.3316350909622665
2,zone,0.125,static,404,8.165034453519683,2.084032812140888,0.10333333333333333,0.08359704744622647,0.09263207325599833,51.40030579952455,1.3298953420209363
2,zone,0.125,static,505,7.953192651056808,2.006874071195301,0.0825,0.06720910626696444,0.07431939475481578,51.14960043327823,1.3272139603837885
2,zone,0.47,100,101,11.033316830716007,2.6282538316502695,0.07791666666666666,0.06310037025434705,0.06743716837156041,48.28847668277991,1.2825671762283828
2,zone,0.47,100,202,42.949564608486284,7.823867002540209,0.09833333333333333,0.08057460981461342,0.08837997928723948,51.4280855248793,1.316428494521937
2,zone,0.47,100,303,19.315466000835077,5.419921080807683,0.08458333333333333,0.0663418463846774,0.07327900198832787,49.761909352712976,1.3257803831382498
2,zone,0.47,100,404,20.552663605393153,4.422436175080272,0.085,0.06801898518667956,0.07535523031576291,48.53272272747368,1.3297339210796322
2,zone,0.47,100,505,23.987558596402913,4.2491281110917445,0.08375,0.07002851427513927,0.07747509327863969,50.1280821736147,1.327857971147078
2,zone_ws,0.125,static,101,4.795716938918885,1.4726503205868533,0.4245833333333333,1.4394622844151401,1.541366400215498,52.07278678312095,1.2852132962154876
2,zone_ws,0.125,static,202,5.326138484103385,1.6308575236519023,0.47875,1.603530034786357,1.788629996269636,52.056360349549486,1.3387806907448514
2,zone_ws,0.125,static,303,5.34350270718142,1.6151762864760193,0.4141666666666667,1.4191451223911087,1.57529630306162,52.61495243451264,1.3322280160713278
2,zone_ws,0.125,static,404,5.3697849269628595,1.5743112953514866,0.46708333333333335,1.5489733950924103,1.7163837885313904,52.04722657183051,1.3298953420209363
2,zone_ws,0.125,static,505,5.686633564059888,1.6383225962625885,0.3958333333333333,1.2678848638285845,1.405102624636069,51.66696708754143,1.3309525357019805
2,zone_ws,0.47,100,101,6.186766798264802,1.6641221564631543,0.8804166666666666,3.769207134669945,4.034919520355826,49.81639653426011,1.2846878792318501
2,zone_ws,0.47,100,202,10.65937151872771,2.3911368738912264,1.4170833333333333,5.372893213846884,5.998558006168048,53.19776526089799,1.3401345648745988
2,zone_ws,0.47,100,303,9.122568709637967,2.0704814197252794,1.1995833333333332,4.8805605000467915,5.412127676128306,51.32398437032897,1.3310008017067385
2,zone_ws,0.47,100,404,7.247556337366342,1.8566085683831612,1.0225,4.333789823641821,4.80001182474104,50.00626805466104,1.3294007850403347
2,zone_ws,0.47,100,505,11.714420552524919,2.2137109422201675,1.0304166666666668,4.106187711005787,4.551260892868329,51.149867693801916,1.33076161763591
2,nonzone_fifo,0.125,static,101,5.704858022498198,1.8087520099587893,1.2575,4.759003656122831,5.095922310836202,54.467214218417205,1.2852167374187888
2,nonzone_fifo,0.125,static,202,7.126712906940274,2.097820771091438,1.2175,4.623283875375396,5.158060719795378,54.38108175019357,1.3390658572261398
2,nonzone_fifo,0.125,static,303,6.852659682649974,2.091090213795529,1.3654166666666667,4.935651959408799,5.477858804265344,54.86591639501563,1.332156392703206
2,nonzone_fifo,0.125,static,404,5.80075164523013,1.869468164703844,1.31,4.821470072523771,5.342088517984749,54.229069250846536,1.329776390916156
2,nonzone_fifo,0.125,static,505,7.477551371012341,2.144152220560827,1.17875,4.36359221636771,4.8375271554853345,54.06630167735599,1.330871954983886
2,nonzone_fifo,0.47,100,101,12.284903662376417,2.5674948267219495,1.77,7.3074241224182686,7.824826110587339,51.359160345445844,1.2851958718669627
2,nonzone_fifo,0.47,100,202,14.181949453645249,4.089474359598953,2.4066666666666667,9.005557408513939,10.040850004786282,54.80215287778136,1.338142811597995
2,nonzone_fifo,0.47,100,303,11.952055611703651,2.746908402548508,2.0408333333333335,8.404437657381244,9.330477970180391,53.17833032090985,1.3329726433103104
2,nonzone_fifo,0.47,100,404,9.664423347816914,2.3630320453535343,2.0283333333333333,8.330920303711528,9.225360677255146,51.619741867369505,1.3291433546700797
2,nonzone_fifo,0.47,100,505,16.275510060357455,3.6344861014602743,2.0904166666666666,8.510101192903258,9.438781863326012,53.143360362094604,1.3314678766422836
4,zone,0.125,static,101,6.632796426277088,1.578805974833431,0.8058333333333333,1.3410450247152204,1.2767175220767963,48.53755540489953,2.2857352612499793
4,zone,0.125,static,202,6.90304842713305,1.670517320820182,0.845,1.423474248547316,1.4065220462818477,48.563003029996224,2.373998619265876
4,zone,0.125,static,303,8.010406976579011,1.8422756343059261,0.8775,1.4940533196897607,1.4744351919921501,49.03552971788718,2.3702677082822254
4,zone,0.125,static,404,9.536505545682523,1.6747143277003755,0.8820833333333333,1.479118697848301,1.4564655432789293,48.38584706832571,2.363879498487518
4,zone,0.125,static,505,8.322976886129103,1.7802197471830334,0.8508333333333333,1.4337506235564017,1.4065168389353768,48.414843515103406,2.3552365944762665
4,zone,0.47,100,101,33.703962997977534,6.41238307016932,0.69,1.097365809122423,1.0353611639751104,45.97167508895718,2.2652448903156546
4,zone,0.47,100,202,108.17164858917526,15.893222591367369,0.9341666666666667,1.5045029274901898,1.3913652857660639,49.63996519661411,2.2218571549755133
4,zone,0.47,100,303,80.532329370441,12.186126531997521,0.755,1.2103313289793123,1.1677468101188075,47.40395044315191,2.3177643605217955
4,zone,0.47,100,404,32.569661336594315,6.184029010941119,0.7708333333333334,1.2582090551809284,1.2256078613744588,46.358573393415085,2.3387633329436643
4,zone,0.47,100,505,62.852716481473685,8.992804168504282,0.8708333333333333,1.4270258559881759,1.386414570332452,47.76612862957518,2.3324837205102655
4,zone_ws,0.125,static,101,3.643069083651925,1.2536212784543446,1.7108333333333334,5.345296455780117,5.088892259406939,50.00687336237146,2.2857352612499793
4,zone_ws,0.125,static,202,4.043668932822985,1.3691239443436454,2.120416666666667,6.789859648277454,6.7188568651763125,50.2789608667182,2.3757255772661003
4,zone_ws,0.125,static,303,4.520881663255819,1.3948554934433812,2.04125,6.592980636033451,6.504431793048001,51.05839912541314,2.368365854993886
4,zone_ws,0.125,static,404,4.292177442874846,1.338245305003426,1.9883333333333333,6.446445534528904,6.348140455922674,50.188691478066254,2.3641228463502495
4,zone_ws,0.125,static,505,4.360311267538309,1.3691619344943502,1.8870833333333332,6.061891770231526,5.956323893995482,50.123759328700665,2.359030722558444
4,zone_ws,0.47,100,101,18.620363313313746,3.5873686475817177,4.9825,23.645393530689244,22.403687706239197,50.42270330265497,2.274259317304215
4,zone_ws,0.47,100,202,52.657166894383906,7.087342698862995,6.426666666666667,26.51512698162341,25.893178193965596,54.596583947800255,2.3470586652189636
4,zone_ws,0.47,100,303,18.572344396038,3.9833198473491134,6.225833333333333,27.51706614024047,26.806823985272747,52.35288180213834,2.3389879058996934
4,zone_ws,0.47,100,404,15.552443472330804,3.619197351442404,5.58375,25.867449926761363,25.40501221698681,50.80893683847442,2.358059667635569
4,zone_ws,0.47,100,505,28.22387123490209,5.253859782173043,5.867083333333333,26.24642098742819,25.692793936262806,52.6049871024992,2.3499355233793837
4,nonzone_fifo,0.125,static,101,7.068205477042109,1.9321514013001555,3.899583333333333,15.533191300133646,14.785085240331922,54.99846139961907,2.285238308041643
4,nonzone_fifo,0.125,static,202,6.279465276892217,2.0940495755112747,4.0475,15.781679298504566,15.609409858378797,54.942864568910956,2.3746241588038246
4,nonzone_fifo,0.125,static,303,6.453295231713005,1.966992826452875,4.210416666666666,16.241684288751177,16.01031734027316,55.44644228645403,2.366853520473594
4,nonzone_fifo,0.125,static,404,5.1447825674173195,1.7870133581007932,4.03625,15.582924571826073,15.340231791282907,55.029785651162335,2.3632576324659156
4,nonzone_fifo,0.125,static,505,11.881800076721145,2.6391271932918055,4.02125,15.847201364550607,15.598738723668626,54.938201186425005,2.3632009123930877
4,nonzone_fifo,0.47,100,101,49.275565080352045,25.40320172765543,7.683333333333334,38.40110769192128,34.978981674786574,53.96445680986824,2.1863932302694966
4,nonzone_fifo,0.47,100,202,168.36447844409565,67.8060549137147,9.51625,44.968546497602894,38.191555899845895,58.08482777973488,2.038746336423566
4,nonzone_fifo,0.47,100,303,102.77105554132457,45.12616599123397,8.56,42.34496161806181,37.829434402220826,55.71102721691182,2.1448575221481327
4,nonzone_fifo,0.47,100,404,81.00911276493612,34.780374330594405,7.994583333333333,40.357835561957685,36.80745750283353,54.482799643917275,2.189698207369878
4,nonzone_fifo,0.47,100,505,131.33461580705924,69.61316186350619,8.611666666666666,42.510310280287854,37.120738652404725,56.20350326061369,2.0961669358027146
8,zone,0.125,static,101,5.049412214505233,1.1190818168809928,1.9633333333333334,3.6925065963876493,2.658426334910068,43.249520640382336,3.458484370987624
8,zone,0.125,static,202,5.250598994357403,1.1856050213869473,2.02875,3.922967085207779,2.936032143763889,43.398489439945294,3.5973402443223645
8,zone,0.125,static,303,6.026909155175589,1.2013879585164164,2.165,4.121215403676902,3.0783463318154185,43.74432924416556,3.5891095336017176
8,zone,0.125,static,404,5.462537123216355,1.1529355990536578,1.9766666666666666,3.872867040378647,2.883790702716909,43.010675690417735,3.5781433117077137
8,zone,0.125,static,505,4.259182241582552,1.1232668884440804,1.94,3.592790732819753,2.6707196075579374,42.92668284244216,3.5734175084039252
8,zone,0.47,100,101,30.369647027059823,5.719351983349695,1.8066666666666666,3.2286536164510524,2.2857114359374333,42.30628276579404,3.400059573776285
8,zone,0.47,100,202,65.42786840594434,10.479538500231069,2.7558333333333334,5.1293428774190115,3.677329832691724,46.248908493043785,3.4425170698899064
8,zone,0.47,100,303,39.37196360192843,7.845438478725438,2.0683333333333334,3.745405863765442,2.7006198057551765,44.10150560331954,3.4630977116787407
8,zone,0.47,100,404,30.457507817212694,6.228144363928405,1.85375,3.373467695741801,2.469412133428467,42.71021864181461,3.5184891781219045
8,zone,0.47,100,505,49.589035057272056,7.8436154013702035,2.4575,4.574290642433253,3.3275579504096853,44.54173051939477,3.4935094799204864
8,zone_ws,0.125,static,101,4.773301065414709,1.1082482285887951,1.9766666666666666,3.7800774873573997,2.721473145159038,43.266763631977135,3.458484370987624
8,zone_ws,0.125,static,202,5.109324796306009,1.1840114049326076,2.1370833333333334,4.182213689877157,3.1300578258403493,43.487692211221734,3.5973402443223645
8,zone_ws,0.125,static,303,5.288961919930004,1.1870693084931325,2.23375,4.398252180764605,3.2852792540220634,43.8715144950411,3.5891095336017176
8,zone_ws,0.125,static,404,4.8260628086789215,1.1503607979270947,2.005,3.987437196159958,2.969101235354939,43.065024196675225,3.5781433117077137
8,zone_ws,0.125,static,505,4.172534757726539,1.1045232356191212,1.8766666666666667,3.4727674989973463,2.5814997147866063,42.88241705646007,3.5734175084039252
8,zone_ws,0.47,100,101,24.186192730536263,4.787116883976911,5.432916666666666,18.914460747682813,13.410029491243755,47.76646716629077,3.4050438445603377
8,zone_ws,0.47,100,202,55.561212386606016,8.385778051589147,8.414583333333333,26.875010107343154,19.35380836183055,53.392143164943235,3.4590702701607614
8,zone_ws,0.47,100,303,33.247607972451334,6.708438019173741,6.95,22.649871845749082,16.38741251002772,50.98567839057587,3.477259884295841
8,zone_ws,0.47,100,404,25.9824449971819,5.617931100577488,6.16,21.435408562419163,15.712017750060067,49.074010927101774,3.523776265335999
8,zone_ws,0.47,100,505,39.84239259544799,7.137362214540729,7.672083333333333,25.926978843895334,18.98950440693911,51.73601378699188,3.5168819002485097
8,nonzone_fifo,0.125,static,101,11.081238585806997,3.3555818081604274,10.14625,41.620303444996544,29.96567520294069,56.56368114208625,3.4577832528254238
8,nonzone_fifo,0.125,static,202,10.039853979941428,3.4250843256326844,11.0525,43.83864218611424,32.54208095833546,56.969294111790674,3.566721524968004
8,nonzone_fifo,0.125,static,303,8.516628968790283,2.9822664775371504,10.793333333333333,43.28958682230209,32.29473632604378,57.49751221151365,3.5832661582803937
8,nonzone_fifo,0.125,static,404,7.8009543287565295,2.513379046599239,10.125833333333333,40.63863200930963,30.28226436463673,56.171148338410916,3.57822339877794
8,nonzone_fifo,0.125,static,505,16.91955531257,7.141686029766589,11.137083333333333,45.18654372084894,33.63467845411917,57.08624211480783,3.575141045535192
8,nonzone_fifo,0.47,100,101,371.4156424005538,174.8755684611817,22.018333333333334,138.06070033825108,64.44661886767487,60.352313654069015,2.241817261860412
8,nonzone_fifo,0.47,100,202,508.04619478531447,230.2905638758733,27.045,154.62485972711087,65.52959306492927,65.9954771789427,2.0355841601189404
8,nonzone_fifo,0.47,100,303,454.73096158694534,222.7664603659221,24.500416666666666,149.56442665121085,65.8752133974403,62.81950602309433,2.115018929710638
8,nonzone_fifo,0.47,100,404,417.9297237161214,210.2699886462657,22.365833333333335,143.17214969246348,65.60615152866019,60.725866952325596,2.20118092925527
8,nonzone_fifo,0.47,100,505,447.0655527442138,217.70103436660256,24.459583333333335,145.79067467145606,64.89938838231183,63.22680831810619,2.137531815932544
