shuttles,policy,hot_share,dwell,runs,p99_min,mean_min,conflicts_per_req,traffic_wait_per_req_s,shuttle_time_waiting_pct,route_motion_per_req_s,throughput_req_min,p99_sd
2,zone,0.125,static,5,7.765056646128794,2.024870879320429,0.09566666666666666,0.07748627729420425,0.085417697011232,51.46144173007422,1.3222118715000428,0.8985296371585164
2,zone,0.47,100,5,23.567713928366686,4.908721240234035,0.08591666666666667,0.06961286518309134,0.07638529464830607,49.62785529229211,1.316473589223056,11.833381351293724
2,zone_ws,0.125,static,5,5.304355324245288,1.58626360446577,0.4360833333333333,1.4557991401027202,1.6053558225428426,52.091658645311,1.3234139761509167,0.32060010769614916
2,zone_ws,0.47,100,5,8.986136783304348,2.0392119921365977,1.1099999999999999,4.492527676642245,4.95937558405231,51.098856382790004,1.3231971296978864,2.297879171969291
2,nonzone_fifo,0.125,static,5,6.592506725666183,2.0022566760220855,1.2658333333333334,4.700600355959701,5.182291501673402,54.401916658365785,1.3234174666496354,0.7986169540253436
2,nonzone_fifo,0.47,100,5,12.871768427179937,3.0802791471366437,2.06725,8.311688136985648,9.172059325227034,52.82054915472023,1.3233845116175262,2.4889443445349
4,zone,0.125,static,5,7.881146852360155,1.7093066009685896,0.85225,1.4342883828714,1.40413142851302,48.58735574724241,2.349823536352373,1.1691011160016056
4,zone,0.47,100,5,63.56606375513236,9.933713074595921,0.8041666666666667,1.299486995352206,1.2412991383133785,47.42805855034269,2.2952226918533785,32.1346512979815
4,zone_ws,0.125,static,5,4.172021678028777,1.3450015911478295,1.9495833333333332,6.24729480897029,6.123329053509882,50.331336832253946,2.350596052483732,0.34200107490177917
4,zone_ws,0.47,100,5,26.72523786219371,4.706217665481854,5.817166666666667,25.958291513348534,25.24029920774543,52.15721859871344,2.333660215887565,15.261887523485282
4,nonzone_fifo,0.125,static,5,7.365509725957159,2.083866870931381,4.043,15.797336164753213,15.468756590787082,55.07115101851428,2.350634906435613,2.6186124804157807
4,nonzone_fifo,0.47,100,5,106.55096552755353,48.54579176534094,8.473166666666666,41.716552329966305,36.98563362641831,55.68932294220918,2.1311724464027577,45.77741025521996
8,zone,0.125,static,5,5.209727945767426,1.156455456856419,2.01475,3.840469371694146,2.8454630241528442,43.26593957147062,3.559298993804669,0.6447104623898011
8,zone,0.47,100,5,43.04320438188347,7.623217745520962,2.188416666666667,4.010232139162112,2.892126231644497,43.98172920467335,3.4635346026774645,14.802178096561654
8,zone_ws,0.125,static,5,4.834037069611236,1.1468425951121501,2.0458333333333334,3.9641496106312935,2.9374822350325993,43.314682318275054,3.559298993804669,0.42546377976812116
8,zone_ws,0.47,100,5,35.7639701364447,6.527325253971603,6.925916666666667,23.160346021417908,16.77055450402024,50.5908626871807,3.4764064329202897,12.69467971944198
8,nonzone_fifo,0.125,static,5,10.871646235173047,3.8835995375392183,10.651,42.91474163671429,31.743887061215165,56.85757558372187,3.552227076077391,3.6155313104321505
8,nonzone_fifo,0.47,100,5,439.83761504662976,211.18072314316908,24.077833333333334,146.24256221609846,65.2713930482033,62.623994425307565,2.146226619375561,50.219486376874485
