scenario,request_merge,hot_zone_fraction_target,hotspot_width,run_count,hot_zone_fraction_actual_mean,hot_zone_fraction_actual_std,request_count_mean,request_count_std,service_operation_count_mean,service_operation_count_std,requests_per_service_mean,requests_per_service_std,productive_cycle_s_mean,productive_cycle_s_std,drive_makespan_s_mean,drive_makespan_s_std,system_drain_s_mean,system_drain_s_std,throughput_req_per_s_mean,throughput_req_per_s_std,throughput_service_ops_per_s_mean,throughput_service_ops_per_s_std,throughput_mib_per_s_mean,throughput_mib_per_s_std,latency_p50_s_mean,latency_p50_s_std,latency_p95_s_mean,latency_p95_s_std,latency_p99_s_mean,latency_p99_s_std,static_capacity_efficiency_mean,static_capacity_efficiency_std,stranded_capacity_share_mean,stranded_capacity_share_std,ownership_slowdown_vs_ideal_mean,ownership_slowdown_vs_ideal_std,ideal_balanced_cycle_lower_bound_s_mean,ideal_balanced_cycle_lower_bound_s_std,shuttle_utilization_avg_mean,shuttle_utilization_avg_std,shuttle_utilization_max_mean,shuttle_utilization_max_std,shuttle_utilization_min_mean,shuttle_utilization_min_std,shuttle_utilization_std_mean,shuttle_utilization_std_std,reader_utilization_avg_mean,reader_utilization_avg_std,reader_utilization_max_mean,reader_utilization_max_std,reader_utilization_min_mean,reader_utilization_min_std,reader_utilization_std_mean,reader_utilization_std_std,zone_logical_request_max_mean_ratio_mean,zone_logical_request_max_mean_ratio_std,zone_service_max_mean_ratio_mean,zone_service_max_mean_ratio_std,zone_completion_max_mean_ratio_mean,zone_completion_max_mean_ratio_std,hot_region_logical_request_share_mean,hot_region_logical_request_share_std,hot_region_service_share_mean,hot_region_service_share_std,movement_avg_s_per_service_mean,movement_avg_s_per_service_std,fixed_mechanical_avg_s_per_service_mean,fixed_mechanical_avg_s_per_service_std,reader_avg_s_per_service_mean,reader_avg_s_per_service_std,movement_active_share_mean,movement_active_share_std,fixed_mechanical_active_share_mean,fixed_mechanical_active_share_std,reader_active_share_mean,reader_active_share_std,horizontal_movement_share_mean,horizontal_movement_share_std,vertical_movement_share_mean,vertical_movement_share_std,horizontal_distance_m_mean,horizontal_distance_m_std,vertical_levels_traversed_mean,vertical_levels_traversed_std
active_zone_concentration,True,1.0,1,5,1.0,0.0,640.0,0.0,640.0,0.0,1.0,0.0,20590.254752542845,92.77233327762528,20577.794602166905,94.96516031039224,20590.254752542845,92.77233327762528,0.031102148319568656,0.00014342016057848438,0.031102148319568656,0.00014342016057848438,1.990537492452394,0.009178890277023,10264.036342428148,62.19974523409407,19548.574180276348,86.13807729846202,20366.865370313964,99.06918278894044,0.125,0.0,0.875,0.0,8.0,0.0,2573.7818440678557,11.59654165970316,0.11696878863820717,3.615953198002738e-05,0.9357503091056574,0.00028927625584021906,0.0,0.0,0.30947032589317364,9.566912914363948e-05,0.031343683364482136,0.0001411210426347974,0.2507494669158571,0.0011289683410783792,0.0,0.0,0.08292759135517201,0.00037337118356981896,8.0,0.0,8.0,0.0,8.0,0.0,1.0,0.0,1.0,0.0,18.10525638418156,0.1449567707462529,12.0,0.0,2.0670166666666665,0.0,0.5627507570626368,0.0019686604263136386,0.3729995520430203,0.0016793841704728215,0.06424969089434364,0.0002892762558419547,0.7523456164513217,0.002351232512000829,0.2476543835486784,0.002351232512000836,13655.04962406015,112.70269542883527,956.6,15.14727698300919
active_zone_concentration,True,1.0,2,5,1.0,0.0,640.0,0.0,640.0,0.0,1.0,0.0,20581.128797915426,117.19464106876651,10311.942821346845,74.58167054077379,10324.10721684857,73.95933829444809,0.062067205592988596,0.0004488455442570078,0.062067205592988596,0.0004488455442570078,3.97230115795127,0.0287261148324485,5159.073372510461,48.3316894145158,9778.762096419143,53.75470407675013,10187.341384816242,52.58825728066036,0.2491907228436006,0.0005534033701130879,0.7508092771563993,0.0005534033701130855,4.0130102613250465,0.008904533382592998,2572.6410997394282,14.649330133595814,0.23317289039051764,0.00047361517199160253,0.9359286701876676,0.0004589780169843121,0.0,0.0,0.40387206064925596,0.0008165410864540636,0.06251334275464474,0.0004478173026305027,0.25005337101857894,0.0017912692105220107,0.0,0.0,0.10827628580201243,0.0007756423206644785,4.0,0.0,4.0,0.0,4.0130102613250465,0.008904533382592998,1.0,0.0,1.0,0.0,18.090997080076207,0.18311662666997558,12.0,0.0,2.0670166666666665,0.0,0.5625515626752665,0.002491296793567608,0.3731694766763014,0.002125224006710807,0.06427896064843273,0.00036607278685594715,0.7498712036102902,0.002332863616585228,0.25012879638970964,0.0023328636165852326,13585.772431077694,153.61938935793117,965.4,16.523922052587878
active_zone_concentration,True,1.0,4,5,1.0,0.0,640.0,0.0,640.0,0.0,1.0,0.0,20582.71269869219,140.8292179512982,5205.456864494031,53.70723445239463,5217.415575100767,51.19328704485235,0.12296105256814902,0.0012746769638379417,0.12296105256814902,0.0012746769638379417,7.869507364361537,0.08157932568562827,2573.7987151679176,26.151163541011794,4890.126983874882,29.58558139132202,5102.772005960131,34.994141854592215,0.4931454718172004,0.0028118153368483145,0.5068545281827995,0.0028118153368483336,2.0278650610570437,0.01154867898744446,2572.839087336524,17.603652243912276,0.46144829847090685,0.0025899879396955655,0.9366056533074126,0.0006248257822062703,0.0,0.0,0.4615198621128374,0.002541416075540287,0.12370564291729232,0.0012192644791175896,0.24741128583458463,0.0024385289582351793,0.0,0.0,0.12370564291729232,0.0012192644791175896,2.0,0.0,2.0,0.0,2.0278650610570437,0.01154867898744446,1.0,0.0,1.0,0.0,18.093471925039772,0.2200456530489023,12.0,0.0,2.0670166666666665,0.0,0.5625789279549459,0.002993630504225755,0.37314613246878514,0.002553744472048154,0.06427493957626555,0.00043988603217761887,0.7516532098059999,0.0031863393303762848,0.2483467901940001,0.0031863393303763463,13628.519298245614,224.22766091143765,958.6,16.8
active_zone_concentration,True,1.0,8,5,1.0,0.0,640.0,0.0,640.0,0.0,1.0,0.0,20603.486897517025,101.32761542628295,2654.0285400821845,25.222091573068514,2667.1797414685966,23.279787673784572,0.24116460381197408,0.002289381080386994,0.24116460381197408,0.002289381080386994,15.434534643966341,0.14652038914476762,1291.4766553558018,13.307969360513734,2450.971129456698,12.945685855531638,2564.2921964452694,8.883335017333955,0.9656825893070385,0.010265276005034858,0.03431741069296142,0.010265276005034862,1.0356549003486342,0.01109674338068236,2575.435862189628,12.665951928285368,0.9036793012557809,0.009787602259259775,0.9379967119487419,0.0005404180201579698,0.8767342502265374,0.018819507345904485,0.019085151906857473,0.004997312689810243,0.24198235368088886,0.0021091078973294397,0.24198235368088886,0.0021091078973294397,0.24198235368088886,0.0021091078973294397,0.0,0.0,1.0,0.0,1.0,0.0,1.0356549003486342,0.01109674338068236,1.0,0.0,1.0,0.0,18.125931610703663,0.15832439910356463,12.0,0.0,2.0670166666666665,0.0,0.5630298772467329,0.002146825679205413,0.3727614459620695,0.00183136970410445,0.06420867679119698,0.0003154559751010265,0.7505005633990336,0.002022800050360907,0.2494994366009664,0.002022800050360927,13633.764411027569,145.53963328981988,964.8,13.013838787997951
skew_sweep,True,0.125,1,5,0.125,0.0,10000.0,0.0,5065.8,31.845878854256792,1.974099928087385,0.012416691774587317,168581.4774447379,1151.4596342376517,21481.921344812217,231.00770459045555,21494.904130346324,231.12332846422882,0.46556147662909597,0.0050000473878401555,0.2358296016355876,0.0013287376610752223,29.795934504262142,0.32000303282176995,10660.925523689764,74.20533666732426,20042.725091741846,131.87517268590176,20934.07438115189,128.8270755202342,0.9804061280055286,0.005444387636243476,0.019593871994471344,0.0054443876362434826,1.0200169124372447,0.005663049260664081,21072.684680592236,143.93245427970646,0.8888975482924153,0.004742337889794216,0.9080196230906842,0.0006557454495822416,0.8655744724028073,0.008012854438579131,0.013270316980070852,0.0018270740452578443,0.26827397470161185,0.0017849155149121147,0.27229650191378624,0.001355287922544815,0.2633234203419519,0.0030432284972106423,0.0028490840256215227,0.0005461200847908359,1.0,0.0,1.019523419705191,0.0053140596120162305,1.0200169124372447,0.005663049260664081,0.125,0.0,0.12428686511374987,0.0007959686756418824,18.17221432993779,0.05401918235214536,12.0,0.0,3.106056589959877,0.013244471226226524,0.546067325747338,0.00086338228559877,0.3605964419384921,0.0005319798963428341,0.09333623231416854,0.0004534470904203408,0.7525730511018925,0.0010066182653799974,0.2474269488981075,0.0010066182653799619,108640.36090225563,922.4612015037384,7592.6,78.05280264026398
skew_sweep,True,0.25,1,5,0.25,0.0,10000.0,0.0,4901.2,26.118192893077424,2.040374523080993,0.01085887116035414,163389.23274982587,1059.333241527969,26396.457395808065,99.29145390324852,26409.632333151425,100.60764602758611,0.3788440636773128,0.0014219460008444175,0.18567747412888533,0.0009384989334054569,24.24602007534802,0.09100454405404272,10308.593769406643,75.86996534888635,19433.36770451953,115.7990117489655,24787.42109805632,112.1568931696353,0.7733438358899424,0.004548267901612998,0.22665616411005757,0.004548267901613004,1.293130493534487,0.007584543522947865,20423.654093728233,132.41665519099612,0.6996502559488247,0.004412072968211714,0.8700863029787487,0.0003939088937082572,0.663189644160752,0.0046646177062448025,0.06491159200153154,0.001690447687866677,0.2128821785397482,0.0008808812048612906,0.30348679848611293,0.0006663461607089291,0.19718111362182478,0.0008665045161488946,0.034283403104355105,0.0004223483760420471,2.0,0.0,1.2470725379573542,0.008075225592539384,1.293130493534487,0.007584543522947865,0.25,0.0,0.15588406724466927,0.001009403199067423,18.159658218079215,0.0680651161921392,12.0,0.0,3.1767494912863925,0.011582795904377679,0.5447376312667195,0.0010600001959296139,0.35996802024597835,0.0006630467479985674,0.09529434848730292,0.00046264309220282317,0.7516083085171981,0.001739839655293541,0.2483916914828019,0.0017398396552935316,104844.2626566416,1009.811504003906,7369.4,80.69101560892638
skew_sweep,True,0.5,1,5,0.5,0.0,10000.0,0.0,4099.2,19.156200040717888,2.4395534540460386,0.011355110175251143,138357.33914210286,843.8007432152107,30207.300172156713,79.64356795807373,30222.93024734468,78.84409698037102,0.33104810797127504,0.0008735068637062417,0.13570373905196076,0.0008149142111997128,21.187078910161603,0.05590443927719947,8597.104263690257,49.43118672333178,22713.958679622538,79.29860182595566,28756.914512467123,75.78269340644614,0.5722425852617086,0.004091563024162688,0.4277574147382914,0.00409156302416268,1.7475999641154782,0.012494616016576142,17294.667392762858,105.47509290190133,0.5111655479049564,0.003930688295180012,0.7970860833525828,0.0005098937339864967,0.4624861865744828,0.003057056762527023,0.10822455352726927,0.0015337059051083537,0.16280217380905762,0.0007887889983627889,0.3615359632537325,0.0008158688312719969,0.13273451277736006,0.0005497929591504654,0.07512654143296812,0.0002604376207025498,4.0,0.0,1.5593691233141227,0.008724990611367183,1.7475999641154782,0.012494616016576142,0.5,0.0,0.19492114041426534,0.0010906238264208978,18.149545604307935,0.07470495885673865,12.0,0.0,3.602540350982441,0.012112117520267945,0.5377288401765976,0.0011686274063116748,0.3555349674201606,0.0007022165185280756,0.10673619240324797,0.0005158373355434669,0.7519487356229079,0.00083070863799616,0.24805126437709213,0.0008307086379962039,87683.88972431076,846.6670436079876,6151.6,49.159332786359094
skew_sweep,True,0.8,1,5,0.8,0.0,10000.0,0.0,2486.8,7.652450587883596,4.021270331470512,0.012422227512251718,88012.93212952641,389.59822398793904,33378.61599576232,31.19419483083171,33392.4631135568,33.08467830800094,0.29959327050545387,0.0002798956873644694,0.07450290458920843,0.0002547417465256666,19.173969312349048,0.01791332399132604,5200.952503382385,30.043243670747106,28406.271202238633,58.34603926938733,32420.88539359866,46.53119871523157,0.3294640525963874,0.0014189140975492877,0.6705359474036126,0.0014189140975492808,3.035288965772674,0.013111111654824934,11001.616516190801,48.69977799849238,0.28022258429330166,0.0013941427115467598,0.7204871512320915,0.0002768326655671265,0.21140939713356005,0.002767799497229577,0.16643118051094494,0.0005417002916135668,0.10509547467593543,0.00024198595251907802,0.42325800149396803,0.0004191994797122054,0.05843033043994161,0.0004926235523384498,0.1202559937490601,0.0001288925350786366,6.4,0.0,2.5736130121411276,0.007950225607841147,3.035288965772674,0.013111111654824934,0.8,0.0,0.32170162651764095,0.0009937782009801434,18.102264401842167,0.09113440946099202,12.0,0.0,5.289705020235212,0.013250376013068787,0.5114762618375637,0.001344773288293183,0.33906199254662084,0.0008277435044146735,0.14946174561581307,0.000590519825450596,0.752890740177912,0.0007597861910117563,0.24710925982208795,0.0007597861910117372,53102.901253132826,470.6301946482992,3708.0,22.190087877248256
width_sensitivity,True,0.8,2,5,0.8,0.0,10000.0,0.0,3224.2,7.626270385975047,3.1015619823760674,0.007361866378801373,111045.5414676879,249.2895831484414,29046.332134788372,33.370210044405674,29058.653358241445,32.519418646792865,0.3442780018265803,0.00039519567387454036,0.11100210584281656,0.00028902809042071197,22.03379211690114,0.025292523127970583,6776.78524312176,28.372118248924846,26223.8861391098,35.671878297736185,28466.908876811154,58.94446305459189,0.47767846360998967,0.0009329752464473759,0.5223215363900103,0.0009329752464473999,2.0934664227591235,0.004099192322604955,13880.692683460988,31.161197893555176,0.41791996394927056,0.0009029872148990073,0.8258229443441292,0.0001893408707844694,0.2727161224548732,0.002028139741721543,0.23437556995690859,0.0007170523151088497,0.14297477148965776,0.00027515118916516645,0.3384448896729557,0.0004848511618172423,0.07592565897097503,0.0002713411953342257,0.11273595189448722,0.00015946040585464123,3.2,0.0,1.9735782630906658,0.003582629177228561,2.0934664227591235,0.004099192322604955,0.8,0.0,0.49283661648761007,0.0009791534170220657,18.132621688493792,0.039512089114192794,12.0,0.0,4.308682781201139,0.007852657470721305,0.5264783528156022,0.0005354531294610901,0.34841936746244034,0.000421030253068789,0.12510227972195836,0.00022425986882857807,0.7514209138495189,0.0009879388865588685,0.2485790861504811,0.0009879388865588758,68824.9343358396,314.9643724288859,4844.2,14.133647795243803
width_sensitivity,True,0.8,4,5,0.8,0.0,10000.0,0.0,4429.0,7.92464510246358,2.2578532577815684,0.004047972169691212,148569.68503619198,376.3772687816902,25201.753094201034,151.85349298589648,25215.347580416572,152.2693437535713,0.3968121354662272,0.0023803778087540966,0.17574697922009913,0.0009057163407852322,25.39597666983854,0.15234417976026218,9299.544484322012,55.53329637775219,23190.691728827005,76.62025270789637,24631.077260095768,82.10614792963388,0.7365203103852112,0.0027207604127762334,0.26347968961478885,0.002720760412776208,1.3577543771049627,0.005026300955808877,18571.210629523997,47.047158597711274,0.6616763257340681,0.002301215289828753,0.8860188697587548,0.0005387230821966996,0.4359216257587281,0.0046082304136023525,0.2158351575496562,0.0015911381248523945,0.20658317253739328,0.0011023982466668524,0.2903282559085655,0.0009696672611593604,0.12254173216755294,0.0010104884626449641,0.08191473553657579,0.00048116615529469355,1.6,0.0,1.3384496175093565,0.005294823486271507,1.3577543771049627,0.005026300955808877,0.8,0.0,0.6632198854252206,0.0011175934943874572,18.136021990483933,0.06105690496900033,12.0,0.0,3.4087268083003397,0.004317836981003969,0.5406500824201766,0.0008427040675465064,0.3577322855731977,0.0006503790586369094,0.10161763200662632,0.0002231991773238592,0.7531767255195246,0.0005545465830858238,0.2468232744804753,0.0005545465830857965,94837.05263157895,524.6124786446338,6608.6,15.21315220458929
