hot_zone_fraction_target,run_count,hot_zone_fraction_actual_mean,hot_zone_fraction_actual_std,hot_zone_fraction_actual_ci95,logical_request_count_mean,logical_request_count_std,logical_request_count_ci95,service_operation_count_mean,service_operation_count_std,service_operation_count_ci95,merged_request_count_mean,merged_request_count_std,merged_request_count_ci95,merge_reduction_fraction_mean,merge_reduction_fraction_std,merge_reduction_fraction_ci95,requests_per_service_mean,requests_per_service_std,requests_per_service_ci95,hot_service_share_mean,hot_service_share_std,hot_service_share_ci95,hot_work_share_mean,hot_work_share_std,hot_work_share_ci95,throughput_req_per_s_mean,throughput_req_per_s_std,throughput_req_per_s_ci95,throughput_service_ops_per_s_mean,throughput_service_ops_per_s_std,throughput_service_ops_per_s_ci95,drive_makespan_s_mean,drive_makespan_s_std,drive_makespan_s_ci95,latency_p95_s_mean,latency_p95_s_std,latency_p95_s_ci95,latency_p99_s_mean,latency_p99_s_std,latency_p99_s_ci95,stranded_capacity_share_mean,stranded_capacity_share_std,stranded_capacity_share_ci95,static_capacity_efficiency_mean,static_capacity_efficiency_std,static_capacity_efficiency_ci95,ownership_slowdown_vs_ideal_mean,ownership_slowdown_vs_ideal_std,ownership_slowdown_vs_ideal_ci95,throughput_vs_balanced_mean,throughput_vs_balanced_std,throughput_vs_balanced_ci95,throughput_loss_fraction_mean,throughput_loss_fraction_std,throughput_loss_fraction_ci95,makespan_vs_balanced_mean,makespan_vs_balanced_std,makespan_vs_balanced_ci95,service_count_vs_balanced_mean,service_count_vs_balanced_std,service_count_vs_balanced_ci95
0.125,10,0.125,0.0,0.0,10000.0,0.0,0.0,5069.4,25.8,15.991005671939458,4930.6,25.8,15.991005671939458,0.49306,0.0025800000000000068,0.0015991005671939502,1.9726712315810575,0.010059883956311584,0.006235180674590361,0.12465042302472741,0.0008531948273286463,0.0005288156326775888,0.12440316172701477,0.0009380987383943623,0.0005814396219574999,0.4664639264442954,0.004477802327548898,0.0027753706363433392,0.23645992220798595,0.0014873795378225181,0.0009218873885909526,21439.865399995757,206.31206210819937,127.87354090549388,20043.21512194823,109.41057866374895,67.8133792241158,20906.20841914431,107.49940586987299,66.62882205407989,0.017819458729539883,0.005259077680251582,0.003259610116824545,0.9821805412704601,0.00525907768025157,0.0032596101168245375,1.0181719735690469,0.005457307931165933,0.003382474499255606,1.0,0.0,0.0,0.0,0.0,0.0,1.0,0.0,0.0,1.0,0.0,0.0
0.15,10,0.15,0.0,0.0,10000.0,0.0,0.0,5061.0,22.48110317577854,13.933932108346157,4939.0,22.48110317577854,13.933932108346157,0.4939,0.0022481103175778683,0.0013933932108346244,1.9759333156047982,0.008830240848523886,0.005473039980361898,0.1333746386203571,0.000971561367261254,0.0006021799742058902,0.13413924031232066,0.000872945483910888,0.0005410572164539902,0.4430698240883815,0.0025138701367369526,0.001558112853297668,0.22423662529935678,0.0014691770376215067,0.0009106053620809583,22570.53044524659,127.67492119725098,79.1337360089017,20016.68842044326,86.28059238483227,53.47726520171122,21059.354723795368,85.4885826860254,52.98637250458518,0.06809296785343553,0.00607309238693284,0.00376414165913393,0.9319070321465645,0.00607309238693286,0.0037641416591339422,1.0731139224985653,0.006983563871287104,0.004328457731631922,0.9499206970531148,0.009181984544831788,0.005691052982018045,0.050079302946885264,0.009181984544831788,0.005691052982018045,1.0528169919130408,0.01009097461797693,0.0062544508663359,0.9983493130208455,0.002550423042550069,0.001580768579041211
0.175,10,0.175,0.0,0.0,10000.0,0.0,0.0,5029.4,27.082097407697212,16.785657878081512,4970.6,27.082097407697212,16.785657878081512,0.49706,0.0027082097407697433,0.001678565787808165,1.9883663654571633,0.010700860938279192,0.006632462323978991,0.14109230514370863,0.0010558360519395868,0.0006544139649303915,0.1430756852495094,0.0008825994469142118,0.0005470408047153407,0.4179166063077222,0.0026637739248359395,0.0016510241837525558,0.21018339675288983,0.0012566826953687405,0.0007789000042430116,23929.194112212725,153.02047906538388,94.8430755293584,19892.67479970599,109.77123207561132,68.0369145246854,22271.860996092866,131.08783764497497,81.24908353887882,0.12630314854719438,0.005411100222384549,0.0033538346646350466,0.8736968514528056,0.005411100222384557,0.0033538346646350514,1.1446054819960751,0.007060795575313694,0.004376326437722726,0.8959796422271903,0.007548034965344732,0.0046783205404195725,0.10402035777280969,0.007548034965344732,0.0046783205404195725,1.1161757258929124,0.009370834434031897,0.00580810335602363,0.992119948770742,0.00487033205007287,0.0030186630789513103
0.2,10,0.2,0.0,0.0,10000.0,0.0,0.0,4993.0,27.964262908219126,17.332429720036366,5007.0,27.964262908219126,17.332429720036366,0.5007,0.0027964262908219207,0.001733242972003642,2.0028663960377777,0.01115442466675018,0.006913584035396261,0.14670737032841477,0.0010375784587703565,0.0006430977914449215,0.1498590940848579,0.000894636684052848,0.0005545015615896977,0.4016449399586098,0.0022191317287852327,0.0013754320954180415,0.20053812251630596,0.001096225612216752,0.0006794476737474181,24898.372603865413,137.60891449173428,85.29088884289747,19760.799209063232,107.740181414059,66.77805628248076,23258.90436881559,118.35774200262858,73.35888851480546,0.16585343915792752,0.004971851866606561,0.003081585713137531,0.8341465608420725,0.004971851866606557,0.0030815857131375286,1.1988727526788632,0.007157093472422784,0.004436012492717582,0.8611166786947205,0.009127952048581526,0.0056575632938782395,0.13888332130527942,0.009127952048581526,0.0056575632938782395,1.1614129293786195,0.012275756347176467,0.007608592611435879,0.9849443132882071,0.005919664616768389,0.0036690461419659932
0.225,10,0.225,0.0,0.0,10000.0,0.0,0.0,4955.4,29.145153971114993,18.064353583784833,5044.6,29.145153971114993,18.064353583784833,0.50446,0.0029145153971114977,0.0018064353583784822,2.018070145397577,0.011830565484141282,0.00733266045578118,0.1514729195440977,0.0009316146463183669,0.0005774207400518945,0.1561454721240299,0.0008406778389078314,0.0005210575228778659,0.3882596414535412,0.0016123285224710748,0.0009993315716226637,0.19239482565764573,0.0007911080977403348,0.0004903338789954624,25756.40625834945,107.33649618380201,66.52784958454598,19610.27309023154,134.94589253996648,83.64033073688128,24124.888952018984,90.45948424528274,56.06736921112536,0.19944120872471305,0.004318514862563742,0.002676643242698126,0.800558791275287,0.004318514862563752,0.0026766432426981322,1.2491637769922392,0.006725422711262651,0.004168460183022927,0.832419130625295,0.008318327498787534,0.005155752798998506,0.16758086937470493,0.008318327498787534,0.005155752798998506,1.2014369858105736,0.011918005679440794,0.007386856450315676,0.9775262562135668,0.005986624913035037,0.0037105485635704396
0.25,10,0.25,0.0,0.0,10000.0,0.0,0.0,4901.9,25.11752376330119,15.568002517985406,5098.1,25.11752376330119,15.568002517985406,0.50981,0.0025117523763300976,0.0015568002517985275,2.0400787246281773,0.010427085852374899,0.00646277476771809,0.15569537656513688,0.000986126665283178,0.0006112076394493817,0.16172458276341403,0.000822909938593785,0.0005100448641685492,0.37885782795466993,0.0021168147042595936,0.0013120153465992252,0.1857087354704032,0.0008101904010790795,0.0005021612131397854,26395.956281559393,148.65174858052958,92.13530832151035,19418.30119791596,109.65570543496666,67.96531037097188,24778.681711519275,115.42419218898061,71.5406555028302,0.22706095024634712,0.003943757711964105,0.0024443663542935263,0.7729390497536529,0.003943757711964105,0.0024443663542935263,1.2937966621073123,0.00658327950875028,0.0040803589133483935,0.8122524033381538,0.007737509501975763,0.004795758074913949,0.18774759666184612,0.007737509501975763,0.004795758074913949,1.2312550290882256,0.011613503804103236,0.007198124232655245,0.9669666200661936,0.003968261311387935,0.0024595538425636583
0.3,10,0.3,0.0,0.0,10000.0,0.0,0.0,4780.5,22.900873345791858,14.194108355229643,5219.5,22.900873345791858,14.194108355229643,0.52195,0.002290087334579199,0.0014194108355229727,2.09187948004835,0.010037039112862207,0.006221021293924719,0.16301937245368953,0.0009323538444678331,0.0005778788998116155,0.1720409045956579,0.0011226205348958615,0.000695807416316102,0.36448087321975625,0.001939979429559202,0.001202411707811127,0.17423910620857788,0.0011032247728500015,0.0006837857984522672,27437.057342799726,145.68462508611046,90.29626612660333,19304.729220351175,108.04146181101915,66.9647918071565,25857.50160408787,120.80798799667826,74.87756671590994,0.2733976424030488,0.004745144981029618,0.0029410713296829337,0.7266023575969512,0.004745144981029629,0.00294107132968294,1.3763272367652633,0.008980964279166892,0.005566459330528816,0.7814591997080859,0.010055720665384831,0.006232600240139832,0.21854080029191417,0.010055720665384831,0.006232600240139832,1.2798672381835055,0.016313458259580135,0.010111186184414478,0.9430200136151659,0.0037921256270886466,0.002350383814398509
0.4,10,0.4,0.0,0.0,10000.0,0.0,0.0,4484.4,23.01825362619849,14.266861406770584,5515.6,23.01825362619849,14.266861406770584,0.55156,0.002301825362619875,0.0014266861406770747,2.2300115425497835,0.011458952764398114,0.007102332505813045,0.17724192005935702,0.0011264616353140837,0.0006981881550205315,0.1928981435297431,0.001261131952790839,0.0007816576825636586,0.3450580836162303,0.0009831590757909266,0.0006093683084260257,0.15473807093461903,0.0009449476862470549,0.0005856846438163846,28980.862823355394,82.3751188285127,51.056627612923776,21056.524960281746,118.25606225542414,73.29586675456252,27477.89426550691,92.04128885890177,57.047781868035514,0.3519619889571953,0.004225833486252555,0.002619198730516911,0.6480380110428047,0.004225833486252568,0.002619198730516919,1.5431851482379448,0.010089055622326712,0.006253261460509269,0.7398081566505983,0.008217969046023803,0.005093549985534478,0.26019184334940165,0.008217969046023803,0.005093549985534478,1.3518676055423713,0.014929499974215468,0.009253399952205409,0.8846045343892498,0.002303307514424392,0.0014276047878829935
0.5,10,0.5,0.0,0.0,10000.0,0.0,0.0,4104.2,16.418282492392436,10.176156917029138,5895.8,16.418282492392436,10.176156917029138,0.58958,0.001641828249239252,0.001017615691702919,2.436567352310202,0.0097287362427253,0.006029933195279971,0.19468234198487838,0.0009428964441748395,0.0005844132708081941,0.21817681861618177,0.0013577155217351206,0.0008415207987963781,0.33114365683385616,0.0007668384363135654,0.00047529138699811663,0.13590847563136996,0.0007270629072631101,0.0004506382586783406,30198.535922350722,69.91893343289605,43.336203918658846,22690.99796262957,119.22178201830349,73.89442606486126,28769.849502180234,77.73440303782654,48.180282165996594,0.4270480115096593,0.00356643561803961,0.0022104996975456713,0.5729519884903407,0.0035664356180396175,0.0022104996975456756,1.7454145489294541,0.010861724173880965,0.006732166390371025,0.7099743972648982,0.007694238462458293,0.004768938406760671,0.2900256027351018,0.007694238462458293,0.004768938406760671,1.4086662387965323,0.015202259341117677,0.009422457959306489,0.8096124148169034,0.0030316481589983254,0.0018790349963514357
0.65,10,0.65,0.0,0.0,10000.0,0.0,0.0,3405.6,12.745195173083856,7.899553810184471,6594.4,12.745195173083856,7.899553810184471,0.65944,0.0012745195173083864,0.0007899553810184476,2.936381223950777,0.010976473444110598,0.006803288724909513,0.23488116380048576,0.0008903782465398218,0.0005518621546740232,0.2728281014704155,0.0011752633174093668,0.0007284357509579678,0.3141446520227378,0.00047569422526315294,0.0002948383354376715,0.10698521725816997,0.0004591456017604512,0.00028458139232548184,31832.542161508492,48.09888957475895,29.81200062030853,25315.326755674047,79.16051284983806,49.0641941850929,30585.509192084202,62.89148053220955,38.98054348477647,0.5418275925827365,0.0019638936196096518,0.0012172338763668084,0.45817240741726356,0.0019638936196096964,0.0012172338763668362,2.182624811763324,0.009402106539274934,0.005827486007663743,0.673526263356013,0.007000463267221287,0.004338932085749591,0.326473736643987,0.007000463267221287,0.004338932085749591,1.4848827226920074,0.015358612416687558,0.009519366599549247,0.6718115904713617,0.004037308829533231,0.002502349937691363
0.8,10,0.8,0.0,0.0,10000.0,0.0,0.0,2484.5,11.706835610018619,7.255971885281805,7515.5,11.706835610018619,7.255971885281805,0.75155,0.0011706835610018704,0.0007255971885281859,4.02504426201978,0.019003609720459665,0.011778559334387378,0.3220035409615824,0.0015202887776367814,0.0009422847467509954,0.3798001147039408,0.001671424875842692,0.001035959870923302,0.29923333696023313,0.0004824692347462394,0.00029903752982028697,0.0743444565526415,0.0003565948194101447,0.00022101975890588573,33418.823291405,53.911852377801715,33.414912292953105,28434.61364315213,65.05931196522762,40.324179327458666,32464.500481639185,56.218875249089024,34.8448198828775,0.6708731422980807,0.0014468585133926997,0.0008967721974479286,0.3291268577019193,0.0014468585133927002,0.0008967721974479288,3.0384009176315265,0.013371399006741535,0.008287678967386415,0.6415549370814795,0.006531454373038592,0.004048237361444725,0.3584450629185205,0.006531454373038592,0.004048237361444725,1.5588740442327893,0.0158226411644623,0.009806974597130985,0.4901116189462797,0.003611579151061229,0.0022384799491968377
