seed,hot_zone_fraction_target,hot_zone_fraction_actual,logical_request_count,service_operation_count,merged_request_count,merge_reduction_fraction,requests_per_service,hot_service_share,hot_work_share,throughput_req_per_s,throughput_service_ops_per_s,drive_makespan_s,latency_p95_s,latency_p99_s,stranded_capacity_share,static_capacity_efficiency,ownership_slowdown_vs_ideal,throughput_vs_balanced,throughput_loss_fraction,makespan_vs_balanced,service_count_vs_balanced
20260710,0.125,0.125,10000,5098,4902,0.49019999999999997,1.9615535504119261,0.12455865045115731,0.12448105412380688,0.4586736719905173,0.2338318379807657,21801.992594435946,20197.09249239512,21100.968777758702,0.026724317024128835,0.9732756829758712,1.027458116432558,1.0,0.0,1.0,1.0
20260711,0.125,0.125,10000,5052,4948,0.4948,1.9794140934283453,0.12351543942992874,0.12290229229707482,0.4658341024277715,0.23533938854651018,21466.86974586735,19957.711603616463,20876.42347531721,0.024191686123890773,0.9758083138761092,1.0247914326818928,1.0,0.0,1.0,1.0
20260712,0.125,0.125,10000,5105,4895,0.48950000000000005,1.9588638589618022,0.1238001958863859,0.122958722269759,0.46133296813457075,0.23551048023269835,21676.31773735061,20200.2376829742,21066.055360711358,0.019956386082230063,0.98004361391777,1.0203627530436665,1.0,0.0,1.0,1.0
20260713,0.125,0.125,10000,5055,4945,0.49450000000000005,1.9782393669634026,0.123837784371909,0.1240809364964097,0.4703456957021275,0.23775974917742543,21260.957826077472,19981.033006480095,20864.897099394824,0.012323979907258743,0.9876760200927412,1.0124777555155198,1.0,0.0,1.0,1.0
20260714,0.125,0.125,10000,5019,4981,0.4981,1.9924287706714485,0.1257222554293684,0.12558633003944297,0.47162094489049283,0.23670655224053835,21203.46882032971,19877.550673243353,20762.02719257737,0.014772990834848305,0.9852270091651517,1.0149945045125859,1.0,0.0,1.0,1.0
20260715,0.125,0.125,10000,5074,4926,0.49260000000000004,1.9708316909735908,0.12416239653133622,0.12430832268733909,0.47091082072246876,0.23894015043458064,21235.4432303298,20017.829661225944,20821.95146443708,0.010095604777452586,0.9899043952225474,1.0101985654636707,1.0,0.0,1.0,1.0
20260716,0.125,0.125,10000,5078,4922,0.49219999999999997,1.9692792437967703,0.12564001575423395,0.12570985957504288,0.4673508207640367,0.23732074678397785,21397.20217812339,20065.176374260962,20879.50517176233,0.015238063805026252,0.9847619361949738,1.0154738554009355,1.0,0.0,1.0,1.0
20260717,0.125,0.125,10000,5074,4926,0.49260000000000004,1.9708316909735908,0.12416239653133622,0.12385624207106326,0.4634006753919085,0.23512950269385435,21579.597378753868,20094.307584277376,20910.86822218053,0.021981073909836377,0.9780189260901636,1.0224751007607904,1.0,0.0,1.0,1.0
20260718,0.125,0.125,10000,5043,4957,0.49570000000000003,1.98294665873488,0.12512393416617093,0.12493964825652637,0.47199925253673314,0.2380292230542745,21186.47422904924,19902.30403249954,20788.90407157833,0.012900896358428941,0.987099103641571,1.0130695046838107,1.0,0.0,1.0,1.0
20260719,0.125,0.125,10000,5096,4904,0.49039999999999995,1.9623233908948194,0.1259811616954474,0.1252082094536827,0.4631703118823273,0.23603159093523401,21590.3302596402,20138.908108509255,20990.48335572536,0.020009588472297946,0.979990411527702,1.0204181471950375,1.0,0.0,1.0,1.0
20260710,0.15,0.15,10000,5077,4923,0.49229999999999996,1.9696671262556629,0.13295253102225724,0.1339620620934645,0.4410071891261792,0.22389934991936117,22675.36731048355,20138.67536663122,21147.343030572254,0.06690000104068072,0.9330999989593193,1.071696496747716,0.9614835471421972,0.03851645285780281,1.040059398803323,0.995880737544135
20260711,0.15,0.15,10000,5049,4951,0.4951,1.9805902158843336,0.13507625272331156,0.13513100854253007,0.44143149681637917,0.22287876274258983,22653.571555542327,19980.323838669065,21023.89673188527,0.07497175261103396,0.925028247388966,1.0810480683402406,0.9476152443880469,0.052384755611953104,1.0552806172359355,0.9994061757719715
20260712,0.15,0.15,10000,5074,4926,0.49260000000000004,1.9708316909735908,0.1320457232952306,0.1324885762987658,0.447413777309539,0.22701775060686008,22350.675162784704,20069.298489324407,21037.545168727018,0.056522430144307856,0.9434775698556922,1.0599086103901263,0.9698283197029797,0.03017168029702033,1.0311103312659098,0.9939275220372185
20260713,0.15,0.15,10000,5052,4948,0.4948,1.9794140934283453,0.1324228028503563,0.13315538242277639,0.4471410816266655,0.2258956744377914,22364.306056649402,19972.393759442355,21069.909276501443,0.06124711051396003,0.93875288948604,1.065243059382211,0.95066476787712,0.049335232122880046,1.0518955091110065,0.9994065281899109
20260714,0.15,0.15,10000,5004,4996,0.49960000000000004,1.9984012789768186,0.13469224620303757,0.13553755350125088,0.4427892942173467,0.2215717628263603,22584.10519539666,19821.154159967216,20969.054714178623,0.07774637529630209,0.9222536247036979,1.084300428010007,0.9388668993913308,0.061133100608669166,1.0651137031759261,0.9970113568439928
20260715,0.15,0.15,10000,5061,4939,0.4939,1.9758940920766648,0.1331752618059672,0.13403177691469131,0.4436406429322691,0.22452652938802142,22540.76617936627,19989.232418066204,20999.296396117064,0.06738534042147243,0.9326146595785276,1.0722542153175305,0.9420905687655216,0.05790943123447845,1.0614690701238636,0.9974379188017344
20260716,0.15,0.15,10000,5064,4936,0.49360000000000004,1.9747235387045814,0.1334913112164297,0.13486825167660757,0.44090733984712155,0.22327547689858235,22680.502446313007,20013.069776852884,21049.788225795168,0.07316956773689076,0.9268304322631092,1.0789460134128606,0.9434183492527418,0.05658165074725818,1.0599751433625126,0.9972430090586846
20260717,0.15,0.15,10000,5080,4920,0.492,1.968503937007874,0.1328740157480315,0.13386072739910695,0.4421858267816254,0.2246304000050657,22614.926563303274,20108.851811904384,21247.135960775697,0.06619362953772562,0.9338063704622744,1.0708858191928556,0.9542192108538875,0.0457807891461125,1.0479772243373149,1.0011824990145841
20260718,0.15,0.15,10000,5060,4940,0.494,1.976284584980237,0.13260869565217392,0.13377004043609692,0.4446434880092378,0.22498960493267434,22489.92793028882,19985.975297410245,20941.144653385352,0.06556057251314389,0.9344394274868562,1.0701603234887753,0.9420427799822281,0.05795722001777193,1.0615229172701321,1.0033710093198493
20260719,0.15,0.15,10000,5089,4911,0.4911,1.9650225977598743,0.1344075456867754,0.1345870238379161,0.4395381042174519,0.22368094123626128,22751.156052337883,20087.909286164628,21108.4330800158,0.07123289871883796,0.928767101281162,1.0766961907033288,0.9489772831750939,0.05102271682490611,1.0537660044444837,0.9986263736263736
20260710,0.175,0.175,10000,5037,4963,0.49629999999999996,1.9853087155052611,0.14036132618622196,0.14221422061652342,0.41819473430375537,0.21064468766880157,23912.30491375941,19987.203152386355,22217.14647618684,0.12104429881833739,0.8789557011816627,1.1377137649321873,0.9117478500322582,0.08825214996774178,1.0967944700550918,0.9880345233424872
20260711,0.175,0.175,10000,4997,5003,0.5003,2.0012007204322595,0.1426856113668201,0.14427371755934895,0.41757053258057314,0.20865999513051242,23948.050017323552,19746.026567630397,22296.432416071464,0.13359132824327788,0.8664086717567221,1.1541897404747916,0.8963932232619621,0.10360677673803786,1.1155818384715295,0.9891132224861441
20260712,0.175,0.175,10000,5036,4964,0.49639999999999995,1.9857029388403495,0.14138204924543288,0.14329474906511208,0.4164348759894007,0.2097166035482622,24013.35857435371,19941.238519159368,22377.62895988577,0.12767215256993886,0.8723278474300612,1.1463579925208967,0.9026774688860448,0.09732253111395517,1.107815398598634,0.9864838393731635
20260713,0.175,0.175,10000,5005,4995,0.49950000000000006,1.998001998001998,0.14105894105894107,0.14264435574445428,0.4214125058124377,0.2109169591591251,23729.718178916122,19789.79353255016,22102.87460806976,0.1236947347293848,0.8763052652706153,1.1411548459556342,0.8959633513459866,0.10403664865401341,1.1161170805677725,0.990108803165183
20260714,0.175,0.175,10000,4992,5008,0.5008,2.003205128205128,0.1422275641025641,0.14398671629357465,0.41797276504702385,0.20865200431147432,23925.003819028625,19762.541199745774,22290.523798498103,0.13186436070159846,0.8681356392984015,1.1518937303485972,0.8862472491421565,0.11375275085784353,1.128353290763893,0.9946204423191871
20260715,0.175,0.175,10000,5039,4961,0.4961,1.9845207382417147,0.1412978765628101,0.14357117519124113,0.4168334211548347,0.21004236091992118,23990.39878399159,19858.36974392579,22307.002369048423,0.129351697278397,0.870648302721603,1.148569401529929,0.8851642451437646,0.11483575485623543,1.1297338380828796,0.9931020890815925
20260716,0.175,0.175,10000,5004,4996,0.49960000000000004,1.9984012789768186,0.14048760991207035,0.1431755142995797,0.4196546715832217,0.20999519766024413,23829.116359584958,19793.425264592242,22201.141741046657,0.12694568892240435,0.8730543110775957,1.1454041143966376,0.8979435852860166,0.10205641471398341,1.1136557088733765,0.985427333595904
20260717,0.175,0.175,10000,5057,4943,0.49429999999999996,1.9774569903104608,0.14059719201107376,0.1425708177285186,0.41705404745499247,0.2109042317979897,23977.707592153693,20036.854826847946,22342.855211705508,0.12324273654638565,0.8767572634536144,1.1405665418281488,0.8999858429258446,0.1000141570741554,1.1111285892553713,0.9966495861253449
20260718,0.175,0.175,10000,5050,4950,0.495,1.9801980198019802,0.13881188118811882,0.14120812048409573,0.4220088012541899,0.2131144446333659,23696.18825550671,19967.9827284377,22050.563031985548,0.11478178753835377,0.8852182124616462,1.1296649638727658,0.8940878592203856,0.10591214077961442,1.118458314456888,1.0013880626611145
20260719,0.175,0.175,10000,5077,4923,0.49229999999999996,1.9696671262556629,0.14201299980303328,0.14381746551264543,0.4120297078967927,0.20918748269920165,24270.094627508875,20043.31246178418,22532.44134843057,0.1308427001238655,0.8691572998761345,1.1505397241011635,0.8895857470274836,0.11041425297251639,1.1241187298036883,0.9962715855572999
20260710,0.2,0.2,10000,4993,5007,0.5006999999999999,2.002803925495694,0.1458041257760865,0.14897123450530178,0.40316379617618525,0.2012996834307693,24803.81446658949,19804.83850576783,23126.333492877384,0.16091183364966122,0.8390881663503388,1.1917698760424142,0.8789774098577874,0.12102259014221262,1.1376856660762116,0.9794036877206748
20260711,0.2,0.2,10000,4978,5022,0.5022,2.008838891120932,0.14805142627561269,0.1507775621796202,0.40154226682116406,0.19988774042357546,24903.978550416778,19672.996381303597,23283.925074801882,0.17096417933134891,0.8290358206686511,1.2062204974369617,0.8619855539310242,0.13801444606897584,1.1601122494913874,0.9853523357086302
20260712,0.2,0.2,10000,5008,4992,0.4992,1.9968051118210863,0.14716453674121405,0.15012950266569128,0.3988619518800825,0.1997500655015453,25071.33095263619,19862.40559577605,23451.097198901374,0.16738550531037003,0.83261449468963,1.2010360213255302,0.8645858402292518,0.13541415977074822,1.156623152346379,0.9809990205680705
20260713,0.2,0.2,10000,4952,5048,0.5048,2.0193861066235863,0.14822294022617125,0.15079607266310743,0.4020381521018591,0.19908929292084063,24873.261275627472,19605.458238355786,23225.544180460944,0.17106594493835578,0.8289340550616442,1.2063685813048595,0.8547716196311747,0.14522838036882535,1.169903137906579,0.979624134520277
20260714,0.2,0.2,10000,4999,5001,0.5001,2.000400080016003,0.14662932586517302,0.15007464649679814,0.4004730091692757,0.2001964572837209,24970.471844640862,19781.07956642745,23343.297974571084,0.16708116315525084,0.8329188368447491,1.200597171974385,0.849141696330435,0.15085830366956499,1.177659752573097,0.9960151424586571
20260715,0.2,0.2,10000,4979,5021,0.5021,2.008435428800964,0.14802169110263105,0.15144587488700967,0.39915885521634736,0.19874119401221935,25052.68233265154,19657.69394023892,23419.842675918193,0.17462261621018285,0.8253773837898172,1.2115669990960773,0.8476315209830177,0.15236847901698225,1.1797579198568229,0.9812770989357509
20260716,0.2,0.2,10000,4966,5034,0.5034000000000001,2.013693113169553,0.14579138139347564,0.14958714769128884,0.4048908015531012,0.20106877205127005,24698.017247221916,19641.310400300812,23108.15696842312,0.16436671245333634,0.8356332875466637,1.1966971815303107,0.8663530340894142,0.13364696591058578,1.1542638631733497,0.9779440724694761
20260717,0.2,0.2,10000,5003,4997,0.49970000000000003,1.998800719568259,0.14551269238456926,0.14867163521595986,0.40342461771561283,0.2018333362431211,24787.778337933076,19850.041255557007,23219.05529194641,0.15922092456691236,0.8407790754330876,1.1893730817276789,0.870574082298062,0.129425917701938,1.1486673223263106,0.9860070949940875
20260718,0.2,0.2,10000,4991,5009,0.5009,2.003606491685033,0.1454618312963334,0.148820831227128,0.40442235269250204,0.20184719622882777,24726.62535446795,19775.192766999906,23103.725344752293,0.1600638232612276,0.8399361767387724,1.190566649817024,0.8568283752971156,0.14317162470288436,1.1670948685064706,0.9896886773745787
20260719,0.2,0.2,10000,5061,4939,0.4939,1.9758940920766648,0.14641375222288086,0.14931643331667388,0.39847359625996764,0.20166748706716964,25095.765676468844,19956.975439904953,23308.06548550323,0.16285168870262928,0.8371483112973708,1.194531466533391,0.8603176542999231,0.13968234570007687,1.162361361529588,0.9931318681318682
20260710,0.225,0.225,10000,4953,5047,0.5046999999999999,2.018978396931153,0.1504138905713709,0.15503255797061571,0.39026505890603824,0.19329828367616075,25623.61085573802,19642.813022033264,23958.2733016356,0.1937177478314456,0.8062822521685544,1.2402604637649257,0.8508555924136554,0.14914440758634462,1.175287568085744,0.9715574735190271
20260711,0.225,0.225,10000,4938,5062,0.5062,2.025111381125962,0.15249088699878494,0.156986582561884,0.3884610569839195,0.19182206993865944,25742.606164030374,19494.70094707525,24151.66004739939,0.20375360772806755,0.7962463922719325,1.255892660495072,0.8339042911615753,0.16609570883842473,1.1991783836572707,0.9774346793349169
20260712,0.225,0.225,10000,5007,4993,0.49929999999999997,1.9972039145196725,0.15058917515478332,0.15462107243252854,0.38714709493228433,0.19384455043259477,25829.97555941649,19855.763749571783,24198.544209618052,0.19157202809762033,0.8084279719023797,1.2369685794602283,0.8391923440844435,0.16080765591555646,1.1916219291669028,0.9808031341821744
20260713,0.225,0.225,10000,4930,5070,0.507,2.028397565922921,0.15334685598377282,0.1574384606869298,0.3873969722357191,0.1909867073122095,25813.314808034454,19475.39247822974,24196.723921239,0.20603898529873496,0.793961014701265,1.2595076854954383,0.823643068865373,0.17635693113462703,1.2141181511762995,0.9752720079129574
20260714,0.225,0.225,10000,4964,5036,0.5036,2.0145044319097503,0.15088638195004028,0.1560627731444313,0.3882350346082967,0.1927198711795585,25757.59297480541,19659.01881548948,24126.607245661817,0.1990402484754238,0.8009597515245762,1.2485021851554503,0.8231929451276645,0.1768070548723355,1.2147820336882447,0.989041641761307
20260715,0.225,0.225,10000,4922,5078,0.5078,2.031694433157253,0.1517675741568468,0.15669907868247074,0.39038162616674493,0.19214583639927185,25615.959691014425,19420.799284631656,23968.321819480312,0.2022926934159235,0.7977073065840765,1.253592629459766,0.8289926860627743,0.17100731393722568,1.206283260168928,0.9700433582972015
20260716,0.225,0.225,10000,4919,5081,0.5081,2.0329335230737953,0.15145354746899775,0.15673612340094975,0.38945477023246894,0.19157280147735148,25676.922621928377,19477.170331549616,24094.14129529732,0.20248123222854605,0.7975187677714539,1.253888987207598,0.8333242457898729,0.16667575421012715,1.200013086205289,0.9686884600236314
20260717,0.225,0.225,10000,4965,5035,0.5035000000000001,2.014098690835851,0.15065458207452165,0.1554763791142403,0.38836768567424124,0.19282455593726078,25748.79519813576,19722.73576243493,24194.27636901319,0.19601935218627,0.80398064781373,1.2438110329139225,0.8380818291768561,0.16191817082314386,1.193200908534404,0.9785179345683879
20260718,0.225,0.225,10000,4953,5047,0.5046999999999999,2.018978396931153,0.15081768625075712,0.1561311065206737,0.38836866177960605,0.19235899817943888,25748.730482468392,19600.88216149955,24123.69954950983,0.1993908018358376,0.8006091981641624,1.2490488521653895,0.8228162644163963,0.17718373558360367,1.2153381541494876,0.982153480071386
20260719,0.225,0.225,10000,5003,4997,0.49970000000000003,1.998800719568259,0.15230861483110134,0.15627058672557514,0.3845184530160931,0.1923745820439514,26006.55422792277,19753.454349800155,24236.641761335348,0.20010539014926107,0.7998946098507389,1.2501646938046012,0.8301880391543394,0.16981196084566064,1.2045463832731649,0.9817503924646782
20260710,0.25,0.25,10000,4925,5075,0.5075000000000001,2.030456852791878,0.15451776649746193,0.1601164047159444,0.3803981512074503,0.18734608946966927,26288.24553499603,19528.18128639912,24636.56926562592,0.21931796918774749,0.7806820308122525,1.2809312377275552,0.8293437675561957,0.17065623244380435,1.2057726109724949,0.9660651235778737
20260711,0.25,0.25,10000,4892,5108,0.5107999999999999,2.044153720359771,0.15699100572363042,0.1627549525769506,0.3780581654549529,0.18494605454056295,26450.95626480137,19355.038565012463,24905.92160203627,0.2319742163243853,0.7680257836756147,1.3020396206156049,0.8115725394183041,0.1884274605816959,1.2321757469969987,0.9683293745051464
20260712,0.25,0.25,10000,4938,5062,0.5062,2.025111381125962,0.15532604293236127,0.1610635474321275,0.3764850186122193,0.1859083021907139,26561.481880106443,19612.54880334195,24927.817860401956,0.22390881119344994,0.77609118880655,1.28850837945702,0.8160808886790824,0.18391911132091765,1.2253687273802123,0.9672869735553379
20260713,0.25,0.25,10000,4869,5131,0.5131,2.0538098172109263,0.15711645101663585,0.16236574504255677,0.3792885475149082,0.1846755937850088,26365.151454004666,19317.182576789208,24749.967024177444,0.23013317884731813,0.7698668211526819,1.2989259603404542,0.8064037812628644,0.19359621873713562,1.2400735502925782,0.9632047477744807
20260714,0.25,0.25,10000,4882,5118,0.5118,2.048340843916428,0.15546907005325686,0.161905908691475,0.37999043559703355,0.18551133065847178,26316.451845131825,19353.8872910549,24716.82973804001,0.227946644997387,0.772053355002613,1.2952472695318,0.8057115353205204,0.19428846467947958,1.2411389885366224,0.9727037258418012
20260715,0.25,0.25,10000,4875,5125,0.5125,2.051282051282051,0.1558974358974359,0.16250135209301877,0.3797437995799465,0.18512510229522391,26333.543855255826,19283.021846379168,24702.784874064822,0.23077563115630143,0.7692243688436986,1.3000108167441502,0.8064027898049692,0.19359721019503084,1.2400750749409646,0.9607804493496256
20260716,0.25,0.25,10000,4896,5104,0.5104,2.042483660130719,0.15522875816993464,0.16191290292476757,0.37978516486849645,0.18594281671961588,26330.675668868153,19331.86055816682,24725.226528747942,0.22797999577537723,0.7720200042246228,1.2953032233981405,0.8126339956943143,0.18736600430568573,1.2305662885117183,0.9641591177628988
20260717,0.25,0.25,10000,4889,5111,0.5111,2.045408058907752,0.15483739005931682,0.16081743529922632,0.3810639403551423,0.18630216043962905,26242.315110372932,19421.232166550828,24729.30946810696,0.22272109508886465,0.7772789049111354,1.2865394823938106,0.8223206408425449,0.17767935915745514,1.2160706545994102,0.9635396137169886
20260718,0.25,0.25,10000,4907,5093,0.5093,2.037905033625433,0.15447320154880784,0.16130504425728753,0.3800749407212541,0.18650277341191937,26310.600696334706,19400.612655467827,24688.432709295397,0.22507073120031904,0.7749292687996809,1.2904403540583003,0.8052447936698267,0.1947552063301733,1.2418583862462431,0.9730319254412056
20260719,0.25,0.25,10000,4946,5054,0.5054000000000001,2.0218358269308534,0.1570966437525273,0.16250253460078573,0.37369011563529564,0.1848271311932172,26760.140505721967,19579.44622999733,25003.95804469604,0.23078122869232093,0.769218771307679,1.3000202768062858,0.8068093011329168,0.19319069886708318,1.2394502624050143,0.9705651491365777
20260710,0.3,0.3,10000,4789,5211,0.5211,2.088118605136772,0.16141156817707245,0.1700142569471365,0.36846264295546377,0.1764567597113716,27139.793385265122,19245.011631814774,25551.007083456054,0.2647675421781424,0.7352324578218576,1.360114055577092,0.8033219813041317,0.19667801869586832,1.2448308689083505,0.9393879952922715
20260711,0.3,0.3,10000,4750,5250,0.525,2.1052631578947367,0.16463157894736843,0.1732144635774495,0.3650828726822607,0.17341436452407383,27391.04118067793,19398.992739378085,25860.701502560667,0.27835125648090775,0.7216487435190923,1.385715708619596,0.7837186474317164,0.21628135256828362,1.275968108296323,0.9402216943784639
20260712,0.3,0.3,10000,4801,5199,0.5199,2.082899395959175,0.16246615288481567,0.1714017810863852,0.3636835870274373,0.17460449013187265,27496.429194770266,19241.67793221176,25918.23039623806,0.27071936354616444,0.7292806364538356,1.3712142486910817,0.7883320988266134,0.21166790117338663,1.268500929352543,0.9404505386875612
20260713,0.3,0.3,10000,4786,5214,0.5214,2.089427496865859,0.1625574592561638,0.1712316938107232,0.3652739362764418,0.17482010590190503,27376.713767039575,19141.876755219702,25802.42283544258,0.2699949570190376,0.7300050429809625,1.3698535504857856,0.7766073754138738,0.2233926245861262,1.2876519482796238,0.9467853610286845
20260714,0.3,0.3,10000,4740,5260,0.526,2.109704641350211,0.1639240506329114,0.17360057742786683,0.36413052191163725,0.17259786738611604,27462.679995901795,19318.261214492257,25845.890335350225,0.2799563120581265,0.7200436879418736,1.3888046194229346,0.7720830167883784,0.22791698321162157,1.295197508889244,0.9444112372982666
20260715,0.3,0.3,10000,4761,5239,0.5239,2.1003990758244067,0.1642512077294686,0.17355342734103948,0.3625395159226822,0.172605063530789,27583.20006730707,19383.105606976646,25968.427584381818,0.27976069435742135,0.7202393056425787,1.3884274187283159,0.7698687309127364,0.23013126908726356,1.2989227381847628,0.9383129680725266
20260716,0.3,0.3,10000,4791,5209,0.5208999999999999,2.087246921310791,0.1628052598622417,0.1723226905116695,0.364138377176764,0.17445869650538764,27462.08756553471,19171.49931025155,25902.243291715222,0.2746167110736057,0.7253832889263944,1.378581524093356,0.7791542477264971,0.2208457522735029,1.2834429163646495,0.9434816857030327
20260717,0.3,0.3,10000,4773,5227,0.5226999999999999,2.0951183741881416,0.1625811858369998,0.170924253245841,0.36672128125528425,0.17503606754314716,27268.66563557499,19474.720979340455,25788.12613071633,0.26868190074692316,0.7313180992530769,1.367394025966728,0.7913697599709791,0.20863024002902086,1.2636318072561576,0.940677966101695
20260718,0.3,0.3,10000,4797,5203,0.5203,2.0846362309776945,0.1623931623931624,0.17201702944669506,0.3634754493851467,0.17435917307005488,27512.17452764953,19239.008255320623,25944.85521147879,0.2733277606172404,0.7266722393827596,1.3761362355735605,0.7700763241290501,0.22992367587094986,1.2985725812710727,0.9512195121951219
20260719,0.3,0.3,10000,4817,5183,0.5183,2.075980900975711,0.1631720988166909,0.17212887256177276,0.36130054760444474,0.17403847378106102,27677.788108276258,19433.13777850589,25993.11166953894,0.27379992595291863,0.7262000740470813,1.377030980494182,0.7800598145768818,0.21994018542311822,1.2819529750323284,0.9452511773940345
20260710,0.4,0.4,10000,4494,5506,0.5506,2.2251891410769917,0.17601246105919002,0.19125065742886452,0.34725912709728257,0.1560582517175188,28796.93928735402,20878.25468174391,27310.609501639963,0.34640747550635936,0.6535925244936407,1.5300052594309161,0.7570940917325245,0.2429059082674755,1.320839788501866,0.8815221655551196
20260711,0.4,0.4,10000,4483,5517,0.5517000000000001,2.230649118893598,0.17711354004015167,0.19239833284163366,0.34611391682480086,0.15516286891255823,28892.221646961083,21027.85490090583,27360.48858619471,0.35030622067349393,0.6496937793265061,1.5391866627330693,0.7429982369709965,0.25700176302900346,1.3458982138056346,0.8873713380839272
20260712,0.4,0.4,10000,4521,5479,0.5479,2.2119000221190004,0.17518248175182483,0.19143457077061143,0.34426395603599175,0.15564173452387187,29047.478902945422,20902.76180321365,27512.41093443642,0.3470353891837926,0.6529646108162074,1.5314765661648915,0.7462374896553459,0.25376251034465414,1.3400559659122135,0.8856023506366307
20260713,0.4,0.4,10000,4461,5539,0.5539000000000001,2.2416498542927594,0.1788836583725622,0.1948809188315092,0.34362586330437156,0.15329149762008015,29101.418338649193,21137.680126446103,27551.279545426594,0.3585826629436568,0.6414173370563432,1.5590473506520737,0.7305814987663706,0.2694185012336294,1.3687726854410605,0.8824925816023739
20260714,0.4,0.4,10000,4443,5557,0.5557000000000001,2.2507314877335136,0.17893315327481432,0.1947844372739245,0.3446786675124194,0.1531407319757679,29012.529473236642,21099.39949545146,27516.384927486557,0.3582649530454373,0.6417350469545626,1.558275498191396,0.7308383379632374,0.2691616620367626,1.3682916563831138,0.8852361028093245
20260715,0.4,0.4,10000,4477,5523,0.5523,2.233638597274961,0.17779763234308688,0.1932751205288914,0.34488446699847064,0.1544047758752153,28995.217114386145,21069.368881390285,27469.3715423584,0.35325354004208426,0.6467464599579158,1.5462009642311312,0.7323774519968576,0.26762254800314245,1.3654161488361751,0.8823413480488767
20260716,0.4,0.4,10000,4496,5504,0.5504,2.224199288256228,0.1768238434163701,0.19229810216601262,0.34555633348758913,0.15536212753602008,28938.84160383695,20986.471111385516,27461.51681225487,0.349967583704563,0.6500324162954371,1.538384817328101,0.7393938731564974,0.2606061268435026,1.3524591375513653,0.8853879480110279
20260717,0.4,0.4,10000,4511,5489,0.5488999999999999,2.216803369541122,0.1769009088893815,0.19196372441119885,0.3443872497019916,0.1553530883405684,29037.07964988046,21303.18986573229,27635.301600346655,0.348835305298402,0.651164694701598,1.5357097952895908,0.7431738190945351,0.25682618090546494,1.3455802321163246,0.8890421757981868
20260718,0.4,0.4,10000,4461,5539,0.5539000000000001,2.2416498542927594,0.1779869984308451,0.19422223203613048,0.3451357273816884,0.15396504798497118,28974.10846412003,21143.94781093023,27550.627554860766,0.3564073551747326,0.6435926448252675,1.5537778562890439,0.7312209193696305,0.2687790806303695,1.3675757537982887,0.88459250446163
20260719,0.4,0.4,10000,4497,5503,0.5503,2.2237046920169004,0.17678452301534356,0.1924733390086544,0.34467552781769695,0.15500058485961832,29012.793752184,21016.32092561818,27410.951650064162,0.3505594039994315,0.6494405960005686,1.5397867120692352,0.744165847799988,0.25583415220001204,1.34378647307767,0.8824568288854003
20260710,0.5,0.5,10000,4102,5898,0.5898,2.4378352023403216,0.1945392491467577,0.2172929184827369,0.3324810560253371,0.13638372918159328,30076.90158213988,22617.08583451353,28627.139496682896,0.4247396515596491,0.5752603484403509,1.7383433478618953,0.7248749521254643,0.27512504787453573,1.3795482890777497,0.8046292663789721
20260711,0.5,0.5,10000,4093,5907,0.5907,2.443195699975568,0.1952113364280479,0.2192603314173727,0.3313432194375624,0.13561877971579428,30180.186022742437,22828.549675083534,28779.640091576268,0.42990143637949524,0.5700985636205047,1.7540826513389816,0.7112901732842495,0.2887098267157505,1.40589598670074,0.8101741884402217
20260712,0.5,0.5,10000,4134,5866,0.5866,2.4189646831156266,0.193033381712627,0.21623303531957427,0.3308350144051833,0.13676719495510278,30226.546660967113,22646.612805779005,28721.755386378154,0.4219199678936177,0.5780800321063824,1.7298642825565942,0.717128489088772,0.282871510911228,1.3944502487562056,0.809794319294809
20260713,0.5,0.5,10000,4077,5923,0.5923,2.452783909737552,0.19622271277900416,0.2207318090868499,0.3297998753062475,0.1344594091623571,30321.41837747556,22778.51530614554,28825.86535207062,0.43370191855394497,0.5662980814460551,1.7658544726947991,0.7011861239931737,0.2988138760068263,1.4261548621429014,0.8065281899109792
20260714,0.5,0.5,10000,4090,5910,0.591,2.444987775061125,0.19559902200489,0.21873188326564016,0.3307813746820449,0.13528958224495635,30231.44821745857,22699.029776591087,28830.17223562767,0.42852409930474994,0.57147590069525,1.7498550661251213,0.7013712564416538,0.29862874355834623,1.4257784173725814,0.8149033672046224
20260715,0.5,0.5,10000,4104,5896,0.5896,2.4366471734892787,0.19468810916179338,0.21875364011998463,0.33046959937745324,0.1356247235845068,30259.969506539317,22699.76122860462,28843.764007448302,0.42858093729805596,0.571419062701944,1.750029120959877,0.7017668416929741,0.2982331583070259,1.4249747075361308,0.8088293259755617
20260716,0.5,0.5,10000,4102,5898,0.5898,2.4378352023403216,0.19502681618722575,0.21865423058374053,0.3313110281632706,0.13590378375257361,30183.11842934484,22699.357939687045,28831.76146979449,0.42832114582787684,0.5716788541721232,1.7492338446699243,0.7089129053451434,0.2910870946548566,1.4106105171172434,0.8077983458054352
20260717,0.5,0.5,10000,4102,5898,0.5898,2.4378352023403216,0.19502681618722575,0.2184868211022433,0.3305758327700575,0.1356022066022776,30250.245204572522,22905.006486963342,28845.52996649911,0.42788311272328466,0.5721168872767154,1.7478945688179464,0.7133693374324109,0.28663066256758907,1.4017984058569748,0.808435159637367
20260718,0.5,0.5,10000,4107,5893,0.5892999999999999,2.4348672997321645,0.19430241051862673,0.21767220675209742,0.33199104044569255,0.13634872031104595,30121.294799327003,22551.787157346695,28746.786890651652,0.42574202804697053,0.5742579719530295,1.7413776540167794,0.7033719622677909,0.29662803773220914,1.4217228630720933,0.8143961927424153
20260719,0.5,0.5,10000,4131,5869,0.5869,2.420721374969741,0.19317356572258534,0.2159513100315778,0.3318485277257122,0.1370866268034917,30134.230422939985,22484.27341558131,28646.08012507316,0.4211658175089482,0.5788341824910518,1.7276104802526224,0.7164719309773494,0.2835280690226506,1.395728090332703,0.8106357927786499
20260710,0.65,0.65,10000,3409,6591,0.6591,2.933411557641537,0.23437958345555882,0.2714579698617875,0.3153456196241499,0.1075013217298727,31711.23801218064,25254.886667933715,30512.859852831763,0.5395235584217933,0.4604764415782067,2.1716637588943,0.6875162863733532,0.31248371362664684,1.4545109982412168,0.6686936053354257
20260711,0.65,0.65,10000,3409,6591,0.6591,2.933411557641537,0.23467292461132297,0.27285558874132343,0.3140676803088312,0.10706567221728056,31840.27083005399,25296.674430296574,30586.020434328024,0.5418822074467226,0.45811779255327745,2.1828447099305874,0.6742049984576387,0.3257950015423613,1.4832283983175356,0.6747822644497229
20260712,0.65,0.65,10000,3413,6587,0.6587000000000001,2.929973630237328,0.23439789041898623,0.27276214701057644,0.3139741069193607,0.1071593626915778,31849.76015416565,25339.463359035137,30584.673258074657,0.5417252673438111,0.4582747326561889,2.1820971760846115,0.6805802502884954,0.31941974971150455,1.4693344386295424,0.668560235063663
20260713,0.65,0.65,10000,3396,6604,0.6604,2.944640753828033,0.23557126030624265,0.2724705176475788,0.31460865628174517,0.10684109967328066,31785.520837813765,25211.074988741497,30474.00524183842,0.5412347688872577,0.45876523111274226,2.1797641411806303,0.6688881372925087,0.33111186270749127,1.4950182911715983,0.6718100890207716
20260714,0.65,0.65,10000,3394,6606,0.6606000000000001,2.946375957572186,0.2357100766057749,0.273170438834614,0.3140066021888419,0.10657384078289295,31846.464151687018,25336.637203763472,30595.29085413691,0.5424102236930587,0.45758977630694125,2.185363510676912,0.6658029198888783,0.3341970801111217,1.501945951463984,0.6762303247658896
20260715,0.65,0.65,10000,3386,6614,0.6614,2.9533372711163617,0.23626698168930893,0.27565828309029206,0.313530846596675,0.10616154465763417,31894.788371059276,25280.99212565206,30663.64710342461,0.5465400183202324,0.45345998167976753,2.2052662647223364,0.6657966493860934,0.3342033506139066,1.5019600968584976,0.6673236105636579
20260716,0.65,0.65,10000,3422,6578,0.6577999999999999,2.922267679719462,0.23378141437755698,0.2719722303874098,0.3140067775266755,0.10745311926962836,31846.446368981575,25304.047178928253,30619.08329175686,0.5403942534061503,0.45960574659384973,2.1757778430992785,0.6718866504039287,0.3281133495960713,1.4883462848961415,0.6738873572272548
20260717,0.65,0.65,10000,3395,6605,0.6605,2.9455081001472756,0.23564064801178203,0.27394284949145636,0.3137656801080195,0.10652344839667262,31870.91716518301,25527.39347422668,30693.682016508497,0.543700446162226,0.456299553837774,2.191542795931651,0.6770937048001942,0.32290629519980585,1.4769004539705377,0.6690973590855341
20260718,0.65,0.65,10000,3429,6571,0.6571,2.916302128900554,0.23330417031204434,0.2715996177599342,0.3140514495426817,0.10768824204818556,31841.91639478783,25295.060782696513,30592.836251234352,0.5397637116319988,0.4602362883680013,2.1727969420794735,0.6653642942331583,0.33463570576684165,1.5029360737677002,0.6799524092801904
20260719,0.65,0.65,10000,3403,6597,0.6597,2.938583602703497,0.23508668821627976,0.2723913718791823,0.31408910113039745,0.10688452111467425,31838.09932917218,25307.037345466568,30532.993616707947,0.5411014705141135,0.4588985294858865,2.179130975033458,0.6781287424358811,0.32187125756411894,1.4746462396033195,0.667778649921507
20260710,0.8,0.8,10000,2494,7506,0.7505999999999999,4.0096230954290295,0.32076984763432237,0.3780334440246704,0.2999850601529791,0.07481627400215299,33334.99339900608,28327.90508334609,32361.86086547322,0.6693414247448368,0.3306585752551632,3.024267552197363,0.6540272059896672,0.34597279401033276,1.5289883828101776,0.4892114554727344
20260711,0.8,0.8,10000,2488,7512,0.7512,4.019292604501608,0.3215434083601286,0.3803393580135683,0.2995788933423372,0.0745352286635735,33380.18873236413,28480.958307487235,32424.23939379219,0.6713461350598885,0.32865386494011156,3.042714864108546,0.6431021081991041,0.35689789180089593,1.5549630257010456,0.4924782264449723
20260712,0.8,0.8,10000,2490,7510,0.751,4.016064257028113,0.321285140562249,0.3778588203171143,0.299128122994448,0.07448290262561756,33430.49092106129,28424.806357099074,32502.343434612925,0.6691886141625727,0.33081138583742725,3.0228705625369146,0.6483996238204949,0.3516003761795051,1.5422587602809024,0.4877571008814887
20260713,0.8,0.8,10000,2472,7528,0.7528,4.0453074433656955,0.32362459546925565,0.382180754295495,0.2995428214670291,0.07404698546664959,33384.20847818818,28448.07718884592,32421.458404863537,0.6729296318690282,0.32707036813097173,3.05744603436396,0.6368567294314759,0.36314327056852413,1.570211876213828,0.4890207715133531
20260714,0.8,0.8,10000,2490,7510,0.751,4.016064257028113,0.321285140562249,0.3786432269570731,0.29973145457047584,0.07463313218804848,33363.1984481919,28349.609074414846,32394.52486925142,0.6698739311817368,0.3301260688182633,3.0291458156565847,0.6355346551457155,0.3644653448542845,1.5734783176705287,0.49611476389719067
20260715,0.8,0.8,10000,2462,7538,0.7538,4.061738424045491,0.3249390739236393,0.3821425989818085,0.2989330349441244,0.07359731320324342,33452.30814610091,28398.556325943,32504.640645652908,0.6728969752834322,0.3271030247165679,3.057140791854468,0.6347975493226148,0.3652024506773852,1.5753053884141308,0.48521876231769806
20260716,0.8,0.8,10000,2472,7528,0.7528,4.0453074433656955,0.32362459546925565,0.3815997265045006,0.2993271402973368,0.07399366908150165,33408.26358099868,28474.8637037482,32503.074242454786,0.6724316310574563,0.32756836894254365,3.0527978120360046,0.640476333834162,0.359523666165838,1.5613379404881012,0.4868058290665616
20260717,0.8,0.8,10000,2487,7513,0.7513,4.0209087253719344,0.32167269802975473,0.38055836454796604,0.2991455717156181,0.07439750368567423,33428.540969700436,28569.993057839478,32486.622052362938,0.6715352712100358,0.32846472878996424,3.0444669163837283,0.645544099526018,0.354455900473982,1.5490808462725265,0.490145841545132
20260718,0.8,0.8,10000,2504,7496,0.7496,3.9936102236421727,0.3194888178913738,0.37811951937138727,0.2983249214572973,0.07470056033290724,33520.49822438792,28440.116280424085,32543.21203873123,0.6694166960547054,0.3305833039452945,3.024956154971098,0.6320453260338167,0.3679546739661833,1.5821650106569989,0.49652984334721395
20260719,0.8,0.8,10000,2486,7514,0.7514000000000001,4.022526146419952,0.32180209171359614,0.378525334025825,0.29863634866068534,0.07424099627704638,33485.54201405046,28431.25105237336,32503.0288691967,0.6697711123571142,0.3302288876428859,3.0282026722066,0.6447657395117256,0.35523426048827444,1.5509508938196526,0.4878335949764521
