seed,length_m,policy,logical_requests,logical_bytes,physical_services,physical_bytes,latency_mean_s,latency_p50_s,latency_p95_s,latency_p99_s,last_read_s,read_drain_s,system_return_drain_s,observed_request_throughput,request_queue_mean_s,dispatch_to_read_mean_s,request_fetch_mean_s,request_pick_mean_s,request_delivery_mean_s,request_reader_queue_mean_s,request_reader_read_mean_s,request_coordination_mean_s,movement_s,detour_s,conflict_wait_s,reader_queue_s,reader_service_s,pick_place_s,conflict_affected_fraction,conflict_delay_mean_s,conflict_delay_p95_s,conflict_delay_affected_mean_s,zone_completion_spread_s,fetch_direct_s,delivery_direct_s,return_direct_s,fetch_coordination_s,pick_coordination_s,delivery_coordination_s,reader_coordination_s,return_coordination_s,place_coordination_s,max_dispatch_backlog,cpu_wall_s
20260804,2.0,no_zone_coordinated,100000,8612874101,3653,7731833095,1571.4080726305808,1560.7083330544299,2975.1845787854154,3149.8955454795578,18099.494053254806,3171.3980532548067,3181.367589226289,5.525016318454335,1541.040363476899,30.367709153681577,8.93296018900703,3.0,2.690413442164063,1.1683814908610508,4.0293108840553025,10.546643147593922,52605.43142276203,2442.000000000007,38184.38562271552,3684.2829861775886,25695.172727357356,21918.0,0.8513550506433069,11.121375752180544,29.911495051883847,14.116186804279197,103.83097667441689,32757.993591786537,9923.718915487745,9923.718915487745,28854.01260787324,3179.385093627831,6312.003239468062,1421.9507103700184,581.2479086744326,277.7860627019468,27244,24.97176079199926
20260804,2.0,static_zone,100000,8612874101,6303,8155298754,822.1629049705742,814.8950336139369,1586.735637249873,1754.9365219842666,16729.23668589702,1801.1406858970204,1808.6963208156285,5.977559040951426,809.8606612097484,12.302243760825856,2.5930715834360476,3.0,2.6904134421640613,0.0,4.018758735225535,0.0,50553.80637975937,0.0,0.0,0.0,44252.8310327385,37818.0,0,0.0,0.0,0.0,326.96956025328836,16342.276971790654,17105.764703984358,17105.764703984358,0.0,0.0,0.0,0.0,0.0,0.0,14716,20.021422333000373
20260804,16.0,no_zone_coordinated,100000,8612874101,3405,7696933262,1712.5686524639677,1714.2364886763844,3223.2530601725894,3409.3393499180656,18343.821680390585,3415.7256803905857,3428.445680390587,5.4514267387858055,1681.9587266722253,30.60992579174235,11.488384303084018,3.0,6.405040333361386,0.5883863798676017,4.032740360023504,5.0953744154058205,82798.12649222805,4631.999999999999,12920.448209022199,1870.1553521863134,23958.53120945104,20430.0,0.7095447870778268,5.154904026144552,18.0,9.080418111237556,63.67676793058126,39456.561692818555,21670.782399704745,21670.782399704745,7859.437282242078,1132.842950271066,7795.911613659146,463.76071362247495,215.88411910265813,84.61153012477409,28898,24.977268916001776
20260804,16.0,static_zone,100000,8612874101,4495,7789905032,1227.8000683934931,1223.7262960162188,2337.2373760118876,2560.0573244117472,17544.738256965014,2616.642256965015,2632.2822569650143,5.699714554607357,1209.1950864054281,18.60498198806501,5.174992375428511,3.0,6.405040333361417,0.0,4.024949279275093,0.0,80567.4986106431,0.0,0.0,0.0,31590.390455937704,26970.0,0,0.0,0.0,0.0,374.15574481894146,23330.30806807482,28618.595271284146,28618.595271284146,0.0,0.0,0.0,0.0,0.0,0.0,21228,19.500567082999623
20260804,64.0,no_zone_coordinated,100000,8612874101,2195,7652618675,3089.2557416261434,3105.4609663756064,5815.803901270705,6097.373782733091,21086.96088102462,6158.864881024621,6166.250521670676,4.742267060872973,3036.2721764257994,52.98356520034374,20.25414200675944,3.0,18.671672406505774,0.8725411950766706,4.050458488195243,6.13475110380659,124742.13003469924,6300.0,6624.45745317425,1953.3527831962028,15487.403348059972,13170.0,0.6478359908883827,5.888135513974602,24.0,12.391617884155561,194.89061677164864,44032.22182824005,40354.9541032296,40354.9541032296,4401.074429344482,950.980746765913,6631.050053710083,393.99784369659733,339.17163378531666,208.18274587185743,45821,19.3107980829991
20260804,64.0,static_zone,100000,8612874101,2522,7679543964,2536.727964017801,2528.292427004902,4847.610853555612,5264.587524346937,20463.686195461873,5535.590195461873,5576.470195461874,4.8867051148476115,2496.9945228814177,39.73344113638311,14.01728528783209,3.0,18.67167240650578,0.0,4.0444834420452205,0.0,127142.60452568602,0.0,0.0,0.0,17776.94576400299,15132.0,0,0.0,0.0,0.0,894.7647879220567,34463.655776530395,46339.47437457782,46339.47437457782,0.0,0.0,0.0,0.0,0.0,0.0,40504,18.007457332998456
20260805,2.0,no_zone_coordinated,100000,8612874101,3636,7719242267,1596.6744660003726,1585.6458983503053,3053.1003088528128,3405.2962535984907,18408.284036951092,3480.1880369510927,3491.183030685419,5.432336865254209,1565.1055099660273,31.568956034345305,8.991763685173447,3.0,2.802562812862159,1.1990869507008695,4.030238556072394,11.54530402953623,52695.85106186693,2844.0000000000014,38137.1025228885,3774.8132070472516,25575.966651535924,21816.0,0.8737623762376238,11.270930286823019,28.9340237556855,13.88719163771213,686.8270225264278,32493.258612409136,10101.2962247289,10101.2962247289,28455.578792076616,3440.718292726496,6741.51926279561,1620.4177018311998,484.6642159368165,238.20425752175845,27314,27.086204916999122
20260805,2.0,static_zone,100000,8612874101,6267,7845268597,833.8761812413518,830.1019642287888,1611.499435439957,1767.059483642061,16744.387492967788,1816.2914929677881,1827.2864867021144,5.972150372296236,821.4302317895092,12.445949451842592,2.6255870962922874,3.0,2.8025628128621727,0.0,4.017799542687908,0.0,51188.97787975469,0.0,0.0,0.0,43995.89063610446,37602.0,0,0.0,0.0,0.0,433.9184582095022,16422.374567117433,17383.30165631863,17383.30165631863,0.0,0.0,0.0,0.0,0.0,0.0,14934,20.116206917002273
20260805,16.0,no_zone_coordinated,100000,8612874101,3387,7701704123,1735.3467039699117,1725.2626330919156,3285.8329993853786,3573.9053999594917,18526.20004308699,3598.104043086989,3612.064043086988,5.397760996179828,1704.433275809042,30.91342816086986,11.801768999265844,3.0,6.321242586294663,0.6231909962935067,4.034672732449564,5.132552846566221,83060.90663444366,4596.000000000003,13418.052639753563,1881.5086833916562,23832.60074024442,20322.0,0.7301446708001181,5.318586548495295,18.156589483091917,9.098006383713923,351.4408690072887,39251.44071600456,21904.73295921955,21904.73295921955,7969.22676451457,1344.6856730192853,7889.310109337859,519.7878556375455,238.5652322393288,52.477005004976775,29841,24.5816783329974
20260805,16.0,static_zone,100000,8612874101,4467,7788576698,1245.353938413644,1240.4380616205008,2393.1003827346567,2584.9642992455833,17626.756191961143,2698.660191961144,2711.4201919611423,5.673193576343104,1226.7621959316223,18.591742482021704,5.247671627045245,3.0,6.321242586294691,0.0,4.0228282686817,0.0,81060.3849732402,0.0,0.0,0.0,31394.35954263738,26802.0,0,0.0,0.0,0.0,577.7900943349705,23252.25461776665,28904.06517773677,28904.06517773677,0.0,0.0,0.0,0.0,0.0,0.0,21746,18.599035167000693
20260805,64.0,no_zone_coordinated,100000,8612874101,2191,7673255209,3113.338577870774,3142.7307536457192,5857.130210246369,6254.572275229373,21324.601569015776,6396.505569015777,6431.945569015776,4.689419386165603,3062.2741760688505,51.064401801923594,19.195093575270796,3.0,17.88605149194792,1.2184078629528536,4.047461255480608,5.71738761627142,124213.66112001067,6408.000000000003,6839.700160719463,2614.569922436382,15459.72995693423,13146.0,0.6449109995435874,6.046417234468036,24.0,12.439155080487762,641.0394894766177,42177.1432843386,41018.258917836036,41018.258917836036,4702.549080167834,992.2084464880827,6763.038837985024,392.30968376411494,271.3907291660511,126.20338314836056,46305,19.826911249998375
20260805,64.0,static_zone,100000,8612874101,2512,7668769609,2588.554609110196,2589.987843620017,4951.362489455016,5286.650982990974,20438.535795689422,5510.439795689423,5551.319795689424,4.8927183923366195,2550.352216332382,38.20239277781408,13.270348290918111,3.0,17.886051491947917,0.0,4.045992994948069,0.0,127537.46491824566,0.0,0.0,0.0,17706.771010242333,15072.0,0,0.0,0.0,0.0,1007.6807011947421,33703.71139369738,46916.87676227414,46916.87676227414,0.0,0.0,0.0,0.0,0.0,0.0,41402,18.58599774999675
20260806,2.0,no_zone_coordinated,100000,8612874101,3695,7738892892,1580.0697554452806,1574.4941702420329,2991.206357254896,3207.210440768189,18300.95283406009,3372.8568340600887,3380.2921040695273,5.464196367627864,1549.4864474240876,30.583308021192995,8.969851975996988,3.0,2.710487895187812,0.9958505042974072,4.03097969062139,10.87613795508918,52670.93794224796,2850.000000000004,37913.10550064501,3763.273501680221,25989.299639808654,22170.0,0.8630581867388363,11.031963599633292,29.105281787473164,13.701884201897483,269.0241640216482,32180.47740478395,10245.230268732006,10245.230268732006,28349.301786968463,3756.994174291929,6654.347667306498,1097.1960421938484,623.1369444000936,282.1288854841821,26873,24.69436341600158
20260806,2.0,static_zone,100000,8612874101,6284,8131802349,825.2446235966497,819.5148620373488,1593.2753055622516,1797.0739405023742,16874.108229664165,1946.0122296641657,1953.738497314329,5.92623910188054,812.9110582814346,12.333565315215093,2.604077017901956,3.0,2.7104878951878217,0.0,4.019000402125066,0.0,50935.64934039895,0.0,0.0,0.0,44119.45091743889,37704.0,0,0.0,0.0,0.0,476.5524808391747,16159.353057533841,17388.148141432554,17388.148141432554,0.0,0.0,0.0,0.0,0.0,0.0,14690,20.033881875002407
20260806,16.0,no_zone_coordinated,100000,8612874101,3399,8016013841,1730.0036789472467,1731.6300525149745,3252.8309365926943,3453.065236738799,18461.009112635347,3532.9131126353477,3539.313112635349,5.416821983558665,1699.4705941923528,30.53308475489391,11.497274365522047,3.0,6.449814404497006,0.5097237986799286,4.033983511193744,5.042288675001077,82816.33728873618,4746.000000000002,13547.685056625165,1789.645953183287,23921.600758668646,20394.0,0.7390408943807002,5.382078569174807,18.18797328140408,9.074248539992642,206.29246700450676,38565.21197772034,22125.56265550792,22125.56265550792,8318.231789123183,1259.208224218803,7911.948269380718,500.8183631457854,238.3487711071473,65.12963964952905,29437,25.45104637499753
20260806,16.0,static_zone,100000,8612874101,4472,8064703716,1235.5640721135321,1226.9826599058251,2369.8775283404575,2633.7425755906675,17797.28036788824,2869.1843678882415,2882.1443678882406,5.618836020610807,1216.8987048997003,18.665367213831793,5.190195376369297,3.0,6.44981440449699,0.0,4.025357432965437,0.0,80963.64677515323,0.0,0.0,0.0,31433.750213389587,26832.0,0,0.0,0.0,0.0,691.3406507934778,22796.043469271037,29083.801652941096,29083.801652941096,0.0,0.0,0.0,0.0,0.0,0.0,21559,19.87871558400002
20260806,64.0,no_zone_coordinated,100000,8612874101,2197,7632833566,3089.3383797022575,3092.5386026622928,5839.036390365521,6198.138724418744,21202.495873993368,6274.399873993369,6312.079873993369,4.716425867704488,3037.416632448414,51.92174725384342,19.562553035044946,3.0,18.817882369150006,0.7352536895385441,4.048679778983227,5.757378381126696,125235.63288449567,6726.000000000004,6125.961408997278,1671.8582608431157,15501.089572221628,13182.0,0.6417842512517069,5.849777609921384,22.788128264320388,12.251631467108943,407.92820771561674,42432.83483191304,41401.39902629132,41401.39902629132,4263.636750892792,951.0275333871712,6820.978558725988,349.22393247546313,312.74544562054996,154.3491878953172,45177,18.804658500001096
20260806,64.0,static_zone,100000,8612874101,2499,7959421387,2581.48451676416,2567.2015831915496,4917.601468785624,5510.770384675148,20793.40112651181,5865.30512651181,5878.025126511811,4.809218049109769,2542.10904542652,39.37547133764002,13.508563497537992,3.0,18.817882369150013,0.0,4.049025470952012,0.0,127995.74844306044,0.0,0.0,0.0,17620.386245837275,14994.0,0,0.0,0.0,0.0,1240.0030246743663,33631.096992837585,47182.32572511143,47182.32572511143,0.0,0.0,0.0,0.0,0.0,0.0,40933,17.779295207998075
20260807,2.0,no_zone_coordinated,100000,8612874101,3619,7736923378,1581.413968862407,1577.308260243366,2997.706007906301,3170.750431167468,18253.277527552735,3325.181527552735,3335.9193422724366,5.478468173677479,1550.3749671929668,31.039001669440296,8.63618928078719,3.0,2.761335622127353,0.7074268126863812,4.031239937092916,11.902810016746319,52582.095239958224,3276.000000000003,39216.04453065996,3137.489684491796,25457.241735226697,21714.0,0.8698535507046146,11.741377322647129,30.066394503929402,14.462915088720205,202.9411677233511,31841.15247520802,10370.471382375103,10370.471382375103,29516.625622949046,3465.58731517352,7016.633929978735,1678.700695298356,610.3433477433015,204.15361951700007,26957,24.878992292000476
20260807,2.0,static_zone,100000,8612874101,6231,7834791480,830.95444195112,826.9181147008794,1595.9840698638693,1757.838892536122,16778.751401816804,1850.6554018168044,1858.2985694893232,5.959919043151923,818.6226123069531,12.331829644166794,2.550570633040081,3.0,2.7613356221273517,0.0,4.01992338899916,0.0,51697.469701215574,0.0,0.0,0.0,43743.71150681457,37386.0,0,0.0,0.0,0.0,345.98249189393755,16007.518345168293,17844.975678023642,17844.975678023642,0.0,0.0,0.0,0.0,0.0,0.0,14839,19.529618833003042
20260807,16.0,no_zone_coordinated,100000,8612874101,3415,8299578150,1706.1435022367793,1707.4296892319362,3200.3323860697574,3380.927569870351,18348.088431499284,3419.992431499284,3437.4724314992836,5.450159038274739,1675.704303498984,30.43919873779527,11.302420604722485,3.0,6.267119219557932,0.5328125762235574,4.03756765097028,5.299278686320968,82171.70998433632,4722.000000000002,13360.394225125403,1684.5468448073768,24038.113491977692,20490.0,0.7288433382137628,5.294990988323691,18.477392995227273,9.100349383555814,118.10201860979942,38176.72923441835,21997.490374958983,21997.490374958983,8137.2299433863345,1325.91225142832,7783.734051547909,542.8473910447722,191.58774200402138,101.08284571404704,29279,24.020716333001474
20260807,16.0,static_zone,100000,8612874101,4493,8072852084,1235.4582317975378,1230.4867834047973,2348.5077997106187,2565.1446104236775,17639.456850697912,2711.3608506979126,2724.3608506979126,5.66910879662621,1216.994119735107,18.464112062430793,5.167765923051852,3.0,6.267119219557925,0.0,4.029226919820951,0.0,80650.07988851069,0.0,0.0,0.0,31580.88707821096,26958.0,0,0.0,0.0,0.0,413.7888674492533,22860.904428409624,28894.587730050538,28894.587730050538,0.0,0.0,0.0,0.0,0.0,0.0,21232,18.86830241699863
20260807,64.0,no_zone_coordinated,100000,8612874101,2219,7649257494,3066.7342413691317,3089.7376802256886,5767.061101927621,6067.293785115771,21091.582026159103,6163.486026159104,6180.366026159105,4.741228034766369,3015.3768792529345,51.357362116197436,18.942961254158643,3.0,17.782178537965933,0.8515559314624674,4.057256212624518,6.723410179985808,122819.11976231026,7380.0,7175.732399527302,1981.2491367358587,15655.358323526763,13314.0,0.6557007661108607,6.559590986718027,24.0,13.136942598851356,177.89892349220827,42339.313847087076,40239.90295761159,40239.90295761159,5079.626498826773,1121.9512428334806,7430.76015522879,392.2195850048732,288.8592023814381,242.31571525194795,44909,19.858120875000168
20260807,64.0,static_zone,100000,8612874101,2563,7667782006,2504.2008904401487,2487.017330613977,4801.208503170887,5223.274947997641,20409.713079473317,5481.617079473317,5512.1370794733175,4.899627917874706,2466.789043082399,37.41184735774945,12.577703050805843,3.0,17.78217853796594,0.0,4.051965768977633,0.0,125897.40998503259,0.0,0.0,0.0,18063.773162715403,15378.0,0,0.0,0.0,0.0,972.1209541237804,32889.39197447262,46504.00900527998,46504.00900527998,0.0,0.0,0.0,0.0,0.0,0.0,40357,19.051959458000056
20260808,2.0,no_zone_coordinated,100000,8612874101,3659,7693970317,1588.8599734093582,1583.4093351181846,3005.24162392014,3209.4485416364396,18272.01713233432,3343.9211323343206,3354.647399984484,5.472849509485142,1557.7543930705626,31.105580338795644,8.881745479322385,3.0,2.804943267643823,0.88192054615067,4.030104052370904,11.506866993307714,52387.07441434821,3012.0000000000077,38903.86054736214,3545.6582956873585,25736.57301470858,21954.0,0.8742825908718229,11.455550846505096,30.25449905829719,14.08936488986963,192.6620886202727,32178.93250504482,10104.070954651696,10104.070954651696,29871.681714509028,3252.3633895147645,6285.656122187481,1631.8977061733233,607.6089483620417,266.65266661551027,27008,25.997243500001787
20260808,2.0,static_zone,100000,8612874101,6283,8131322141,822.6665649635555,814.9136750995458,1593.8455384773392,1785.3210071481196,16829.506160580215,1901.4101605802152,1911.913490218054,5.941945000990593,810.2938923946872,12.37267256886827,2.5493052744609974,3.0,2.804943267643817,0.0,4.018424026763292,0.0,50843.71769024168,0.0,0.0,0.0,44112.44293473829,37698.0,0,0.0,0.0,0.0,415.7967162935529,16160.287818095569,17341.71493607306,17341.71493607306,0.0,0.0,0.0,0.0,0.0,0.0,14512,19.761501917000714
20260808,16.0,no_zone_coordinated,100000,8612874101,3449,7698623990,1703.0709194512478,1705.1186651261605,3189.523008906007,3378.2301198849873,18399.795437266723,3471.699437266723,3482.579437266724,5.4348430307796365,1672.9509310473634,30.119988403884363,11.218897535579284,3.0,6.284687240685609,0.5158319736251803,4.032272499421451,5.068299154572798,82548.96365328315,4584.000000000003,13076.15171881353,1606.338387466082,24266.573482848868,20694.0,0.7286169904320092,5.1203687210245095,17.83664715756422,8.652695599614665,144.03489844171054,38865.72795875083,21841.61784726616,21841.61784726616,8275.523168822434,1339.600315394646,7166.500717189112,484.70780170149374,290.28837683253175,103.53133887331501,29374,26.44478537500254
20260808,16.0,static_zone,100000,8612874101,4511,8368520426,1220.179683845213,1208.6471210908248,2348.9318773747477,2628.6903730370204,17775.795185181578,2847.6991851815783,2865.179185181578,5.625627374653986,1201.739789000601,18.439894844612088,5.126616955886925,3.0,6.284687240685615,0.0,4.02859064803948,0.0,80326.38174192462,0.0,0.0,0.0,31711.592899943287,27066.0,0,0.0,0.0,0.0,616.0101653530764,23119.49514940477,28603.443296259924,28603.443296259924,0.0,0.0,0.0,0.0,0.0,0.0,20985,19.886875082996994
20260808,64.0,no_zone_coordinated,100000,8612874101,2237,7640107448,3025.0642369413467,3039.8530976630645,5685.4372606789375,5951.98350071533,20971.096232990767,6043.0002329907675,6079.280232990766,4.768467937440704,2975.364296527133,49.69994041421366,18.916794246491428,3.0,17.685751439094233,0.8628906747161085,4.051813875478911,5.18269017843287,123461.74313521489,6576.0,6312.383187146535,1931.3085075637816,15781.219187462362,13422.0,0.6388019669199821,5.761458733637253,24.0,12.623294012876137,281.0268306946273,42642.99937274469,40409.3718812351,40409.3718812351,4429.851270141765,1133.19493124427,6550.710911755771,357.3135649394054,294.51427894953287,122.79823011579174,45314,21.801363416998356
20260808,64.0,static_zone,100000,8612874101,2572,7686885922,2502.811365105659,2492.7976013801735,4790.285262344887,5347.258739093834,20683.302393273294,5755.206393273294,5767.486393273293,4.834817868955124,2465.1048935267427,37.70647157891671,12.975483430605642,3.0,17.68575143909428,0.0,4.045236709216751,0.0,125655.39661171174,0.0,0.0,0.0,18127.079961282605,15432.0,0,0.0,0.0,0.0,1180.346587327087,33143.54817030921,46255.924220701265,46255.924220701265,0.0,0.0,0.0,0.0,0.0,0.0,39694,19.919338374998915
20260809,2.0,no_zone_coordinated,100000,8612874101,3651,7728997593,1582.4799804488152,1570.9307943829997,3001.99961217244,3304.0724188753625,18328.638319497757,3400.5423194977575,3407.7993000067527,5.455942675982719,1551.812233887553,30.667746561262064,8.507504711613196,3.0,2.849116424476679,0.7969746661434247,4.032059051488684,11.482091707539825,52178.70731781514,3108.0000000000105,39095.04068057633,3198.1627921792488,25681.126958266832,21906.0,0.8772938920843605,11.559309964551174,29.473631733182444,14.162094188112865,392.2219064431738,31590.686298957495,10294.010509428821,10294.010509428821,29443.401636692433,3514.1798384433337,6529.470812619912,1623.2012257449394,852.0162561129125,240.77091096280702,27208,28.136059042000852
20260809,2.0,static_zone,100000,8612874101,6254,8145321249,830.6768865475146,825.8103499277004,1602.394603360433,1749.63273620485,16819.17352981842,1891.0775298184217,1901.200027034456,5.945595354177881,818.3252498720831,12.351636675431575,2.482601417752276,3.0,2.849116424476681,0.0,4.019918833202381,0.0,51426.44742221222,0.0,0.0,0.0,43909.65529456749,37524.0,0,0.0,0.0,0.0,450.3352147825226,16081.129256975346,17672.65908261844,17672.65908261844,0.0,0.0,0.0,0.0,0.0,0.0,14788,19.12376558300093
20260809,16.0,no_zone_coordinated,100000,8612874101,3442,7719162023,1687.6339318999203,1680.4461942809767,3200.1094255140392,3421.691253069701,18444.45066250752,3516.3546625075196,3527.87466250752,5.421684919208379,1657.585676534925,30.048255364995377,11.01338057555074,3.0,6.485305687198963,0.38919168388112696,4.032122824357035,5.128254594007439,82090.5428775514,4686.000000000002,13152.244903359244,1685.0820725328526,24217.897476091894,20652.0,0.7277745496804183,5.1825232142240685,18.0,8.919122451679623,315.8652738818382,37972.5652635815,22058.988806984948,22058.988806984948,7556.4484678409,1358.9742108361502,7931.265208327505,532.1364928770315,364.4152665256637,95.0052569519944,28824,25.019787166998867
20260809,16.0,static_zone,100000,8612874101,4471,8071662800,1232.8695803163284,1226.155439836307,2369.8206687688757,2576.2157764084945,17622.606218142413,2694.5102181424136,2706.6302181424126,5.6745295651587755,1214.230245895585,18.63933442074349,5.127527852572707,3.0,6.485305687198973,0.0,4.026500880971767,0.0,80836.2507141523,0.0,0.0,0.0,31426.860475050864,26826.0,0,0.0,0.0,0.0,630.3695184178105,23410.792191513272,28712.729261319513,28712.729261319513,0.0,0.0,0.0,0.0,0.0,0.0,21731,19.909591083000123
20260809,64.0,no_zone_coordinated,100000,8612874101,2218,7941229495,3058.5063999814915,3042.6544365947193,5822.213940751214,6268.046267690526,21430.191557669845,6502.095557669845,6540.615557669846,4.666313865225815,3006.6456807321083,51.860719249383145,19.23289628149964,3.0,18.47288544200426,1.1648209168443773,4.0544626375781725,5.935653971456698,123531.99541986106,6570.000000000001,7011.696555141165,2554.4924016775144,15652.998743501155,13308.0,0.6591523895401262,6.123397905834611,24.0,12.324588525536448,799.4012210461224,42693.86047255909,40419.06747365099,40419.06747365099,4902.635153767569,1060.640358422209,6749.006352888671,374.010233829105,350.6120362300756,144.79242000353554,45791,21.42473337500269
20260809,64.0,static_zone,100000,8612874101,2533,7665753237,2540.079387621273,2527.3433668701664,4872.619383035836,5259.517575449958,20337.383441601523,5409.287441601524,5447.287441601524,4.9170533803991265,2501.5273075881314,38.5520800331418,13.031420325280418,3.0,18.47288544200424,0.0,4.0477742658570275,0.0,126671.37856132201,0.0,0.0,0.0,17853.730416300583,15198.0,0,0.0,0.0,0.0,1244.1315356167506,33755.01920643593,46458.17967744304,46458.17967744304,0.0,0.0,0.0,0.0,0.0,0.0,42213,19.80953145800231
20260810,2.0,no_zone_coordinated,100000,8612874101,3636,7732527645,1580.4591167016893,1583.9123229759707,2967.1156217233392,3130.1243404778697,18128.200286545216,3200.1042865452164,3210.9318532334637,5.516267385583785,1549.976293776784,30.482822924905197,8.944269057722858,3.0,2.9076495094137105,0.8583951386555182,4.031750020312123,10.740759198800781,54121.151754442304,3132.0000000000005,36885.42540856816,3208.8953483920745,25576.177816932297,21816.0,0.8679867986798679,11.005892576613906,28.741877467485438,13.574431956773461,164.2654478763252,33010.4907477649,10555.330503338702,10555.330503338702,28288.423464217914,2928.158234486173,6554.349598279742,1396.7506826326185,637.1460508776063,212.59737807410954,27246,25.517171041999973
20260810,2.0,static_zone,100000,8612874101,6203,8131569980,840.4792472038695,834.9447857249861,1617.2173587230507,1783.428744686422,16787.18692008639,1859.0909200863916,1865.8783208737896,5.956924199154946,827.8912776602756,12.587969543593934,2.6607415235975327,3.0,2.907649509413718,0.0,4.019578510582452,0.0,52213.03688380951,0.0,0.0,0.0,43552.4188740331,37218.0,0,0.0,0.0,0.0,326.56215946230805,16285.920568217563,17963.55815779597,17963.55815779597,0.0,0.0,0.0,0.0,0.0,0.0,14861,20.048494124999706
20260810,16.0,no_zone_coordinated,100000,8612874101,3382,7701331809,1752.426301716894,1750.016918710116,3302.145395617462,3550.107402086886,18516.493044661696,3588.397044661697,3598.1955852752526,5.40059069278402,1721.2823337528346,31.14396796405951,11.656376485592332,3.0,6.763452918331507,0.41946160297978924,4.029760152437065,5.274916804718803,84101.03611984629,4806.000000000004,12598.256170539187,1690.6524898925384,23797.593072472762,20292.0,0.7158486102897693,5.146143161010997,18.318020913358712,9.136092477973328,268.7035745563917,39157.831125503064,22471.60249717161,22471.60249717161,7610.739021892193,1279.9549595470933,7852.495036636496,425.08027208312717,189.68819049246275,46.29868988782073,30045,24.399426083000435
20260810,16.0,static_zone,100000,8612874101,4423,7789601472,1249.9431995096888,1239.942511322769,2403.4647507309783,2634.2442883189224,17641.4356685237,2713.3396685237003,2719.7396685237018,5.66847289976646,1230.9232928034226,19.019906706266294,5.23213422046281,3.0,6.763452918331504,0.0,4.024319567471963,0.0,81912.56532082481,0.0,0.0,0.0,31086.360430981447,26538.0,0,0.0,0.0,0.0,460.2282354311574,23158.638846598114,29376.96323711335,29376.96323711335,0.0,0.0,0.0,0.0,0.0,0.0,21787,18.988429332999658
20260810,64.0,no_zone_coordinated,100000,8612874101,2189,7642943015,3115.453414869157,3124.0833516465827,5860.889809438172,6289.298092717203,21280.206202226243,6352.110202226244,6373.46924855892,4.699202585242733,3062.9975090108105,52.4559058583467,19.56504492142658,3.0,19.537936194747736,0.798107989280413,4.049220841627411,5.505595911264512,125600.71941755207,6521.999999999999,6096.505915127198,1920.095350526243,15445.247457586034,13134.0,0.6482412060301508,5.76450704208643,24.0,12.456570498644815,559.371900412887,42494.69880238522,41553.01030758343,41553.01030758343,3944.2205321192096,1234.7927151794524,6597.58258905897,345.86245721634975,394.58036046179006,101.46726109142492,45430,18.906601165999746
20260810,64.0,static_zone,100000,8612874101,2489,7672266727,2598.5896721702593,2578.5237260792073,4988.453590957796,5423.600486487958,20709.95457637324,5781.858576373239,5788.658576373242,4.82859581517789,2558.134883080221,40.45478909003826,13.871183150824166,3.0,19.537936194747697,0.0,4.045669744466308,0.0,128470.41716353236,0.0,0.0,0.0,17545.81854543597,14934.0,0,0.0,0.0,0.0,1187.5664092794395,33975.554432017394,47247.43136575748,47247.43136575748,0.0,0.0,0.0,0.0,0.0,0.0,42292,16.815673417000653
20260811,2.0,no_zone_coordinated,100000,8612874101,3638,8012862829,1607.3372037466297,1604.6547364556463,3030.699200782232,3309.3857122866266,18248.574542827024,3320.4785428270243,3329.7965415446724,5.479880073115467,1576.0675584942892,31.269645252340606,9.285904064314062,3.0,2.91915512787168,1.2019857890949281,4.031435524485603,10.831164746574137,53659.16319894285,2843.9999999999973,37143.59164517903,3828.4678391203024,25594.634324681727,21828.0,0.8559648158328752,10.99164146376554,29.331591737034472,13.94267491115029,382.59700575172974,33025.25137823721,10316.955910352819,10316.955910352819,28356.712470681632,3001.6368565877665,6455.681913677597,1377.2162198661904,547.1048862916706,249.2392980741754,27712,25.479276166999625
20260811,2.0,static_zone,100000,8612874101,6239,7842469600,836.1276081956178,839.27842781718,1592.4995531182558,1717.6291483660534,16667.658653159287,1739.562653159288,1746.8196336682831,5.999642906116595,823.5748086492762,12.552799546341653,2.616830276696545,3.0,2.9191551278716874,0.0,4.016814141773251,0.0,51525.37971992738,0.0,0.0,0.0,43799.836347245284,37434.0,0,0.0,0.0,0.0,254.03022740567394,16181.174922811706,17672.10239855784,17672.10239855784,0.0,0.0,0.0,0.0,0.0,0.0,14895,18.167718958000478
20260811,16.0,no_zone_coordinated,100000,8612874101,3412,7712942774,1716.4160256901057,1707.5719156294417,3234.066003059038,3458.787473590341,18478.86883461728,3550.772834617279,3559.1728346172804,5.411586655816594,1685.702714486721,30.71331120338457,11.562329313792791,3.0,6.60353216842599,0.5025112639227373,4.032062127034509,5.0128763302084876,83483.75608317506,4296.000000000003,12672.970356106924,2175.1669094307936,24007.78812379125,20472.0,0.7189331770222743,4.973320737428759,17.85074445541406,8.706500952338084,307.0287962471084,39329.03413267153,22077.36097525177,22077.36097525177,8081.939755103791,1206.7068534986786,6790.616848101537,631.8993379533441,187.66892455284557,70.13863689673144,28873,24.401245249999192
20260811,16.0,static_zone,100000,8612874101,4473,8064822161,1229.3930484020502,1224.3112388986165,2334.4905952430217,2519.64770370995,17530.92707215255,2602.8310721525504,2614.6310721525497,5.704204893924153,1210.584703294543,18.808345107507176,5.179780534480068,3.0,6.6035321684259785,0.0,4.025032404601104,0.0,80944.99801843977,0.0,0.0,0.0,31440.75244602216,26838.0,0,0.0,0.0,0.0,366.44419299462606,23024.753378365178,28960.122320037295,28960.122320037295,0.0,0.0,0.0,0.0,0.0,0.0,21289,17.30645045900019
20260811,64.0,no_zone_coordinated,100000,8612874101,2216,7637368136,3074.056266419459,3075.3095555937844,5809.919941252074,6095.4263844817115,21146.22290918128,6218.126909181281,6255.486909181282,4.728976916089442,3021.7888766243987,52.26738979506029,19.843929695487418,3.0,18.770797495172705,0.7640820233431417,4.051744684207243,5.83683589684975,125061.863935021,6468.000000000005,6557.076032256849,1738.2808860482432,15634.168297270711,13296.0,0.6385379061371841,5.87774189181266,23.809621042215213,12.38125098123275,174.99937979199603,43331.36825210193,40865.24784145954,40865.24784145954,4875.382874995007,1134.6633866955199,6368.9515755825605,300.23164135099904,276.8797544219986,68.96679921076884,45089,19.126587084003404
20260811,64.0,static_zone,100000,8612874101,2527,7658625669,2521.2555569107426,2516.8060449376007,4806.58072865742,5091.577701149476,20102.05485552105,5173.958855521052,5211.198855521054,4.974615815085933,2482.1521995318867,39.10335737885551,13.290974837395256,3.0,18.770797495172733,0.0,4.04158504628751,0.0,126600.03573970511,0.0,0.0,0.0,17811.615026658248,15162.0,0,0.0,0.0,0.0,582.1917830978891,33161.0463877976,46719.494675953756,46719.494675953756,0.0,0.0,0.0,0.0,0.0,0.0,40405,16.798558541999228
20260812,2.0,no_zone_coordinated,100000,8612874101,3644,7761456532,1565.7161667450548,1558.1654600801144,2964.244804356498,3126.3225247011396,18134.8485935996,3206.7525935996,3214.0253858057386,5.514245100193082,1535.163604932034,30.552561813020606,8.826109618111449,3.0,2.702176984222845,1.0789622890322002,4.0289102474646565,10.916402674189184,52905.37413252223,3036.000000000001,37199.05804245686,3864.3233028053096,25632.640429207866,21864.0,0.8542810098792536,11.041453908467854,29.16540440831625,13.946293948858532,268.68740653190616,32984.21171495271,9960.58120878476,9960.58120878476,28477.369301354465,2983.993528356478,6414.339598701312,1482.4228385358103,594.2039952268148,282.7287802819823,26803,23.895327000002
20260812,2.0,static_zone,100000,8612874101,6312,7848773446,817.4432924151661,806.465425693634,1596.5465768759514,1770.919141935805,16749.230010135147,1821.134010135147,1828.752651540768,5.97042371138786,805.1375493765038,12.305743038662285,2.5860968426592916,3.0,2.70217698422284,0.0,4.017469211779918,0.0,50462.02670163699,0.0,0.0,0.0,44310.96209417903,37872.0,0,0.0,0.0,0.0,454.09599338908265,16055.596602299209,17203.215049668892,17203.215049668892,0.0,0.0,0.0,0.0,0.0,0.0,14473,19.795178874999692
20260812,16.0,no_zone_coordinated,100000,8612874101,3392,7740505092,1726.3109206966938,1728.5207215491328,3236.5336403425754,3438.084615865747,18314.410369838406,3386.3143698384065,3396.0071901614338,5.460181244201439,1695.9124994380124,30.398421258681278,11.46956376714428,3.0,6.333530512244758,0.5544211941628565,4.03431916834054,5.006586616788755,82809.44388263242,4829.999999999998,12754.558873588667,1789.95404595063,23868.219215037538,20352.0,0.7243514150943396,5.184127026411753,18.258031052289798,9.022349345094236,175.74826799519724,39433.03705637426,21688.203413129082,21688.203413129082,7671.938234831255,1180.401711182573,7915.771690512165,520.4608779121482,200.32395314841722,95.66240600210676,29230,24.62383766700077
20260812,16.0,static_zone,100000,8612874101,4490,8068618788,1224.641275314116,1212.1855495849304,2359.7331885016865,2598.3827525894208,17611.848478280946,2683.752478280947,2694.2328452887396,5.677995704046665,1206.187608650946,18.453666663169958,5.0960440110328316,3.0,6.333530512244757,0.0,4.024092139892257,0.0,80557.64589963357,0.0,0.0,0.0,31559.818741783143,26940.0,0,0.0,0.0,0.0,627.0442545200967,23006.680221204697,28775.48283921444,28775.48283921444,0.0,0.0,0.0,0.0,0.0,0.0,21256,19.871173791998444
20260812,64.0,no_zone_coordinated,100000,8612874101,2195,8233130059,3073.385684640506,3097.288364235058,5769.5948482459935,6056.229938847336,21002.329193886337,6074.233193886337,6085.91213049878,4.761376658599821,3022.1525535900105,51.23313105049528,19.060176847727945,3.0,18.29992279454609,1.1764483517407143,4.054404436602545,5.642178619877947,123751.60925758704,6540.000000000002,6881.8747934708235,1997.7516310093217,15496.63032801501,13170.0,0.6432801822323463,6.114749336433178,24.0,12.918070061088379,281.12180283791895,42472.534135397174,40639.537561094934,40639.537561094934,4382.7043985988585,1316.252263249388,7152.24304290564,327.4388297825526,114.33802949892538,128.89822943546102,46748,18.57793049999964
20260812,64.0,static_zone,100000,8612874101,2531,7658869668,2510.65292055077,2484.9042261857103,4836.669635784228,5251.078577183574,20371.43592311345,5443.339923113452,5485.179923113452,4.90883413311773,2472.417169324818,38.235751225951724,12.889902372240703,3.0,18.29992279454608,0.0,4.04592605916484,0.0,126710.41891259282,0.0,0.0,0.0,17839.62030491791,15186.0,0,0.0,0.0,0.0,1228.5789103777133,32926.31911147063,46892.0499005611,46892.0499005611,0.0,0.0,0.0,0.0,0.0,0.0,40464,18.162704041002144
20260813,2.0,no_zone_coordinated,100000,8612874101,3618,7726121035,1575.4663245247455,1568.9333814115407,2977.018051240891,3165.2058553831635,18271.113154133196,3343.0171541331965,3353.6233919736205,5.473120283171062,1544.5584024506256,30.907922074119714,8.808823559365198,3.0,2.781651129872317,1.1113166350774444,4.03281433578681,11.17331641401776,53049.84926072575,2934.0000000000055,38542.301074005045,3891.953296637015,25450.06968660876,21708.0,0.8524046434494196,11.463875365949434,31.12065685512422,14.36657467059406,180.2943458166992,32922.72114879553,10063.56405596511,10063.56405596511,29552.53545862324,3361.422578681743,6304.9169058927355,1437.5222388684458,569.4308115440692,250.4730803948189,26606,24.094481374999305
20260813,2.0,static_zone,100000,8612874101,6267,8426526879,833.5238319746451,830.8358890117379,1603.0077295216734,1782.0800476657064,16788.991687198915,1860.8956871989158,1871.723253887163,5.956283847364514,821.1398976718252,12.383934302819908,2.5813918506308804,3.0,2.7816511298723197,0.0,4.020891322316485,0.0,51185.520164350586,0.0,0.0,0.0,44005.12948768349,37602.0,0,0.0,0.0,0.0,425.0204710132566,16254.89923583498,17465.3104642578,17465.3104642578,0.0,0.0,0.0,0.0,0.0,0.0,14728,19.899353832999623
20260813,16.0,no_zone_coordinated,100000,8612874101,3416,7724656436,1710.340608150356,1705.5476312758456,3218.880915538346,3426.826986392913,18444.862224981298,3516.7662249812984,3527.2084454914857,5.421563944487604,1679.9884886062332,30.35211954412274,11.469866809248478,3.0,6.3215602282418155,0.5969668122090502,4.0362636786251045,4.927462015798207,83404.57496931627,4458.000000000001,12542.471950537394,2042.4299600129864,24035.97570743459,20496.0,0.6908665105386417,4.9767189550753494,18.0,8.980703618878708,200.82187012455324,39756.15337249505,21824.21079841061,21824.21079841061,7465.205993748576,1112.1525257780604,7581.04210753691,552.6675834132675,248.34308808049343,41.060651980088295,29016,21.292863957998634
20260813,16.0,static_zone,100000,8612874101,4495,7792074182,1224.1045119147027,1213.8491760129848,2361.538134426667,2598.840806870636,17591.212577733604,2663.1165777336046,2675.9565777336047,5.684656447536585,1205.6588889343645,18.44562298033817,5.094643717807335,3.0,6.321560228241833,0.0,4.0294190342888845,0.0,80429.99712022288,0.0,0.0,0.0,31590.424933648428,26970.0,0,0.0,0.0,0.0,547.2745547288469,23096.838849049574,28666.579135586646,28666.579135586646,0.0,0.0,0.0,0.0,0.0,0.0,21301,18.659299750001082
20260813,64.0,no_zone_coordinated,100000,8612874101,2210,7663319120,3047.6871256209447,3060.386731920791,5748.307605143633,6061.738233557769,21089.22242046441,6161.126420464412,6183.766420464412,4.741758515618039,2996.6692317910665,51.01789382987814,19.40560591558211,3.0,17.95304865521942,0.984746696123312,4.062225850304303,5.612266712649011,123962.85650564969,6510.0,6183.90734463585,2188.1113572458235,15592.578677052816,13260.0,0.63710407239819,5.743849477210792,24.0,12.384299848425218,382.4747370732148,43300.516704527494,40331.1699005611,40331.1699005611,4374.5203747263495,965.1002462759947,6701.7395485007255,357.9134895099965,246.9440702876015,47.68961533518183,45552,17.025275416999648
20260813,64.0,static_zone,100000,8612874101,2548,7667795447,2525.0342935670246,2503.7576623561563,4888.3515952472735,5291.891741539568,20450.621929798373,5522.525929798374,5545.146985485209,4.889826839656701,2487.0627668448824,37.9715267221423,12.96442192977754,3.0,17.953048655219405,0.0,4.054056137145339,0.0,126391.71289280581,0.0,0.0,0.0,17958.768126354345,15288.0,0,0.0,0.0,0.0,1187.4289624167395,33491.31484022317,46450.19902629132,46450.19902629132,0.0,0.0,0.0,0.0,0.0,0.0,41245,17.654188958000304
