scenario,mode,seed,partition_id,task_count,logical_request_count,completion_s,active_work_s,idle_tail_s
balanced,unique_tasks,20260720,0,80,80,2579.627865026991,2579.627865026991,68.87902712210371
balanced,unique_tasks,20260720,1,80,80,2614.915103891639,2614.915103891639,33.591788257455846
balanced,unique_tasks,20260720,2,80,80,2570.107644393927,2570.107644393927,78.39924775516783
balanced,unique_tasks,20260720,3,80,80,2557.478387629299,2557.478387629299,91.02850451979566
balanced,unique_tasks,20260720,4,80,80,2648.5068921490947,2648.5068921490947,0.0
balanced,unique_tasks,20260720,5,80,80,2589.1658524950662,2589.1658524950662,59.341039654028464
balanced,unique_tasks,20260720,6,80,80,2626.110229433226,2626.110229433226,22.396662715868842
balanced,unique_tasks,20260720,7,80,80,2509.604041522025,2509.604041522025,138.9028506270697
balanced,logical_requests_merged,20260720,0,80,1246,3823.3611983603196,3823.3611983603196,69.94569378876986
balanced,logical_requests_merged,20260720,1,80,1254,3867.181770558307,3867.181770558307,26.125121590782328
balanced,logical_requests_merged,20260720,2,80,1257,3825.574311060597,3825.574311060597,67.73258108849222
balanced,logical_requests_merged,20260720,3,80,1249,3804.411720962633,3804.411720962633,88.89517118645654
balanced,logical_requests_merged,20260720,4,80,1247,3893.3068921490894,3893.3068921490894,0.0
balanced,logical_requests_merged,20260720,5,80,1251,3838.2325191617338,3838.2325191617338,55.07437298735567
balanced,logical_requests_merged,20260720,6,80,1249,3873.043562766558,3873.043562766558,20.263329382531538
balanced,logical_requests_merged,20260720,7,80,1247,3754.404041522024,3754.404041522024,138.90285062706562
moderate,unique_tasks,20260720,0,160,160,5226.257225448298,5226.257225448298,0.0
moderate,unique_tasks,20260720,1,69,69,2246.4690898591607,2246.4690898591607,2979.7881355891377
moderate,unique_tasks,20260720,2,69,69,2189.1015913949605,2189.1015913949605,3037.155634053338
moderate,unique_tasks,20260720,3,69,69,2190.801312449104,2190.801312449104,3035.4559129991944
moderate,unique_tasks,20260720,4,69,69,2286.540368594482,2286.540368594482,2939.7168568538164
moderate,unique_tasks,20260720,5,68,68,2187.1996539009197,2187.1996539009197,3039.0575715473788
moderate,unique_tasks,20260720,6,68,68,2245.7449739832578,2245.7449739832578,2980.5122514650407
moderate,unique_tasks,20260720,7,68,68,2126.3201852300344,2126.3201852300344,3099.937040218264
moderate,logical_requests_merged,20260720,0,160,2500,7722.257225448304,7722.257225448304,0.0
moderate,logical_requests_merged,20260720,1,69,1087,3332.335756525828,3332.335756525828,4389.9214689224755
moderate,logical_requests_merged,20260720,2,69,1076,3263.2349247282946,3263.2349247282946,4459.022300720009
moderate,logical_requests_merged,20260720,3,69,1073,3261.7346457824387,3261.7346457824387,4460.522579665865
moderate,logical_requests_merged,20260720,4,69,1076,3360.6737019278135,3360.6737019278135,4361.58352352049
moderate,logical_requests_merged,20260720,5,68,1065,3250.66632056759,3250.66632056759,4471.590904880713
moderate,logical_requests_merged,20260720,6,68,1061,3304.9449739832567,3304.9449739832567,4417.312251465048
moderate,logical_requests_merged,20260720,7,68,1062,3186.5868518967036,3186.5868518967036,4535.6703735516
strong,unique_tasks,20260720,0,320,320,10341.015995894006,10341.015995894006,0.0
strong,unique_tasks,20260720,1,46,46,1493.1436559280269,1493.1436559280269,8847.87233996598
strong,unique_tasks,20260720,2,46,46,1538.2756566586434,1538.2756566586434,8802.740339235363
strong,unique_tasks,20260720,3,46,46,1473.4345418127252,1473.4345418127252,8867.58145408128
strong,unique_tasks,20260720,4,46,46,1479.9404695235085,1479.9404695235085,8861.075526370498
strong,unique_tasks,20260720,5,46,46,1566.3510166898072,1566.3510166898072,8774.664979204199
strong,unique_tasks,20260720,6,45,45,1432.9010424201144,1432.9010424201144,8908.11495347389
strong,unique_tasks,20260720,7,45,45,1367.612333306741,1367.612333306741,8973.403662587265
strong,logical_requests_merged,20260720,0,320,5006,15339.415995893969,15339.415995893969,0.0
strong,logical_requests_merged,20260720,1,46,714,2205.676989261362,2205.676989261362,13133.739006632608
strong,logical_requests_merged,20260720,2,46,721,2258.2756566586454,2258.2756566586454,13081.140339235324
strong,logical_requests_merged,20260720,3,46,716,2188.101208479392,2188.101208479392,13151.314787414576
strong,logical_requests_merged,20260720,4,46,720,2198.873802856844,2198.873802856844,13140.542193037125
strong,logical_requests_merged,20260720,5,46,717,2282.0843500231426,2282.0843500231426,13057.331645870827
strong,logical_requests_merged,20260720,6,45,704,2135.8343757534485,2135.8343757534485,13203.581620140521
strong,logical_requests_merged,20260720,7,45,702,2068.412333306742,2068.412333306742,13271.003662587227
balanced,unique_tasks,20260721,0,80,80,2644.3256710076053,2644.3256710076053,0.0
balanced,unique_tasks,20260721,1,80,80,2604.244587915502,2604.244587915502,40.0810830921032
balanced,unique_tasks,20260721,2,80,80,2597.9300781518796,2597.9300781518796,46.39559285572568
balanced,unique_tasks,20260721,3,80,80,2588.901664795172,2588.901664795172,55.42400621243314
balanced,unique_tasks,20260721,4,80,80,2544.862496276979,2544.862496276979,99.46317473062618
balanced,unique_tasks,20260721,5,80,80,2538.89921540248,2538.89921540248,105.42645560512528
balanced,unique_tasks,20260721,6,80,80,2493.4524858553586,2493.4524858553586,150.8731851522466
balanced,unique_tasks,20260721,7,80,80,2577.1541388694777,2577.1541388694777,67.17153213812753
balanced,logical_requests_merged,20260721,0,80,1250,3892.3256710076034,3892.3256710076034,0.0
balanced,logical_requests_merged,20260721,1,80,1249,3851.1779212488354,3851.1779212488354,41.147749758767986
balanced,logical_requests_merged,20260721,2,80,1246,3841.6634114852113,3841.6634114852113,50.662259522392105
balanced,logical_requests_merged,20260721,3,80,1250,3836.901664795171,3836.901664795171,55.42400621243223
balanced,logical_requests_merged,20260721,4,80,1253,3796.0624962769834,3796.0624962769834,96.26317473062
balanced,logical_requests_merged,20260721,5,80,1248,3784.7658820691463,3784.7658820691463,107.55978893845713
balanced,logical_requests_merged,20260721,6,80,1253,3744.65248585536,3744.65248585536,147.6731851522436
balanced,logical_requests_merged,20260721,7,80,1251,3826.220805536144,3826.220805536144,66.10486547145956
moderate,unique_tasks,20260721,0,160,160,5279.719265968238,5279.719265968238,0.0
moderate,unique_tasks,20260721,1,69,69,2221.904060296045,2221.904060296045,3057.815205672193
moderate,unique_tasks,20260721,2,69,69,2197.6187254657348,2197.6187254657348,3082.100540502503
moderate,unique_tasks,20260721,3,69,69,2280.347265556612,2280.347265556612,2999.372000411626
moderate,unique_tasks,20260721,4,69,69,2139.8002207701047,2139.8002207701047,3139.919045198133
moderate,unique_tasks,20260721,5,68,68,2132.1126897799013,2132.1126897799013,3147.6065761883365
moderate,unique_tasks,20260721,6,68,68,2070.8514187566493,2070.8514187566493,3208.8678472115885
moderate,unique_tasks,20260721,7,68,68,2215.039057345409,2215.039057345409,3064.6802086228286
moderate,logical_requests_merged,20260721,0,160,2499,7774.652599301572,7774.652599301572,0.0
moderate,logical_requests_merged,20260721,1,69,1072,3291.7707269627126,3291.7707269627126,4482.8818723388595
moderate,logical_requests_merged,20260721,2,69,1083,3279.2187254657397,3279.2187254657397,4495.433873835833
moderate,logical_requests_merged,20260721,3,69,1077,3355.5472655566114,3355.5472655566114,4419.105333744961
moderate,logical_requests_merged,20260721,4,69,1079,3217.1335541034396,3217.1335541034396,4557.5190451981325
moderate,logical_requests_merged,20260721,5,68,1063,3193.4460231132375,3193.4460231132375,4581.206576188335
moderate,logical_requests_merged,20260721,6,68,1064,3133.2514187566503,3133.2514187566503,4641.401180544922
moderate,logical_requests_merged,20260721,7,68,1063,3276.3723906787436,3276.3723906787436,4498.2802086228285
strong,unique_tasks,20260721,0,320,320,10422.923153388043,10422.923153388043,0.0
strong,unique_tasks,20260721,1,46,46,1519.0495924676648,1519.0495924676648,8903.873560920378
strong,unique_tasks,20260721,2,46,46,1385.2805156523677,1385.2805156523677,9037.642637735675
strong,unique_tasks,20260721,3,46,46,1495.4996699075352,1495.4996699075352,8927.423483480508
strong,unique_tasks,20260721,4,46,46,1443.907272018082,1443.907272018082,8979.01588136996
strong,unique_tasks,20260721,5,46,46,1380.4307268278465,1380.4307268278465,9042.492426560197
strong,unique_tasks,20260721,6,45,45,1465.9457182284825,1465.9457182284825,8956.97743515956
strong,unique_tasks,20260721,7,45,45,1464.28911707001,1464.28911707001,8958.634036318033
strong,logical_requests_merged,20260721,0,320,4995,15409.589820054665,15409.589820054665,0.0
strong,logical_requests_merged,20260721,1,46,720,2237.9829258009972,2237.9829258009972,13171.606894253668
strong,logical_requests_merged,20260721,2,46,720,2104.2138489857,2104.2138489857,13305.375971068965
strong,logical_requests_merged,20260721,3,46,721,2215.4996699075364,2215.4996699075364,13194.090150147129
strong,logical_requests_merged,20260721,4,46,717,2159.640605351416,2159.640605351416,13249.949214703249
strong,logical_requests_merged,20260721,5,46,722,2101.4973934945124,2101.4973934945124,13308.092426560153
strong,logical_requests_merged,20260721,6,45,702,2166.745718228482,2166.745718228482,13242.844101826184
strong,logical_requests_merged,20260721,7,45,703,2166.1557837366777,2166.1557837366777,13243.434036317987
balanced,unique_tasks,20260722,0,80,80,2617.3136470175295,2617.3136470175295,79.95143433041994
balanced,unique_tasks,20260722,1,80,80,2697.2650813479495,2697.2650813479495,0.0
balanced,unique_tasks,20260722,2,80,80,2519.088527816769,2519.088527816769,178.17655353118062
balanced,unique_tasks,20260722,3,80,80,2594.6396549746864,2594.6396549746864,102.62542637326305
balanced,unique_tasks,20260722,4,80,80,2553.422645818139,2553.422645818139,143.8424355298107
balanced,unique_tasks,20260722,5,80,80,2633.664849977676,2633.664849977676,63.60023137027338
balanced,unique_tasks,20260722,6,80,80,2525.9479540191032,2525.9479540191032,171.31712732884625
balanced,unique_tasks,20260722,7,80,80,2470.7308369658585,2470.7308369658585,226.53424438209095
balanced,logical_requests_merged,20260722,0,80,1250,3865.313647017531,3865.313647017531,79.95143433041585
balanced,logical_requests_merged,20260722,1,80,1250,3945.2650813479468,3945.2650813479468,0.0
balanced,logical_requests_merged,20260722,2,80,1248,3764.9551944834334,3764.9551944834334,180.30988686451337
balanced,logical_requests_merged,20260722,3,80,1243,3835.172988308021,3835.172988308021,110.09209303992566
balanced,logical_requests_merged,20260722,4,80,1252,3803.555979151471,3803.555979151471,141.70910219647567
balanced,logical_requests_merged,20260722,5,80,1257,3889.131516644341,3889.131516644341,56.13356470360577
balanced,logical_requests_merged,20260722,6,80,1250,3773.947954019103,3773.947954019103,171.31712732884398
balanced,logical_requests_merged,20260722,7,80,1250,3718.7308369658585,3718.7308369658585,226.53424438208822
moderate,unique_tasks,20260722,0,160,160,5293.255426745211,5293.255426745211,0.0
moderate,unique_tasks,20260722,1,69,69,2157.7498237248583,2157.7498237248583,3135.5056030203523
moderate,unique_tasks,20260722,2,69,69,2225.575855734173,2225.575855734173,3067.6795710110378
moderate,unique_tasks,20260722,3,69,69,2261.3780400435858,2261.3780400435858,3031.877386701625
moderate,unique_tasks,20260722,4,69,69,2267.1863819770697,2267.1863819770697,3026.069044768141
moderate,unique_tasks,20260722,5,68,68,2137.7855278040743,2137.7855278040743,3155.4698989411363
moderate,unique_tasks,20260722,6,68,68,2156.766133979657,2156.766133979657,3136.4892927655537
moderate,unique_tasks,20260722,7,68,68,2115.317525528155,2115.317525528155,3177.9379012170557
moderate,logical_requests_merged,20260722,0,160,2500,7789.2554267452115,7789.2554267452115,0.0
moderate,logical_requests_merged,20260722,1,69,1078,3234.0164903915297,3234.0164903915297,4555.238936353682
moderate,logical_requests_merged,20260722,2,69,1067,3290.1091890675057,3290.1091890675057,4499.146237677705
moderate,logical_requests_merged,20260722,3,69,1082,3341.911373376921,3341.911373376921,4447.344053368291
moderate,logical_requests_merged,20260722,4,69,1082,3347.719715310405,3347.719715310405,4441.535711434806
moderate,logical_requests_merged,20260722,5,68,1067,3203.3855278040737,3203.3855278040737,4585.869898941138
moderate,logical_requests_merged,20260722,6,68,1060,3214.8994673129932,3214.8994673129932,4574.355959432218
moderate,logical_requests_merged,20260722,7,68,1064,3177.7175255281554,3177.7175255281554,4611.537901217056
strong,unique_tasks,20260722,0,320,320,10439.82426401224,10439.82426401224,0.0
strong,unique_tasks,20260722,1,46,46,1486.0028555703661,1486.0028555703661,8953.821408441874
strong,unique_tasks,20260722,2,46,46,1475.3801168768873,1475.3801168768873,8964.444147135353
strong,unique_tasks,20260722,3,46,46,1503.7673962225426,1503.7673962225426,8936.056867789699
strong,unique_tasks,20260722,4,46,46,1443.9302398065552,1443.9302398065552,8995.894024205685
strong,unique_tasks,20260722,5,46,46,1465.1878750877404,1465.1878750877404,8974.6363889245
strong,unique_tasks,20260722,6,45,45,1345.3523298787227,1345.3523298787227,9094.471934133519
strong,unique_tasks,20260722,7,45,45,1435.7048982541717,1435.7048982541717,9004.11936575807
strong,logical_requests_merged,20260722,0,320,4991,15422.224264012208,15422.224264012208,0.0
strong,logical_requests_merged,20260722,1,46,721,2206.0028555703666,2206.0028555703666,13216.221408441841
strong,logical_requests_merged,20260722,2,46,718,2192.1801168768866,2192.1801168768866,13230.04414713532
strong,logical_requests_merged,20260722,3,46,727,2230.1673962225436,2230.1673962225436,13192.056867789664
strong,logical_requests_merged,20260722,4,46,719,2161.796906473223,2161.796906473223,13260.427357538985
strong,logical_requests_merged,20260722,5,46,719,2183.0545417544076,2183.0545417544076,13239.1697222578
strong,logical_requests_merged,20260722,6,45,700,2044.0189965453912,2044.0189965453912,13378.205267466816
strong,logical_requests_merged,20260722,7,45,705,2139.7048982541733,2139.7048982541733,13282.519365758035
balanced,unique_tasks,20260723,0,80,80,2488.3749551664114,2488.3749551664114,168.1311925124678
balanced,unique_tasks,20260723,1,80,80,2572.0774056537352,2572.0774056537352,84.42874202514395
balanced,unique_tasks,20260723,2,80,80,2582.759733900975,2582.759733900975,73.74641377790431
balanced,unique_tasks,20260723,3,80,80,2544.8068138531853,2544.8068138531853,111.69933382569388
balanced,unique_tasks,20260723,4,80,80,2577.5259885372243,2577.5259885372243,78.9801591416549
balanced,unique_tasks,20260723,5,80,80,2651.9844063737964,2651.9844063737964,4.521741305082742
balanced,unique_tasks,20260723,6,80,80,2656.506147678879,2656.506147678879,0.0
balanced,unique_tasks,20260723,7,80,80,2589.0653577886756,2589.0653577886756,67.44078989020363
balanced,logical_requests_merged,20260723,0,80,1252,3738.5082884997446,3738.5082884997446,167.06452584580256
balanced,logical_requests_merged,20260723,1,80,1254,3824.344072320401,3824.344072320401,81.22874202514595
balanced,logical_requests_merged,20260723,2,80,1247,3827.5597339009732,3827.5597339009732,78.01308044457392
balanced,logical_requests_merged,20260723,3,80,1251,3793.873480519853,3793.873480519853,111.69933382569434
balanced,logical_requests_merged,20260723,4,80,1246,3821.259321870555,3821.259321870555,84.31349247499202
balanced,logical_requests_merged,20260723,5,80,1248,3897.851073040463,3897.851073040463,7.721741305084379
balanced,logical_requests_merged,20260723,6,80,1251,3905.572814345547,3905.572814345547,0.0
balanced,logical_requests_merged,20260723,7,80,1251,3838.132024455342,3838.132024455342,67.440789890205
moderate,unique_tasks,20260723,0,160,160,5100.797921744603,5100.797921744603,0.0
moderate,unique_tasks,20260723,1,69,69,2235.260998515184,2235.260998515184,2865.536923229419
moderate,unique_tasks,20260723,2,69,69,2174.9134578383023,2174.9134578383023,2925.8844639063004
moderate,unique_tasks,20260723,3,69,69,2249.0988512784284,2249.0988512784284,2851.6990704661744
moderate,unique_tasks,20260723,4,69,69,2195.3008912577657,2195.3008912577657,2905.497030486837
moderate,unique_tasks,20260723,5,68,68,2255.185049214636,2255.185049214636,2845.612872529967
moderate,unique_tasks,20260723,6,68,68,2288.427880509031,2288.427880509031,2812.3700412355715
moderate,unique_tasks,20260723,7,68,68,2190.3914742946904,2190.3914742946904,2910.4064474499123
moderate,logical_requests_merged,20260723,0,160,2506,7603.197921744604,7603.197921744604,0.0
moderate,logical_requests_merged,20260723,1,69,1076,3309.3943318485153,3309.3943318485153,4293.803589896089
moderate,logical_requests_merged,20260723,2,69,1079,3252.2467911716362,3252.2467911716362,4350.951130572968
moderate,logical_requests_merged,20260723,3,69,1076,3323.2321846117648,3323.2321846117648,4279.965737132839
moderate,logical_requests_merged,20260723,4,69,1072,3265.1675579244343,3265.1675579244343,4338.030363820169
moderate,logical_requests_merged,20260723,5,68,1066,3319.718382547972,3319.718382547972,4283.479539196633
moderate,logical_requests_merged,20260723,6,68,1063,3349.761213842365,3349.761213842365,4253.4367079022395
moderate,logical_requests_merged,20260723,7,68,1062,3250.6581409613595,3250.6581409613595,4352.539780783245
strong,unique_tasks,20260723,0,320,320,10249.863205371166,10249.863205371166,0.0
strong,unique_tasks,20260723,1,46,46,1466.6602486109982,1466.6602486109982,8783.202956760168
strong,unique_tasks,20260723,2,46,46,1441.0478172215144,1441.0478172215144,8808.815388149651
strong,unique_tasks,20260723,3,46,46,1519.4677258897373,1519.4677258897373,8730.395479481429
strong,unique_tasks,20260723,4,46,46,1510.3301587661197,1510.3301587661197,8739.533046605047
strong,unique_tasks,20260723,5,46,46,1550.2082010397871,1550.2082010397871,8699.65500433138
strong,unique_tasks,20260723,6,45,45,1489.4001024476954,1489.4001024476954,8760.463102923472
strong,unique_tasks,20260723,7,45,45,1428.027031274217,1428.027031274217,8821.836174096949
strong,logical_requests_merged,20260723,0,320,5004,15246.129872037789,15246.129872037789,0.0
strong,logical_requests_merged,20260723,1,46,718,2183.4602486109998,2183.4602486109998,13062.66962342679
strong,logical_requests_merged,20260723,2,46,718,2157.847817221515,2157.847817221515,13088.282054816274
strong,logical_requests_merged,20260723,3,46,716,2234.134392556403,2234.134392556403,13011.995479481386
strong,logical_requests_merged,20260723,4,46,719,2228.196825432788,2228.196825432788,13017.933046605001
strong,logical_requests_merged,20260723,5,46,719,2268.0748677064553,2268.0748677064553,12978.055004331334
strong,logical_requests_merged,20260723,6,45,705,2193.4001024476956,2193.4001024476956,13052.729769590092
strong,logical_requests_merged,20260723,7,45,701,2127.7603646075504,2127.7603646075504,13118.369507430238
balanced,unique_tasks,20260724,0,80,80,2599.041148832356,2599.041148832356,21.360601240073265
balanced,unique_tasks,20260724,1,80,80,2441.7717908988225,2441.7717908988225,178.62995917360695
balanced,unique_tasks,20260724,2,80,80,2590.538626311695,2590.538626311695,29.863123760734197
balanced,unique_tasks,20260724,3,80,80,2603.2850742324863,2603.2850742324863,17.116675839943127
balanced,unique_tasks,20260724,4,80,80,2576.4795313178865,2576.4795313178865,43.92221875454288
balanced,unique_tasks,20260724,5,80,80,2511.520614856879,2511.520614856879,108.88113521555033
balanced,unique_tasks,20260724,6,80,80,2620.4017500724294,2620.4017500724294,0.0
balanced,unique_tasks,20260724,7,80,80,2598.2085132655266,2598.2085132655266,22.19323680690286
balanced,logical_requests_merged,20260724,0,80,1254,3851.307815499024,3851.307815499024,22.427267906740326
balanced,logical_requests_merged,20260724,1,80,1248,3687.638457565488,3687.638457565488,186.09662584027637
balanced,logical_requests_merged,20260724,2,80,1243,3831.071959645028,3831.071959645028,42.6631237607362
balanced,logical_requests_merged,20260724,3,80,1244,3844.885074232488,3844.885074232488,28.85000917327625
balanced,logical_requests_merged,20260724,4,80,1256,3830.8795313178894,3830.8795313178894,42.85555208787491
balanced,logical_requests_merged,20260724,5,80,1253,3762.720614856877,3762.720614856877,111.01446854888718
balanced,logical_requests_merged,20260724,6,80,1255,3873.7350834057643,3873.7350834057643,0.0
balanced,logical_requests_merged,20260724,7,80,1247,3843.008513265524,3843.008513265524,30.726570140240256
moderate,unique_tasks,20260724,0,160,160,5055.805593910769,5055.805593910769,0.0
moderate,unique_tasks,20260724,1,69,69,2228.3127655334033,2228.3127655334033,2827.4928283773656
moderate,unique_tasks,20260724,2,69,69,2226.6300255057026,2226.6300255057026,2829.1755684050663
moderate,unique_tasks,20260724,3,69,69,2232.7869055795713,2232.7869055795713,2823.0186883311976
moderate,unique_tasks,20260724,4,69,69,2221.4316238691713,2221.4316238691713,2834.3739700415977
moderate,unique_tasks,20260724,5,68,68,2210.497137422002,2210.497137422002,2845.3084564887668
moderate,unique_tasks,20260724,6,68,68,2183.080820412899,2183.080820412899,2872.72477349787
moderate,unique_tasks,20260724,7,68,68,2185.34835633215,2185.34835633215,2870.457237578619
moderate,logical_requests_merged,20260724,0,160,2502,7553.938927244104,7553.938927244104,0.0
moderate,logical_requests_merged,20260724,1,69,1074,3300.3127655334006,3300.3127655334006,4253.626161710703
moderate,logical_requests_merged,20260724,2,69,1071,3295.4300255057055,3295.4300255057055,4258.508901738398
moderate,logical_requests_merged,20260724,3,69,1080,3311.1869055795755,3311.1869055795755,4242.752021664528
moderate,logical_requests_merged,20260724,4,69,1082,3301.9649572025087,3301.9649572025087,4251.973970041596
moderate,logical_requests_merged,20260724,5,68,1067,3276.097137422003,3276.097137422003,4277.841789822101
moderate,logical_requests_merged,20260724,6,68,1065,3246.5474870795683,3246.5474870795683,4307.391440164536
moderate,logical_requests_merged,20260724,7,68,1059,3242.4150229988177,3242.4150229988177,4311.523904245287
strong,unique_tasks,20260724,0,320,320,10284.34835252451,10284.34835252451,0.0
strong,unique_tasks,20260724,1,46,46,1459.6980919875589,1459.6980919875589,8824.650260536951
strong,unique_tasks,20260724,2,46,46,1474.7041759873578,1474.7041759873578,8809.644176537153
strong,unique_tasks,20260724,3,46,46,1475.5437336820542,1475.5437336820542,8808.804618842456
strong,unique_tasks,20260724,4,46,46,1515.607707522799,1515.607707522799,8768.740645001712
strong,unique_tasks,20260724,5,46,46,1483.5785835309343,1483.5785835309343,8800.769768993576
strong,unique_tasks,20260724,6,45,45,1425.5040003803529,1425.5040003803529,8858.844352144157
strong,unique_tasks,20260724,7,45,45,1488.4609528447857,1488.4609528447857,8795.887399679725
strong,logical_requests_merged,20260724,0,320,4989,15264.615019191167,15264.615019191167,0.0
strong,logical_requests_merged,20260724,1,46,722,2180.7647586542257,2180.7647586542257,13083.850260536941
strong,logical_requests_merged,20260724,2,46,719,2192.5708426540273,2192.5708426540273,13072.04417653714
strong,logical_requests_merged,20260724,3,46,725,2199.810400348721,2199.810400348721,13064.804618842447
strong,logical_requests_merged,20260724,4,46,721,2235.607707522799,2235.607707522799,13029.007311668369
strong,logical_requests_merged,20260724,5,46,719,2201.4452501976016,2201.4452501976016,13063.169768993566
strong,logical_requests_merged,20260724,6,45,704,2128.4373337136863,2128.4373337136863,13136.177685477482
strong,logical_requests_merged,20260724,7,45,701,2188.19428617812,2188.19428617812,13076.420733013048
balanced,unique_tasks,20260725,0,80,80,2578.1507943594943,2578.1507943594943,139.41445470770213
balanced,unique_tasks,20260725,1,80,80,2529.1631529638016,2529.1631529638016,188.4020961033948
balanced,unique_tasks,20260725,2,80,80,2547.5666959029136,2547.5666959029136,169.99855316428284
balanced,unique_tasks,20260725,3,80,80,2609.197169091257,2609.197169091257,108.36807997593951
balanced,unique_tasks,20260725,4,80,80,2539.4938461526945,2539.4938461526945,178.07140291450196
balanced,unique_tasks,20260725,5,80,80,2529.4939772926814,2529.4939772926814,188.07127177451503
balanced,unique_tasks,20260725,6,80,80,2717.5652490671964,2717.5652490671964,0.0
balanced,unique_tasks,20260725,7,80,80,2637.056531349303,2637.056531349303,80.50871771789343
balanced,logical_requests_merged,20260725,0,80,1247,3822.9507943594917,3822.9507943594917,141.54778804103626
balanced,logical_requests_merged,20260725,1,80,1252,3779.2964862971353,3779.2964862971353,185.2020961033927
balanced,logical_requests_merged,20260725,2,80,1254,3799.83336256958,3799.83336256958,164.665219830948
balanced,logical_requests_merged,20260725,3,80,1252,3859.3305024245906,3859.3305024245906,105.16807997593742
balanced,logical_requests_merged,20260725,4,80,1250,3787.493846152692,3787.493846152692,177.0047362478358
balanced,logical_requests_merged,20260725,5,80,1244,3771.093977292679,3771.093977292679,193.40460510784897
balanced,logical_requests_merged,20260725,6,80,1249,3964.498582400528,3964.498582400528,0.0
balanced,logical_requests_merged,20260725,7,80,1252,3887.189864682639,3887.189864682639,77.30871771788907
moderate,unique_tasks,20260725,0,160,160,5141.809486562312,5141.809486562312,0.0
moderate,unique_tasks,20260725,1,69,69,2223.4905748893066,2223.4905748893066,2918.318911673005
moderate,unique_tasks,20260725,2,69,69,2257.399135476126,2257.399135476126,2884.4103510861855
moderate,unique_tasks,20260725,3,69,69,2214.157426856777,2214.157426856777,2927.6520597055346
moderate,unique_tasks,20260725,4,69,69,2195.9731197952633,2195.9731197952633,2945.8363667670483
moderate,unique_tasks,20260725,5,68,68,2232.8458398385346,2232.8458398385346,2908.963646723777
moderate,unique_tasks,20260725,6,68,68,2303.4359952940754,2303.4359952940754,2838.373491268236
moderate,unique_tasks,20260725,7,68,68,2229.044842190766,2229.044842190766,2912.7646443715457
moderate,logical_requests_merged,20260725,0,160,2499,7636.742819895651,7636.742819895651,0.0
moderate,logical_requests_merged,20260725,1,69,1081,3302.957241555976,3302.957241555976,4333.785578339675
moderate,logical_requests_merged,20260725,2,69,1077,3332.5991354761272,3332.5991354761272,4304.143684419524
moderate,logical_requests_merged,20260725,3,69,1081,3293.6240935234414,3293.6240935234414,4343.1187263722095
moderate,logical_requests_merged,20260725,4,69,1077,3271.173119795266,3271.173119795266,4365.5697001003855
moderate,logical_requests_merged,20260725,5,68,1062,3293.1125065052024,3293.1125065052024,4343.630313390449
moderate,logical_requests_merged,20260725,6,68,1060,3361.569328627409,3361.569328627409,4275.173491268242
moderate,logical_requests_merged,20260725,7,68,1063,3290.378175524105,3290.378175524105,4346.364644371546
strong,unique_tasks,20260725,0,320,320,10274.048443147876,10274.048443147876,0.0
strong,unique_tasks,20260725,1,46,46,1474.7043109224937,1474.7043109224937,8799.344132225382
strong,unique_tasks,20260725,2,46,46,1458.077943367395,1458.077943367395,8815.970499780482
strong,unique_tasks,20260725,3,46,46,1491.3865472179018,1491.3865472179018,8782.661895929974
strong,unique_tasks,20260725,4,46,46,1497.1036592347327,1497.1036592347327,8776.944783913143
strong,unique_tasks,20260725,5,46,46,1563.276827839116,1563.276827839116,8710.77161530876
strong,unique_tasks,20260725,6,45,45,1497.947831787675,1497.947831787675,8776.100611360202
strong,unique_tasks,20260725,7,45,45,1468.927660315606,1468.927660315606,8805.12078283227
strong,logical_requests_merged,20260725,0,320,5005,15271.38177648119,15271.38177648119,0.0
strong,logical_requests_merged,20260725,1,46,717,2190.4376442558273,2190.4376442558273,13080.944132225362
strong,logical_requests_merged,20260725,2,46,720,2177.011276700729,2177.011276700729,13094.370499780462
strong,logical_requests_merged,20260725,3,46,713,2202.8532138845685,2202.8532138845685,13068.52856259662
strong,logical_requests_merged,20260725,4,46,722,2218.170325901402,2218.170325901402,13053.211450579787
strong,logical_requests_merged,20260725,5,46,717,2279.0101611724513,2279.0101611724513,12992.371615308739
strong,logical_requests_merged,20260725,6,45,703,2199.8144984543433,2199.8144984543433,13071.567278026847
strong,logical_requests_merged,20260725,7,45,703,2170.794326982272,2170.794326982272,13100.587449498918
balanced,unique_tasks,20260726,0,80,80,2587.1407732415514,2587.1407732415514,38.41343428696928
balanced,unique_tasks,20260726,1,80,80,2568.991618017248,2568.991618017248,56.56258951127256
balanced,unique_tasks,20260726,2,80,80,2573.680254047165,2573.680254047165,51.873953481355784
balanced,unique_tasks,20260726,3,80,80,2595.5037485768003,2595.5037485768003,30.05045895172043
balanced,unique_tasks,20260726,4,80,80,2625.5542075285207,2625.5542075285207,0.0
balanced,unique_tasks,20260726,5,80,80,2601.2412105391686,2601.2412105391686,24.312996989352087
balanced,unique_tasks,20260726,6,80,80,2613.20570268902,2613.20570268902,12.348504839500492
balanced,unique_tasks,20260726,7,80,80,2573.2945043523227,2573.2945043523227,52.259703176197945
balanced,logical_requests_merged,20260726,0,80,1250,3835.140773241553,3835.140773241553,36.280100953634246
balanced,logical_requests_merged,20260726,1,80,1244,3810.5916180172453,3810.5916180172453,60.829256177941716
balanced,logical_requests_merged,20260726,2,80,1248,3819.546920713832,3819.546920713832,51.873953481354874
balanced,logical_requests_merged,20260726,3,80,1245,3838.1704152434627,3838.1704152434627,33.25045895172434
balanced,logical_requests_merged,20260726,4,80,1248,3871.420874195187,3871.420874195187,0.0
balanced,logical_requests_merged,20260726,5,80,1259,3858.841210539169,3858.841210539169,12.579663656018056
balanced,logical_requests_merged,20260726,6,80,1258,3869.7390360223535,3869.7390360223535,1.6818381728335225
balanced,logical_requests_merged,20260726,7,80,1248,3819.1611710189904,3819.1611710189904,52.25970317619658
moderate,unique_tasks,20260726,0,160,160,5178.327764039534,5178.327764039534,0.0
moderate,unique_tasks,20260726,1,69,69,2242.020393356638,2242.020393356638,2936.3073706828955
moderate,unique_tasks,20260726,2,69,69,2174.2176619593743,2174.2176619593743,3004.1101020801593
moderate,unique_tasks,20260726,3,69,69,2304.115237192613,2304.115237192613,2874.2125268469204
moderate,unique_tasks,20260726,4,69,69,2239.3850377957324,2239.3850377957324,2938.942726243801
moderate,unique_tasks,20260726,5,68,68,2203.1984562885386,2203.1984562885386,2975.129307750995
moderate,unique_tasks,20260726,6,68,68,2221.112880804506,2221.112880804506,2957.2148832350276
moderate,unique_tasks,20260726,7,68,68,2163.592025778587,2163.592025778587,3014.7357382609466
moderate,logical_requests_merged,20260726,0,160,2494,7667.927764039529,7667.927764039529,0.0
moderate,logical_requests_merged,20260726,1,69,1077,3317.2203933566393,3317.2203933566393,4350.7073706828905
moderate,logical_requests_merged,20260726,2,69,1071,3243.0176619593753,3243.0176619593753,4424.910102080154
moderate,logical_requests_merged,20260726,3,69,1076,3378.2485705259487,3378.2485705259487,4289.679193513581
moderate,logical_requests_merged,20260726,4,69,1084,3322.0517044624007,3322.0517044624007,4345.876059577129
moderate,logical_requests_merged,20260726,5,68,1070,3271.9984562885406,3271.9984562885406,4395.929307750988
moderate,logical_requests_merged,20260726,6,68,1066,3285.646214137842,3285.646214137842,4382.281549901687
moderate,logical_requests_merged,20260726,7,68,1062,3223.858692445258,3223.858692445258,4444.069071594271
strong,unique_tasks,20260726,0,320,320,10325.071229191197,10325.071229191197,0.0
strong,unique_tasks,20260726,1,46,46,1515.8855314908146,1515.8855314908146,8809.185697700383
strong,unique_tasks,20260726,2,46,46,1486.8867140030216,1486.8867140030216,8838.184515188175
strong,unique_tasks,20260726,3,46,46,1462.1634213728555,1462.1634213728555,8862.907807818341
strong,unique_tasks,20260726,4,46,46,1500.584167610179,1500.584167610179,8824.487061581018
strong,unique_tasks,20260726,5,46,46,1515.7150753801873,1515.7150753801873,8809.35615381101
strong,unique_tasks,20260726,6,45,45,1486.5851054958403,1486.5851054958403,8838.486123695357
strong,unique_tasks,20260726,7,45,45,1441.894971013194,1441.894971013194,8883.176258178002
strong,logical_requests_merged,20260726,0,320,4987,15303.204562524501,15303.204562524501,0.0
strong,logical_requests_merged,20260726,1,46,715,2229.485531490818,2229.485531490818,13073.719031033683
strong,logical_requests_merged,20260726,2,46,721,2206.8867140030234,2206.8867140030234,13096.317848521478
strong,logical_requests_merged,20260726,3,46,723,2184.296754706189,2184.296754706189,13118.907807818312
strong,logical_requests_merged,20260726,4,46,726,2225.917500943513,2225.917500943513,13077.287061580988
strong,logical_requests_merged,20260726,5,46,724,2238.9150753801873,2238.9150753801873,13064.289487144313
strong,logical_requests_merged,20260726,6,45,701,2186.3184388291743,2186.3184388291743,13116.886123695327
strong,logical_requests_merged,20260726,7,45,703,2143.7616376798624,2143.7616376798624,13159.44292484464
balanced,unique_tasks,20260727,0,80,80,2559.815365290434,2559.815365290434,87.55508668399534
balanced,unique_tasks,20260727,1,80,80,2549.230205528758,2549.230205528758,98.14024644567144
balanced,unique_tasks,20260727,2,80,80,2547.1038083089434,2547.1038083089434,100.26664366548584
balanced,unique_tasks,20260727,3,80,80,2540.611526490553,2540.611526490553,106.75892548387628
balanced,unique_tasks,20260727,4,80,80,2545.71102875546,2545.71102875546,101.6594232189691
balanced,unique_tasks,20260727,5,80,80,2478.3775016476307,2478.3775016476307,168.99295032679856
balanced,unique_tasks,20260727,6,80,80,2627.193560424948,2627.193560424948,20.176891549481297
balanced,unique_tasks,20260727,7,80,80,2647.370451974429,2647.370451974429,0.0
balanced,logical_requests_merged,20260727,0,80,1255,3813.1486986237715,3813.1486986237715,81.15508668399025
balanced,logical_requests_merged,20260727,1,80,1253,3800.4302055287594,3800.4302055287594,93.87357977900228
balanced,logical_requests_merged,20260727,2,80,1247,3791.9038083089404,3791.9038083089404,102.39997699882133
balanced,logical_requests_merged,20260727,3,80,1252,3790.7448598238857,3790.7448598238857,103.55892548387601
balanced,logical_requests_merged,20260727,4,80,1241,3784.111028755458,3784.111028755458,110.19275655230376
balanced,logical_requests_merged,20260727,5,80,1248,3724.244168314297,3724.244168314297,170.05961699346472
balanced,logical_requests_merged,20260727,6,80,1255,3880.52689375828,3880.52689375828,13.776891549481661
balanced,logical_requests_merged,20260727,7,80,1249,3894.3037853077617,3894.3037853077617,0.0
moderate,unique_tasks,20260727,0,160,160,5102.438975174634,5102.438975174634,0.0
moderate,unique_tasks,20260727,1,69,69,2210.5176969249974,2210.5176969249974,2891.9212782496365
moderate,unique_tasks,20260727,2,69,69,2155.6531825735,2155.6531825735,2946.785792601134
moderate,unique_tasks,20260727,3,69,69,2202.52886394833,2202.52886394833,2899.910111226304
moderate,unique_tasks,20260727,4,69,69,2148.7633927047123,2148.7633927047123,2953.6755824699217
moderate,unique_tasks,20260727,5,68,68,2152.3587788413865,2152.3587788413865,2950.0801963332474
moderate,unique_tasks,20260727,6,68,68,2249.4529135792304,2249.4529135792304,2852.9860615954035
moderate,unique_tasks,20260727,7,68,68,2243.7770893262277,2243.7770893262277,2858.661885848406
moderate,logical_requests_merged,20260727,0,160,2508,7606.9723085079595,7606.9723085079595,0.0
moderate,logical_requests_merged,20260727,1,69,1074,3282.5176969249947,3282.5176969249947,4324.454611582965
moderate,logical_requests_merged,20260727,2,69,1078,3231.9198492401697,3231.9198492401697,4375.05245926779
moderate,logical_requests_merged,20260727,3,69,1075,3275.5955306149967,3275.5955306149967,4331.376777892963
moderate,logical_requests_merged,20260727,4,69,1074,3220.763392704713,3220.763392704713,4386.208915803247
moderate,logical_requests_merged,20260727,5,68,1064,3214.758778841389,3214.758778841389,4392.213529666571
moderate,logical_requests_merged,20260727,6,68,1064,3311.8529135792346,3311.8529135792346,4295.119394928724
moderate,logical_requests_merged,20260727,7,68,1063,3305.1104226595608,3305.1104226595608,4301.861885848399
strong,unique_tasks,20260727,0,320,320,10257.814459945192,10257.814459945192,0.0
strong,unique_tasks,20260727,1,46,46,1440.5020178094235,1440.5020178094235,8817.312442135768
strong,unique_tasks,20260727,2,46,46,1468.0094469945868,1468.0094469945868,8789.805012950605
strong,unique_tasks,20260727,3,46,46,1434.8677424136288,1434.8677424136288,8822.946717531562
strong,unique_tasks,20260727,4,46,46,1487.6935264680096,1487.6935264680096,8770.120933477181
strong,unique_tasks,20260727,5,46,46,1519.7621685533595,1519.7621685533595,8738.052291391832
strong,unique_tasks,20260727,6,45,45,1427.301612134701,1427.301612134701,8830.51284781049
strong,unique_tasks,20260727,7,45,45,1555.9363426844275,1555.9363426844275,8701.878117260763
strong,logical_requests_merged,20260727,0,320,5007,15257.281126611824,15257.281126611824,0.0
strong,logical_requests_merged,20260727,1,46,712,2150.902017809424,2150.902017809424,13106.3791088024
strong,logical_requests_merged,20260727,2,46,716,2182.6761136612554,2182.6761136612554,13074.60501295057
strong,logical_requests_merged,20260727,3,46,717,2150.601075746962,2150.601075746962,13106.680050864863
strong,logical_requests_merged,20260727,4,46,721,2207.693526468011,2207.693526468011,13049.587600143814
strong,logical_requests_merged,20260727,5,46,721,2239.7621685533613,2239.7621685533613,13017.518958058463
strong,logical_requests_merged,20260727,6,45,702,2128.1016121347016,2128.1016121347016,13129.179514477122
strong,logical_requests_merged,20260727,7,45,704,2258.869676017762,2258.869676017762,12998.411450594063
balanced,unique_tasks,20260728,0,80,80,2633.5966355258774,2633.5966355258774,3.5243157202203292
balanced,unique_tasks,20260728,1,80,80,2637.120951246098,2637.120951246098,0.0
balanced,unique_tasks,20260728,2,80,80,2561.3146343395347,2561.3146343395347,75.8063169065631
balanced,unique_tasks,20260728,3,80,80,2564.193649848166,2564.193649848166,72.92730139793184
balanced,unique_tasks,20260728,4,80,80,2531.467620803013,2531.467620803013,105.653330443085
balanced,unique_tasks,20260728,5,80,80,2618.03565713806,2618.03565713806,19.085294108037942
balanced,unique_tasks,20260728,6,80,80,2587.4994468563004,2587.4994468563004,49.62150438979734
balanced,unique_tasks,20260728,7,80,80,2621.2974815321704,2621.2974815321704,15.823469713927352
balanced,logical_requests_merged,20260728,0,80,1251,3882.663302192547,3882.663302192547,0.0
balanced,logical_requests_merged,20260728,1,80,1245,3879.7876179127643,3879.7876179127643,2.87568427978249
balanced,logical_requests_merged,20260728,2,80,1256,3815.714634339538,3815.714634339538,66.94866785300883
balanced,logical_requests_merged,20260728,3,80,1248,3810.0603165148323,3810.0603165148323,72.60298567771451
balanced,logical_requests_merged,20260728,4,80,1254,3783.734287469681,3783.734287469681,98.92901472286576
balanced,logical_requests_merged,20260728,5,80,1249,3864.968990471394,3864.968990471394,17.694311721152644
balanced,logical_requests_merged,20260728,6,80,1254,3839.766113522968,3839.766113522968,42.897188669578554
balanced,logical_requests_merged,20260728,7,80,1243,3861.8308148655015,3861.8308148655015,20.832487327045328
moderate,unique_tasks,20260728,0,160,160,5216.0325727560485,5216.0325727560485,0.0
moderate,unique_tasks,20260728,1,69,69,2236.992439029087,2236.992439029087,2979.0401337269614
moderate,unique_tasks,20260728,2,69,69,2201.5976523168897,2201.5976523168897,3014.4349204391588
moderate,unique_tasks,20260728,3,69,69,2244.0868615628183,2244.0868615628183,2971.94571119323
moderate,unique_tasks,20260728,4,69,69,2257.3537606859218,2257.3537606859218,2958.6788120701267
moderate,unique_tasks,20260728,5,68,68,2240.4519758100128,2240.4519758100128,2975.5805969460357
moderate,unique_tasks,20260728,6,68,68,2154.468634091647,2154.468634091647,3061.5639386644016
moderate,unique_tasks,20260728,7,68,68,2241.3858625710827,2241.3858625710827,2974.6467101849657
moderate,logical_requests_merged,20260728,0,160,2496,7707.76590608938,7707.76590608938,0.0
moderate,logical_requests_merged,20260728,1,69,1085,3320.725772362422,3320.725772362422,4387.040133726958
moderate,logical_requests_merged,20260728,2,69,1078,3277.864318983556,3277.864318983556,4429.901587105824
moderate,logical_requests_merged,20260728,3,69,1079,3321.4201948961536,3321.4201948961536,4386.345711193227
moderate,logical_requests_merged,20260728,4,69,1078,3333.6204273525886,3333.6204273525886,4374.145478736791
moderate,logical_requests_merged,20260728,5,68,1063,3301.7853091433453,3301.7853091433453,4405.980596946035
moderate,logical_requests_merged,20260728,6,68,1069,3222.2019674249836,3222.2019674249836,4485.563938664396
moderate,logical_requests_merged,20260728,7,68,1052,3290.985862571082,3290.985862571082,4416.780043518298
strong,unique_tasks,20260728,0,320,320,10321.349159382466,10321.349159382466,0.0
strong,unique_tasks,20260728,1,46,46,1504.904926347473,1504.904926347473,8816.444233034992
strong,unique_tasks,20260728,2,46,46,1464.7368074468502,1464.7368074468502,8856.612351935615
strong,unique_tasks,20260728,3,46,46,1512.569201681562,1512.569201681562,8808.779957700903
strong,unique_tasks,20260728,4,46,46,1538.0330075366035,1538.0330075366035,8783.316151845862
strong,unique_tasks,20260728,5,46,46,1446.9781692765218,1446.9781692765218,8874.370990105945
strong,unique_tasks,20260728,6,45,45,1400.3483247066752,1400.3483247066752,8921.00083467579
strong,unique_tasks,20260728,7,45,45,1501.7413572302207,1501.7413572302207,8819.607802152244
strong,logical_requests_merged,20260728,0,320,5000,15313.349159382438,15313.349159382438,0.0
strong,logical_requests_merged,20260728,1,46,722,2225.971593014141,2225.971593014141,13087.377566368297
strong,logical_requests_merged,20260728,2,46,720,2183.6701407801843,2183.6701407801843,13129.679018602254
strong,logical_requests_merged,20260728,3,46,717,2228.3025350148964,2228.3025350148964,13085.046624367542
strong,logical_requests_merged,20260728,4,46,720,2256.966340869939,2256.966340869939,13056.382818512498
strong,logical_requests_merged,20260728,5,46,720,2165.9115026098557,2165.9115026098557,13147.437656772583
strong,logical_requests_merged,20260728,6,45,703,2102.2149913733424,2102.2149913733424,13211.134168009095
strong,logical_requests_merged,20260728,7,45,698,2198.2746905635554,2198.2746905635554,13115.074468818882
balanced,unique_tasks,20260729,0,80,80,2621.5046254438375,2621.5046254438375,0.0
balanced,unique_tasks,20260729,1,80,80,2607.811926807135,2607.811926807135,13.692698636702517
balanced,unique_tasks,20260729,2,80,80,2618.4437652232937,2618.4437652232937,3.060860220543873
balanced,unique_tasks,20260729,3,80,80,2566.169345710287,2566.169345710287,55.33527973355058
balanced,unique_tasks,20260729,4,80,80,2558.8326436458738,2558.8326436458738,62.67198179796378
balanced,unique_tasks,20260729,5,80,80,2539.795850308146,2539.795850308146,81.70877513569167
balanced,unique_tasks,20260729,6,80,80,2478.1861073863774,2478.1861073863774,143.3185180574601
balanced,unique_tasks,20260729,7,80,80,2561.006887950239,2561.006887950239,60.49773749359838
balanced,logical_requests_merged,20260729,0,80,1252,3871.637958777173,3871.637958777173,0.0
balanced,logical_requests_merged,20260729,1,80,1247,3852.6119268071325,3852.6119268071325,19.02603197004055
balanced,logical_requests_merged,20260729,2,80,1240,3855.7770985566226,3855.7770985566226,15.860860220550421
balanced,logical_requests_merged,20260729,3,80,1252,3816.3026790436165,3816.3026790436165,55.33527973355649
balanced,logical_requests_merged,20260729,4,80,1253,3810.032643645877,3810.032643645877,61.60531513129581
balanced,logical_requests_merged,20260729,5,80,1250,3787.795850308149,3787.795850308149,83.84210846902397
balanced,logical_requests_merged,20260729,6,80,1254,3730.452774053044,3730.452774053044,141.18518472412916
balanced,logical_requests_merged,20260729,7,80,1252,3811.1402212835746,3811.1402212835746,60.49773749359838
moderate,unique_tasks,20260729,0,160,160,5208.44087018288,5208.44087018288,0.0
moderate,unique_tasks,20260729,1,69,69,2265.9051057060415,2265.9051057060415,2942.5357644768383
moderate,unique_tasks,20260729,2,69,69,2212.1725602209763,2212.1725602209763,2996.2683099619035
moderate,unique_tasks,20260729,3,69,69,2222.1187759126165,2222.1187759126165,2986.3220942702633
moderate,unique_tasks,20260729,4,69,69,2172.703557092836,2172.703557092836,3035.7373130900437
moderate,unique_tasks,20260729,5,68,68,2127.7509701679505,2127.7509701679505,3080.689900014929
moderate,unique_tasks,20260729,6,68,68,2198.817044260736,2198.817044260736,3009.6238259221436
moderate,unique_tasks,20260729,7,68,68,2148.456434560485,2148.456434560485,3059.984435622395
moderate,logical_requests_merged,20260729,0,160,2499,7703.374203516212,7703.374203516212,0.0
moderate,logical_requests_merged,20260729,1,69,1070,3333.6384390393746,3333.6384390393746,4369.735764476838
moderate,logical_requests_merged,20260729,2,69,1079,3289.5058935543084,3289.5058935543084,4413.868309961904
moderate,logical_requests_merged,20260729,3,69,1079,3299.4521092459554,3299.4521092459554,4403.922094270257
moderate,logical_requests_merged,20260729,4,69,1082,3253.236890426172,3253.236890426172,4450.13731309004
moderate,logical_requests_merged,20260729,5,68,1064,3190.150970167952,3190.150970167952,4513.223233348261
moderate,logical_requests_merged,20260729,6,68,1061,3258.0170442607377,3258.0170442607377,4445.3571592554745
moderate,logical_requests_merged,20260729,7,68,1066,3212.9897678938237,3212.9897678938237,4490.384435622389
strong,unique_tasks,20260729,0,320,320,10449.017988074387,10449.017988074387,0.0
strong,unique_tasks,20260729,1,46,46,1458.7865450245654,1458.7865450245654,8990.231443049823
strong,unique_tasks,20260729,2,46,46,1426.4269794641868,1426.4269794641868,9022.591008610201
strong,unique_tasks,20260729,3,46,46,1505.09464711849,1505.09464711849,8943.923340955896
strong,unique_tasks,20260729,4,46,46,1394.0031241651955,1394.0031241651955,9055.014863909191
strong,unique_tasks,20260729,5,46,46,1460.5968401336563,1460.5968401336563,8988.421147940731
strong,unique_tasks,20260729,6,45,45,1477.5270044928877,1477.5270044928877,8971.4909835815
strong,unique_tasks,20260729,7,45,45,1424.7187761107348,1424.7187761107348,9024.299211963653
strong,logical_requests_merged,20260729,0,320,4991,15431.417988074374,15431.417988074374,0.0
strong,logical_requests_merged,20260729,1,46,721,2178.786545024566,2178.786545024566,13252.631443049808
strong,logical_requests_merged,20260729,2,46,720,2145.3603127975207,2145.3603127975207,13286.057675276854
strong,logical_requests_merged,20260729,3,46,718,2221.89464711849,2221.89464711849,13209.523340955884
strong,logical_requests_merged,20260729,4,46,723,2116.13645749853,2116.13645749853,13315.281530575845
strong,logical_requests_merged,20260729,5,46,720,2179.5301734669897,2179.5301734669897,13251.887814607384
strong,logical_requests_merged,20260729,6,45,702,2178.327004492888,2178.327004492888,13253.090983581485
strong,logical_requests_merged,20260729,7,45,705,2128.718776110734,2128.718776110734,13302.69921196364
