seed,length_m,policy,physical_tasks,logical_requests,unique_bytes,makespan_s,logical_throughput_req_s,reader_utilization,shuttle_utilization,movement_s,conflict_wait_s,detour_s,reader_queue_s,idle_capacity_s,idle_capacity_share,conflict_affected_tasks,conflict_affected_fraction,conflict_reservations_encountered,zone_completion_min_s,zone_completion_max_s,zone_completion_spread_s,fetch_direct_s,delivery_direct_s,return_direct_s,reader_service_s,pick_place_s,fetch_coordination_s,pick_coordination_s,delivery_coordination_s,reader_coordination_s,return_coordination_s,place_coordination_s,reposition_s
20260804,4.0,static_zone,640.0,100000.0,7569589037.0,1974.6661602278893,50.6414714619201,0.29122260449423815,0.9266389239717154,6197.880829829824,0.0,0.0,0.0,1158.9090744876721,0.07336107602828461,0.0,0.0,0.0,1646.9242270071811,1974.6661602278893,327.74193322070823,1980.6653703662007,2108.6077297318147,2108.6077297318147,4600.53937750562,3840.0,0.0,0.0,0.0,0.0,0.0,0.0,0.0
20260804,4.0,no_zone_coordinated,640.0,100000.0,7569589037.0,3094.7438758752696,32.312851728874506,0.18582068347273464,0.9752850154522421,10901.553966421088,4281.429959452974,570.0000000000007,522.5353270502701,611.8923765722066,0.024714984547757946,517.0,0.8078125,940.0,2926.3787756915935,3094.7438758752696,168.36510018367608,6114.338506957462,2108.6077297318147,2108.6077297318147,4600.53937750562,3840.0,2978.3699924541106,313.4386655529499,1283.7736203666313,187.17907212516917,84.64997335605989,4.018635598053606,0.0
20260804,4.0,no_zone_virtual_ideal,640,100000,7569589037,1713.01717492455,58.37653087418958,0.3357044112611023,0.9759304402733402,4858.645153581101,0.0,0.0,75.10031467255408,329.8525536371235,0.024069559726659764,0,0.0,0,1083.7576723442457,1713.01717492455,629.2595025803043,545.4296941174638,2156.6077297318147,2156.6077297318147,4600.53937750562,3840.0,0.0,0.0,0.0,0.0,0.0,0.0,0.0
20260804,8.0,static_zone,640.0,100000.0,7569589037.0,2229.7475909475147,44.84812559322275,0.2579069597486735,0.9227232568524325,8018.98029511803,0.0,0.0,0.0,1378.4610549564677,0.07727674314756748,0.0,0.0,0.0,1857.4828659204309,2229.7475909475147,372.26472502708384,2469.2437033165374,2774.8682959007456,2774.8682959007456,4600.53937750562,3840.0,0.0,0.0,0.0,0.0,0.0,0.0,0.0
20260804,8.0,no_zone_coordinated,640.0,100000.0,7569589037.0,3087.9889404925516,32.383535669026536,0.18622716378526796,0.9945837279084205,12892.944631707212,2934.323501312848,744.0000000000005,302.3009068747677,133.8031065399664,0.005416272091579449,480.0,0.75,820.0,3022.5297652991335,3087.9889404925516,65.4591751934181,6599.208039905732,2774.8682959007456,2774.8682959007456,4600.53937750562,3840.0,1892.2910553769664,319.37556381933814,1311.3391409150406,82.76009404561808,49.07930979324112,23.478337362643543,0.0
20260804,8.0,no_zone_virtual_ideal,640,100000,7569589037,1891.5557823177292,52.86653501567355,0.30401822011485735,0.9784647818525938,6337.276456430438,0.0,0.0,28.749893324173968,325.88053128160027,0.021535218147406273,0,0.0,0,1214.8887354958097,1891.5557823177292,676.6670468219195,655.5398646289318,2840.8682959007456,2840.8682959007456,4600.53937750562,3840.0,0.0,0.0,0.0,0.0,0.0,0.0,0.0
20260804,16.0,static_zone,640.0,100000.0,7569589037.0,2722.4533090907216,36.73157576884183,0.21123132590298513,0.9162197792613908,11514.385181730731,0.0,0.0,0.0,1824.7019134894217,0.0837802207386092,0.0,0.0,0.0,2261.5267521009814,2722.4533090907216,460.9265569897402,3383.6855882191317,4065.349796755806,4065.349796755806,4600.53937750562,3840.0,0.0,0.0,0.0,0.0,0.0,0.0,0.0
20260804,16.0,no_zone_coordinated,640.0,100000.0,7569589037.0,3540.22671610615,28.246778531175178,0.16243802115043973,0.9804645143655913,16626.235351404084,2387.588876624193,792.0000000000002,314.169738074969,553.2803852403304,0.01953548563440862,460.0,0.71875,746.0,3368.7895531545983,3540.22671610615,171.43716295155173,7703.535757892493,4065.349796755806,4065.349796755806,4600.53937750562,3840.0,1448.5675438858095,216.88464377900203,1397.8334851131208,76.56592186946307,25.209778676941596,14.527503299855994,0.0
20260804,16.0,no_zone_virtual_ideal,640,100000,7569589037,2212.0683204135253,45.206560338654434,0.2599682011994545,0.9932401170389585,9105.853417774853,0.0,0.0,30.527184445145167,119.62658358258341,0.0067598829610414305,0,0.0,0,1513.940265128821,2212.0683204135253,698.1280552847043,879.1538242632449,4113.349796755806,4113.349796755806,4600.53937750562,3840.0,0.0,0.0,0.0,0.0,0.0,0.0,0.0
20260804,32.0,static_zone,640.0,100000.0,7569589037.0,3698.586347753453,27.03735714071964,0.15548303273695435,0.9080082353063671,18426.23552450905,0.0,0.0,0.0,2721.9158800129517,0.09199176469363296,0.0,0.0,0.0,3058.5747266750886,3698.586347753453,640.0116210783644,5176.210899456173,6625.012312526433,6625.012312526433,4600.53937750562,3840.0,0.0,0.0,0.0,0.0,0.0,0.0,0.0
20260804,32.0,no_zone_coordinated,640.0,100000.0,7569589037.0,4388.325713101337,22.787734215227054,0.13104483572660533,0.9863823673099008,23801.34039485988,2040.264904128696,1374.0,346.39216683224925,478.0688614842511,0.01361763269009914,423.0,0.6609375,652.0,4225.9142921986695,4388.325713101337,162.4114209026675,9177.315769807003,6625.012312526433,6625.012312526433,4600.53937750562,3840.0,1336.30585828792,236.24879345978604,1716.9290018824713,79.98377044668695,31.62039874026027,13.177081311571214,0.0
20260804,32.0,no_zone_virtual_ideal,640,100000,7569589037,2892.744289778066,34.569249813529865,0.19879649377246636,0.9900968631982902,14461.60278269886,0.0,0.0,10.634218547747878,229.17793947229802,0.009903136801709872,0,0.0,0,2036.589434759388,2892.744289778066,856.1548550186781,1175.5781576459724,6643.012312526433,6643.012312526433,4600.53937750562,3840.0,0.0,0.0,0.0,0.0,0.0,0.0,0.0
20260804,64.0,static_zone,640.0,100000.0,7569589037.0,5646.069027379689,17.71143773040435,0.10185270838870508,0.8999497616203432,32208.888424753208,0.0,0.0,0.0,4519.124416778679,0.10005023837965679,0.0,0.0,0.0,4646.853999762028,5646.069027379689,999.2150276176608,8741.629630596313,11733.62939707844,11733.62939707844,4600.53937750562,3840.0,0.0,0.0,0.0,0.0,0.0,0.0,0.0
20260804,64.0,no_zone_coordinated,640.0,100000.0,7569589037.0,6162.188781378181,16.228000073966392,0.09332194169805819,0.9921959859433148,37874.13105071236,2030.7069516115819,2028.0000000000007,567.4144082373003,384.7184629585827,0.007804014056685146,411.0,0.6421875,635.0,6013.130115541197,6162.188781378181,149.0586658369848,12378.872256555493,11733.62939707844,11733.62939707844,4600.53937750562,3840.0,1379.0119349607821,355.38668777491387,2088.5652999679924,99.90378028346228,99.67984402657912,36.1594045978527,0.0
20260804,64.0,no_zone_virtual_ideal,640,100000,7569589037,4297.4814247668655,23.269443219390972,0.13381498727929922,0.9846303796233074,25371.89644714923,0.0,0.0,39.010308883631495,528.4052645964402,0.015369620376692662,0,0.0,0,2807.4812704189653,4297.4814247668655,1490.0001543479002,1784.6376529923346,11793.62939707844,11793.62939707844,4600.53937750562,3840.0,0.0,0.0,0.0,0.0,0.0,0.0,0.0
20260805,4.0,static_zone,640.0,100000.0,7569589037.0,1999.428316956616,50.01429616252145,0.28761592366738503,0.9192059843314436,6262.552416000527,0.0,0.0,0.0,1292.3347421467843,0.08079401566855632,0.0,0.0,0.0,1596.3943711543159,1999.428316956616,403.0339458023002,1962.9330235161574,2149.809696242185,2149.809696242185,4600.53937750562,3840.0,0.0,0.0,0.0,0.0,0.0,0.0,0.0
20260805,4.0,no_zone_coordinated,640.0,100000.0,7569589037.0,3035.8388261576765,32.939825111389545,0.18942620314137026,0.9698187930801208,10721.542270605618,4074.299672855956,576.0000000000001,317.32704999287,733.0022383013456,0.03018120691987926,499.0,0.7796875,944.0,2785.4693224458474,3035.8388261576765,250.3695037118291,5845.92287812126,2149.809696242185,2149.809696242185,4600.53937750562,3840.0,2930.8530683953886,263.00016712027013,1222.3324814744572,154.40356482585884,74.25205640788766,5.458334632093738,0.0
20260805,4.0,no_zone_virtual_ideal,640,100000,7569589037,1788.7494911690817,55.90497746816549,0.32149131280107474,0.9395855848246688,4905.884233542933,0.0,0.0,99.04228307088954,864.5300352332106,0.06041441517533119,0,0.0,0,1075.0170095135747,1788.7494911690817,713.732481655507,510.26484105855974,2197.809696242185,2197.809696242185,4600.53937750562,3840.0,0.0,0.0,0.0,0.0,0.0,0.0,0.0
20260805,8.0,static_zone,640.0,100000.0,7569589037.0,2246.763054168883,44.508476234042284,0.25595374693435563,0.9202486177192827,8100.105382027729,0.0,0.0,0.0,1433.459673817717,0.07975138228071733,0.0,0.0,0.0,1803.385463502437,2246.763054168883,443.37759066644617,2444.5330671751053,2827.786157426315,2827.786157426315,4600.53937750562,3840.0,0.0,0.0,0.0,0.0,0.0,0.0,0.0
20260805,8.0,no_zone_coordinated,640.0,100000.0,7569589037.0,3193.265185509544,31.315908385492627,0.18008758708727177,0.9543628173208527,12811.535440218224,2901.1862609398204,666.0,227.00739250020402,1165.853012912481,0.04563718267914726,479.0,0.7484375,848.0,2836.905262544467,3193.265185509544,356.3599229650772,6489.963125365598,2827.786157426315,2827.786157426315,4600.53937750562,3840.0,1878.0282322863009,213.4589126414263,1345.8926020642486,79.03384014220663,35.26558946445269,15.507084341185305,0.0
20260805,8.0,no_zone_virtual_ideal,640,100000,7569589037,1937.3104095631572,51.61795420412206,0.29683803862793157,0.9556431938539127,6330.858501141173,0.0,0.0,39.62217960414603,687.4632182543191,0.044356806146087266,0,0.0,0,1637.2499802699851,1937.3104095631572,300.0604292931721,627.286186288534,2851.786157426315,2851.786157426315,4600.53937750562,3840.0,0.0,0.0,0.0,0.0,0.0,0.0,0.0
20260805,16.0,static_zone,640.0,100000.0,7569589037.0,2721.273808919006,36.74749658496284,0.21132288132984367,0.9221442456113819,11634.716491515404,0.0,0.0,0.0,1694.9346023310209,0.07785575438861818,0.0,0.0,0.0,2203.3622383244974,2721.273808919006,517.9115705945087,3343.5824911173963,4145.567000199006,4145.567000199006,4600.53937750562,3840.0,0.0,0.0,0.0,0.0,0.0,0.0,0.0
20260805,16.0,no_zone_coordinated,640.0,100000.0,7569589037.0,3684.6693664800828,27.139477129132136,0.1560702915218571,0.9501044910276484,16706.123105986684,2490.7363726712615,924.0000000000005,369.1684481942452,1470.7876274828486,0.04989550897235161,460.0,0.71875,776.0,3251.8903382632884,3684.6693664800828,432.77902821679436,7490.989105588684,4145.567000199006,4145.567000199006,4600.53937750562,3840.0,1445.3841226230738,266.10236574767345,1542.5710040579374,96.8458221518442,30.652099068881853,33.18095902185166,0.0
20260805,16.0,no_zone_virtual_ideal,640,100000,7569589037,2300.3713912891194,43.471241373750686,0.24998894716123943,0.9565643042023761,9142.455945673033,0.0,0.0,20.629951345575137,799.3458557887279,0.04343569579762387,0,0.0,0,1663.6108094763315,2300.3713912891194,636.7605818127879,827.3219452750087,4157.567000199006,4157.567000199006,4600.53937750562,3840.0,0.0,0.0,0.0,0.0,0.0,0.0,0.0
20260805,32.0,static_zone,640.0,100000.0,7569589037.0,3658.220037024623,27.33569850580503,0.15719869673447207,0.9249004472474169,18627.37540948266,0.0,0.0,0.0,2197.845509208695,0.07509955275258302,0.0,0.0,0.0,2996.1537771951303,3658.220037024623,662.0662598294925,5104.047366651761,6761.664021415449,6761.664021415449,4600.53937750562,3840.0,0.0,0.0,0.0,0.0,0.0,0.0,0.0
20260805,32.0,no_zone_coordinated,640.0,100000.0,7569589037.0,4571.623871208903,21.87406549995907,0.12579062459837362,0.9586265128653614,24086.748723334866,2136.8224879328154,1506.0000000000002,395.7282095389758,1513.1521713589464,0.041373487134638606,427.0,0.6671875,671.0,4094.262229925113,4571.623871208903,477.3616412837905,9057.420680503961,6761.664021415449,6761.664021415449,4600.53937750562,3840.0,1362.9092955170095,295.52310086939764,1813.1377045462982,70.22541541279645,72.36762663493369,28.65934495237991,0.0
20260805,32.0,no_zone_virtual_ideal,640,100000,7569589037,3047.965747094739,32.808767649478355,0.188672534373572,0.9545133571238619,14811.863524997441,0.0,0.0,22.189238760453065,1109.1338354943982,0.04548664287613807,0,0.0,0,1980.7156596951136,3047.965747094739,1067.2500873996255,1192.5354821665298,6809.664021415449,6809.664021415449,4600.53937750562,3840.0,0.0,0.0,0.0,0.0,0.0,0.0,0.0
20260805,64.0,static_zone,640.0,100000.0,7569589037.0,5526.037870514835,18.09614815228971,0.1040650526947306,0.9277739900240528,32574.774255706925,0.0,0.0,0.0,3192.98933090613,0.07222600997594715,0.0,0.0,0.0,4579.066541353443,5526.037870514835,946.9713291613916,8606.359772673828,11984.20724151655,11984.20724151655,4600.53937750562,3840.0,0.0,0.0,0.0,0.0,0.0,0.0,0.0
20260805,64.0,no_zone_coordinated,640.0,100000.0,7569589037.0,6551.579053446125,15.26349589682507,0.0877753923896741,0.9526901248287103,38767.24533409165,2004.3448926205847,2034.0,720.8677258041606,2479.635097546983,0.04730987517128976,400.0,0.625,620.0,5824.72530591127,6551.579053446125,726.8537475348548,12764.83085105857,11984.20724151655,11984.20724151655,4600.53937750562,3840.0,1373.0562090627086,413.3838910654553,2044.389374078782,79.47495397678557,128.0404644368533,0.0,0.0
20260805,64.0,no_zone_virtual_ideal,640,100000,7569589037,4465.480501391564,22.39400664023442,0.1287806367106511,0.9566818015472146,25698.865195763745,0.0,0.0,36.946873492553664,1547.4925643705865,0.043318198452785374,0,0.0,0,2983.714165726202,4465.480501391564,1481.766335665362,1610.4507127306326,12044.20724151655,12044.20724151655,4600.53937750562,3840.0,0.0,0.0,0.0,0.0,0.0,0.0,0.0
20260806,4.0,static_zone,640.0,100000.0,7569589037.0,2113.857893045184,47.30686974228995,0.2720463963449175,0.8690233823054567,6255.396109912077,0.0,0.0,0.0,2214.927656943775,0.13097661769454333,0.0,0.0,0.0,1606.3923934723146,2113.857893045184,507.4654995728695,1943.7439346746921,2155.8260876186923,2155.8260876186923,4600.53937750562,3840.0,0.0,0.0,0.0,0.0,0.0,0.0,0.0
20260806,4.0,no_zone_coordinated,640.0,100000.0,7569589037.0,3036.5277710979594,32.932351533818384,0.18938322503148633,0.9895673009391223,11224.3111396456,3904.5109364495065,672.0000000000002,469.42727177604735,253.43344340690237,0.01043269906087772,520.0,0.8125,962.0,2917.714010069981,3036.5277710979594,118.81376102797822,6240.658964408201,2155.8260876186923,2155.8260876186923,4600.53937750562,3840.0,2688.1321586166355,235.7944751022133,1375.1067264545416,171.5665568077348,60.337925009647776,45.57309445873386,0.0
20260806,4.0,no_zone_virtual_ideal,640,100000,7569589037,1707.3343766779465,58.57083496120745,0.3368217907655221,0.981276384453362,4902.296379601296,0.0,0.0,60.0994764888419,255.73977982781435,0.018723615546638057,0,0.0,0,1356.058816092733,1707.3343766779465,351.2755605852135,494.64420436390657,2203.8260876186923,2203.8260876186923,4600.53937750562,3840.0,0.0,0.0,0.0,0.0,0.0,0.0,0.0
20260806,8.0,static_zone,640.0,100000.0,7569589037.0,2382.2716509505854,41.97674096490949,0.24139456218552408,0.8683151481118211,8107.961113996383,0.0,0.0,0.0,2509.672716102683,0.13168485188817894,0.0,0.0,0.0,1809.9137440002155,2382.2716509505854,572.3579069503699,2427.806515474736,2840.0772992608213,2840.0772992608213,4600.53937750562,3840.0,0.0,0.0,0.0,0.0,0.0,0.0,0.0
20260806,8.0,no_zone_coordinated,640.0,100000.0,7569589037.0,3089.0759675138333,32.37214010003209,0.18616163158040797,0.9852720668863859,12778.529566024867,2804.0040419455236,654.0,325.56912077532525,363.9656338593304,0.014727933113614035,488.0,0.7625,838.0,2963.32050956672,3089.0759675138333,125.75545794711343,6444.374967503228,2840.0772992608213,2840.0772992608213,4600.53937750562,3840.0,1818.7506892535812,192.22915026805455,1307.1638751851501,66.17944157637132,56.864860690068056,16.81602497229835,0.0
20260806,8.0,no_zone_virtual_ideal,640,100000,7569589037,1906.7429990447527,52.44545282195785,0.3015967135981628,0.9731760531980909,6372.429472692437,0.0,0.0,31.804159989653954,409.17098217031344,0.026823946801909162,0,0.0,0,1284.070022895107,1906.7429990447527,622.6729761496456,632.2748741707773,2870.0772992608213,2870.0772992608213,4600.53937750562,3840.0,0.0,0.0,0.0,0.0,0.0,0.0,0.0
20260806,16.0,static_zone,640.0,100000.0,7569589037.0,2901.1224297361928,34.46941741410523,0.19822239016658627,0.8665731721861176,11671.739557188697,0.0,0.0,0.0,3096.700503195225,0.1334268278138824,0.0,0.0,0.0,2200.1093858997037,2901.1224297361928,701.013043836489,3328.0547146807494,4171.842421253975,4171.842421253975,4600.53937750562,3840.0,0.0,0.0,0.0,0.0,0.0,0.0,0.0
20260806,16.0,no_zone_coordinated,640.0,100000.0,7569589037.0,3515.681926309451,28.443983868863224,0.16357208480229996,0.9809172252755752,16389.399756161463,2418.282016110553,822.0000000000002,340.52253107800743,536.7117296199613,0.019082774724424822,451.0,0.7046875,725.0,3334.661372000045,3515.681926309451,181.02055430940572,7223.714913653517,4171.842421253975,4171.842421253975,4600.53937750562,3840.0,1467.1009794076144,205.416948297159,1451.060308765956,72.0786066496376,17.05186625858323,27.573306731602543,0.0
20260806,16.0,no_zone_virtual_ideal,640,100000,7569589037,2298.5864210763752,43.50499902160402,0.25018307639654086,0.9674558603644079,9296.470483351372,0.0,0.0,53.23736813812911,598.4441396158836,0.0325441396355921,0,0.0,0,1550.2104188065207,2298.5864210763752,748.3760022698546,904.7856408434183,4195.842421253975,4195.842421253975,4600.53937750562,3840.0,0.0,0.0,0.0,0.0,0.0,0.0,0.0
20260806,32.0,static_zone,640.0,100000.0,7569589037.0,3930.9787162757066,25.438957373633947,0.14629115640011245,0.8640393125313912,18731.621803185517,0.0,0.0,0.0,4275.668549514514,0.13596068746860876,0.0,0.0,0.0,2974.272784694335,3930.9787162757066,956.7059315813717,5095.910407847135,6817.855697669188,6817.855697669188,4600.53937750562,3840.0,0.0,0.0,0.0,0.0,0.0,0.0,0.0
20260806,32.0,no_zone_coordinated,640.0,100000.0,7569589037.0,4490.610092032768,22.268689098040333,0.12805997635120592,0.977499301329602,24221.393087152475,2100.0499101219725,1422.0,354.5634452654549,808.3349162166196,0.02250069867039798,437.0,0.6828125,685.0,4199.957589212052,4490.610092032768,290.6525028207161,9163.6816918141,6817.855697669188,6817.855697669188,4600.53937750562,3840.0,1357.7061308124867,222.25157188874414,1755.934768259874,92.04384167712817,58.35949550031546,35.75410198342405,0.0
20260806,32.0,no_zone_virtual_ideal,640,100000,7569589037,3039.0849668887467,32.904641064502606,0.1892238711499158,0.9643645269386021,14960.394093591918,0.0,0.0,45.35242026153128,866.393843750906,0.035635473061397895,0,0.0,0,2052.0676183200135,3039.0849668887467,987.0173485687333,1192.6826982535247,6883.855697669188,6883.855697669188,4600.53937750562,3840.0,0.0,0.0,0.0,0.0,0.0,0.0,0.0
20260806,64.0,static_zone,640.0,100000.0,7569589037.0,5987.502206401614,16.701455223362377,0.09604462802090705,0.8613785484588982,32819.508298051755,0.0,0.0,0.0,6639.969975655535,0.13862145154110186,0.0,0.0,0.0,4519.362530686589,5987.502206401614,1468.139675715025,8616.665367658976,12101.421465196385,12101.421465196385,4600.53937750562,3840.0,0.0,0.0,0.0,0.0,0.0,0.0,0.0
20260806,64.0,no_zone_coordinated,640.0,100000.0,7569589037.0,6448.860433453979,15.50661563107212,0.08917349477823941,0.959515908170235,38809.503399582456,1795.1973963176724,1902.0000000000002,457.0332303437611,2088.610063882312,0.040484091829765,413.0,0.6453125,618.0,5820.456285877893,6448.860433453979,628.404147576086,12704.660469189696,12101.421465196385,12101.421465196385,4600.53937750562,3840.0,1171.3934741478017,255.52505566229266,2058.789302545335,62.89780214287771,126.06520891396511,22.52655290540025,0.0
20260806,64.0,no_zone_virtual_ideal,640,100000,7569589037,4487.821294540191,22.282527185665423,0.12813955468499164,0.9570765300978199,25906.392250855228,0.0,0.0,14.575829860204664,1541.0628981004702,0.042923469902180086,0,0.0,0,3700.222159485056,4487.821294540191,787.5991350551349,1655.549320462452,12125.421465196385,12125.421465196385,4600.53937750562,3840.0,0.0,0.0,0.0,0.0,0.0,0.0,0.0
20260807,4.0,static_zone,640.0,100000.0,7569589037.0,2003.537046293212,49.91172995029576,0.28702609879470276,0.9201267724109036,6307.525228985966,0.0,0.0,0.0,1280.2317638541099,0.07987322758909643,0.0,0.0,0.0,1701.3145793155402,2003.537046293212,302.22246697767173,1889.6809023684848,2208.9221633087404,2208.9221633087404,4600.53937750562,3840.0,0.0,0.0,0.0,0.0,0.0,0.0,0.0
20260807,4.0,no_zone_coordinated,640.0,100000.0,7569589037.0,3030.550625745822,32.997303905916404,0.18975674496336067,0.9732162258008953,10809.33182855977,3917.502954975204,666.0000000000008,427.67417565452337,649.3566692714521,0.026783774199104687,523.0,0.8171875,979.0,2853.5621744563805,3030.550625745822,176.9884512894414,5725.487501942293,2208.9221633087404,2208.9221633087404,4600.53937750562,3840.0,2743.024558156843,295.9541245453093,1335.6179748806155,127.5011410812393,47.874704137379155,33.53045217381873,0.0
20260807,4.0,no_zone_virtual_ideal,640,100000,7569589037,1709.8796811528343,58.48364718421477,0.33632040226390714,0.9885899667986413,5001.616095580129,0.0,0.0,80.80370467866499,156.07827145826013,0.011410033201358728,0,0.0,0,1091.4898083128887,1709.8796811528343,618.3898728399456,523.7717689626426,2238.9221633087404,2238.9221633087404,4600.53937750562,3840.0,0.0,0.0,0.0,0.0,0.0,0.0,0.0
20260807,8.0,static_zone,640.0,100000.0,7569589037.0,2242.272362308185,44.59761520543403,0.2564663561193033,0.9204508576233988,8070.672773788887,0.0,0.0,0.0,1426.9667471709727,0.07954914237660113,0.0,0.0,0.0,1898.3762985927924,2242.272362308185,343.89606371539276,2349.1956317760787,2860.7385710064023,2860.7385710064023,4600.53937750562,3840.0,0.0,0.0,0.0,0.0,0.0,0.0,0.0
20260807,8.0,no_zone_coordinated,640.0,100000.0,7569589037.0,3097.7565290668817,32.281426594272205,0.1856399677612582,0.9910492452443012,12659.739958449041,3185.4269809115244,756.0000000000003,274.52784379252364,221.81807187633967,0.00895075475569882,491.0,0.7671875,866.0,3033.4960764928214,3097.7565290668817,64.26045257406031,6182.262816436244,2860.7385710064023,2860.7385710064023,4600.53937750562,3840.0,1969.943973284951,290.023867420471,1506.0280535958323,140.54612876934735,26.309532548329344,8.575425292593991,0.0
20260807,8.0,no_zone_virtual_ideal,640,100000,7569589037,1887.727336822828,52.97375211417276,0.30463479071934174,0.9880871013304326,6412.549245816858,0.0,0.0,68.82363542540486,179.90643583474048,0.011912898669567337,0,0.0,0,1422.3084730023706,1887.727336822828,465.4188638204573,655.072103804036,2878.7385710064023,2878.7385710064023,4600.53937750562,3840.0,0.0,0.0,0.0,0.0,0.0,0.0,0.0
20260807,16.0,static_zone,640.0,100000.0,7569589037.0,2699.699229656205,37.04116329015458,0.2130116628812148,0.9210580583564589,11452.098467402953,0.0,0.0,0.0,1704.9559923410634,0.07894194164354108,0.0,0.0,0.0,2275.929433359496,2699.699229656205,423.7697962967086,3201.3442274295057,4125.377119986726,4125.377119986726,4600.53937750562,3840.0,0.0,0.0,0.0,0.0,0.0,0.0,0.0
20260807,16.0,no_zone_coordinated,640.0,100000.0,7569589037.0,3527.1751846957463,28.35129948574584,0.16303908710953594,0.9896601379908948,16424.81974601905,2824.4644624961757,1026.0,235.81385401156183,291.7640375335541,0.010339862009105227,482.0,0.753125,827.0,3450.174117442461,3527.1751846957463,77.00106725328533,7148.065506045616,4125.377119986726,4125.377119986726,4600.53937750562,3840.0,1755.875905000189,316.54718635921495,1598.985015488205,109.67260507676716,63.385335387056344,5.998415184742953,0.0
20260807,16.0,no_zone_virtual_ideal,640,100000,7569589037,2223.391650240311,44.97633153798689,0.2586442303703207,0.9874064169630395,9110.287426883428,0.0,0.0,12.302658565551383,224.00373896788733,0.012593583036960466,0,0.0,0,1629.7665162993974,2223.391650240311,593.6251339409134,823.5331869099673,4143.377119986726,4143.377119986726,4600.53937750562,3840.0,0.0,0.0,0.0,0.0,0.0,0.0,0.0
20260807,32.0,static_zone,640.0,100000.0,7569589037.0,3603.699208778981,27.74926379992807,0.1595769760104506,0.9219870760596696,18139.973394499793,0.0,0.0,0.0,2249.080898226428,0.07801292394033041,0.0,0.0,0.0,3021.45949637745,3603.699208778981,582.239712401531,4870.959761862316,6634.506816318734,6634.506816318734,4600.53937750562,3840.0,0.0,0.0,0.0,0.0,0.0,0.0,0.0
20260807,32.0,no_zone_coordinated,640.0,100000.0,7569589037.0,4427.301824721012,22.58712054408026,0.12989117185938448,0.98252003907445,23791.212742010634,2366.7646461469485,1656.0,200.785328890964,619.1125032139171,0.017479960925550028,460.0,0.71875,743.0,4266.772946263777,4427.301824721012,160.5288784572349,8866.199109373165,6634.506816318734,6634.506816318734,4600.53937750562,3840.0,1570.9336157459534,240.14724113567556,1996.8724555429171,115.64649746251615,58.46894844783708,40.69588781204956,0.0
20260807,32.0,no_zone_virtual_ideal,640,100000,7569589037,2928.755002121452,34.14420118021641,0.19635217755382428,0.9864764178145785,14639.447727052759,0.0,0.0,33.19484063600544,316.8580717772311,0.013523582185421539,0,0.0,0,1962.6207799336285,2928.755002121452,966.1342221878235,1178.4340944152661,6730.506816318734,6730.506816318734,4600.53937750562,3840.0,0.0,0.0,0.0,0.0,0.0,0.0,0.0
20260807,64.0,static_zone,640.0,100000.0,7569589037.0,5428.543036986338,18.421148974719213,0.10593402654636637,0.9191480379440781,31476.53807322221,0.0,0.0,0.0,3511.2668451628706,0.08085196205592197,0.0,0.0,0.0,4506.696626562973,5428.543036986338,921.8464104233653,8192.107997773219,11642.215037724494,11642.215037724494,4600.53937750562,3840.0,0.0,0.0,0.0,0.0,0.0,0.0,0.0
20260807,64.0,no_zone_coordinated,640.0,100000.0,7569589037.0,6147.394206118514,16.267055055696574,0.09354653417473004,0.9864471149490157,37660.55574388324,1960.5963181736086,2147.9999999999995,450.9427930767536,666.519416308889,0.013552885050984302,421.0,0.6578125,652.0,5969.670402392376,6147.394206118514,177.7238037261386,12228.125668434259,11642.215037724494,11642.215037724494,4600.53937750562,3840.0,1618.0721566723498,300.5413448182767,1999.2896842806058,108.94114279458299,80.34205789280372,1.4099317149893977,0.0
20260807,64.0,no_zone_virtual_ideal,640,100000,7569589037,4211.258397860078,23.74587131742244,0.13655477006122907,0.9900845199843683,24897.847851739898,0.0,0.0,17.6267657579576,334.0531878771435,0.00991548001563174,0,0.0,0,3333.6868781881517,4211.258397860078,877.5715196719261,1553.4177762908982,11672.215037724494,11672.215037724494,4600.53937750562,3840.0,0.0,0.0,0.0,0.0,0.0,0.0,0.0
20260808,4.0,static_zone,640.0,100000.0,7569589037.0,2154.6990536199046,46.410193494074974,0.2668899033589339,0.8533507911910473,6269.17375997555,0.0,0.0,0.0,2527.879291478066,0.14664920880895274,0.0,0.0,0.0,1650.695541859688,2154.6990536199046,504.0035117602165,1971.594651755021,2148.789554110264,2148.789554110264,4600.53937750562,3840.0,0.0,0.0,0.0,0.0,0.0,0.0,0.0
20260808,4.0,no_zone_coordinated,640.0,100000.0,7569589037.0,3033.068650114518,32.96990986215375,0.1895992107420617,0.9663887149717263,10673.794507244245,4009.0334907766905,672.0000000000003,325.6191461150153,815.5626792745643,0.03361128502827374,522.0,0.815625,941.0,2840.418013036429,3033.068650114518,192.65063707808895,5704.215399023719,2148.789554110264,2148.789554110264,4600.53937750562,3840.0,2748.1041582229277,342.5217554361528,1306.6326182761782,183.57658068331608,64.23026287025732,35.96811528785895,0.0
20260808,4.0,no_zone_virtual_ideal,640,100000,7569589037,1698.0158364717163,58.892265815252124,0.33867023489199444,0.9834398949983978,4867.58870438831,0.0,0.0,51.04404550895799,224.95456437084067,0.01656010500160224,0,0.0,0,1297.5528725682955,1698.0158364717163,400.4629639034208,486.0095961677791,2190.789554110264,2190.789554110264,4600.53937750562,3840.0,0.0,0.0,0.0,0.0,0.0,0.0,0.0
20260808,8.0,static_zone,640.0,100000.0,7569589037.0,2412.771926346741,41.446105580071695,0.2383430509567191,0.8539241430988768,8042.054220083715,0.0,0.0,0.0,2819.5818131845917,0.1460758569011232,0.0,0.0,0.0,1849.9290605476353,2412.771926346741,562.8428657991058,2432.873641750079,2804.590289166817,2804.590289166817,4600.53937750562,3840.0,0.0,0.0,0.0,0.0,0.0,0.0,0.0
20260808,8.0,no_zone_coordinated,640.0,100000.0,7569589037.0,3066.14352280317,32.61425933140164,0.18755398040286692,0.968337964074279,12214.382314606695,2928.583598986411,696.0000000000002,169.00012034734328,776.6427709792879,0.03166203592572109,502.0,0.784375,858.0,2866.42856144065,3066.14352280317,199.71496136252017,5909.201736273055,2804.590289166817,2804.590289166817,4600.53937750562,3840.0,1843.1067386230998,215.9160485387503,1368.2152465384856,157.1721722765574,25.431843724626447,14.741549284891505,0.0
20260808,8.0,no_zone_virtual_ideal,640,100000,7569589037,1873.1020983770295,53.38737279011439,0.3070133884781168,0.9882247388774078,6319.614629774761,0.0,0.0,48.21264919453279,176.4501305413196,0.011775261122592223,0,0.0,0,1347.4868627225676,1873.1020983770295,525.6152356544619,686.4340514411094,2816.590289166817,2816.590289166817,4600.53937750562,3840.0,0.0,0.0,0.0,0.0,0.0,0.0,0.0
20260808,16.0,static_zone,640.0,100000.0,7569589037.0,2907.0606263847817,34.39900740025499,0.19781748511497543,0.8548097223778764,11439.330118299426,0.0,0.0,0.0,3376.6155152732063,0.14519027762212353,0.0,0.0,0.0,2232.151808620178,2907.0606263847817,674.9088177646036,3288.4237443871893,4075.4531869561165,4075.4531869561165,4600.53937750562,3840.0,0.0,0.0,0.0,0.0,0.0,0.0,0.0
20260808,16.0,no_zone_coordinated,640.0,100000.0,7569589037.0,3467.93083140598,28.835638558413137,0.16582436332937392,0.9821278117190809,16093.828730833471,2493.530421309968,840.0000000000008,219.71201948604056,495.8361021127348,0.01787218828091906,478.0,0.746875,780.0,3342.1280672039316,3467.93083140598,125.80276420204837,7102.922356921234,4075.4531869561165,4075.4531869561165,4600.53937750562,3840.0,1450.3766678162908,257.9617318335993,1439.0987689084059,114.61397664557089,47.37651234807812,24.102763758023684,0.0
20260808,16.0,no_zone_virtual_ideal,640,100000,7569589037,2234.115819238584,44.76043683092549,0.257402690243782,0.9842324969730543,9097.088832149722,0.0,0.0,53.48692071419771,281.8114235391331,0.015767503026945694,0,0.0,0,1574.6556256317276,2234.115819238584,659.4601936068566,850.1824582374863,4123.453186956116,4123.453186956116,4600.53937750562,3840.0,0.0,0.0,0.0,0.0,0.0,0.0,0.0
20260808,32.0,static_zone,640.0,100000.0,7569589037.0,3885.738697361009,25.735132439017267,0.14799436271377658,0.8555801942952855,18155.94917984511,0.0,0.0,0.0,4489.421021537339,0.1444198057047145,0.0,0.0,0.0,2988.572153164117,3885.738697361009,897.1665441968921,4961.998902745057,6596.975138550024,6596.975138550024,4600.53937750562,3840.0,0.0,0.0,0.0,0.0,0.0,0.0,0.0
20260808,32.0,no_zone_coordinated,640.0,100000.0,7569589037.0,4353.8920893563,22.967955555091507,0.13208122993999696,0.9818642455071905,23324.197975007213,2179.879806366176,1445.9999999999986,254.83061180537382,631.6889441660096,0.018135754492809488,437.0,0.6828125,701.0,4191.446195810175,4353.8920893563,162.44589354612526,8684.24769790716,6596.975138550024,6596.975138550024,4600.53937750562,3840.0,1232.5309132843968,292.67609705576683,1854.2917763303371,112.42844435933547,77.7174368478536,56.23513848848506,0.0
20260808,32.0,no_zone_virtual_ideal,640,100000,7569589037,2916.2853458791105,34.29019733658989,0.19719175388677523,0.9881707028642268,14579.018336772759,0.0,0.0,34.74420564166326,275.98084711284173,0.011829297135773234,0,0.0,0,2178.0416880477474,2916.2853458791105,738.2436578313632,1265.0680596726968,6656.975138550024,6656.975138550024,4600.53937750562,3840.0,0.0,0.0,0.0,0.0,0.0,0.0,0.0
20260808,64.0,static_zone,640.0,100000.0,7569589037.0,5837.865968447419,17.12954708800809,0.09850644487152253,0.8562230218243769,31547.582546572306,0.0,0.0,0.0,6714.805823501418,0.14377697817562307,0.0,0.0,0.0,4495.868501577388,5837.865968447419,1341.9974668700306,8290.470897471656,11628.555824550329,11628.555824550329,4600.53937750562,3840.0,0.0,0.0,0.0,0.0,0.0,0.0,0.0
20260808,64.0,no_zone_coordinated,640.0,100000.0,7569589037.0,6197.071662735665,16.13665380074942,0.09279663903940441,0.9783957676997657,37413.30761761107,2005.9038054849232,2058.000000000001,645.7586950201819,1071.0638062635262,0.02160423230023434,422.0,0.659375,639.0,5929.731942971096,6197.071662735665,267.33971976456905,12098.195968510414,11628.555824550329,11628.555824550329,4600.53937750562,3840.0,1450.629836043143,223.76245403429766,2160.1144762069807,92.26643140389925,85.02085622890854,52.10975156769439,0.0
20260808,64.0,no_zone_virtual_ideal,640,100000,7569589037,4240.264299943684,23.58343558945798,0.13562065510771112,0.9872425205369085,25034.697125235958,0.0,0.0,14.117219011002902,432.7606777968904,0.012757479463091428,0,0.0,0,2682.73535400332,4240.264299943684,1557.5289459403639,1597.5854761352882,11718.555824550329,11718.555824550329,4600.53937750562,3840.0,0.0,0.0,0.0,0.0,0.0,0.0,0.0
20260809,4.0,static_zone,640.0,100000.0,7569589037.0,2050.1289182124046,48.777420342518894,0.28050305377362733,0.8992806844353646,6308.591316500657,0.0,0.0,0.0,1651.9006516929585,0.10071931556463541,0.0,0.0,0.0,1565.2842747891234,2050.1289182124046,484.84464342328124,1941.7436482613978,2183.42383411963,2183.42383411963,4600.53937750562,3840.0,0.0,0.0,0.0,0.0,0.0,0.0,0.0
20260809,4.0,no_zone_coordinated,640.0,100000.0,7569589037.0,3009.384052952066,33.22939121110336,0.19109140344652537,0.9778647994971158,10569.195668954788,4038.0888259533626,540.0000000000003,494.3419959845455,532.906555218211,0.022135200502884235,519.0,0.8109375,958.0,2868.69548465894,3009.384052952066,140.68856829312608,5662.348000715531,2183.42383411963,2183.42383411963,4600.53937750562,3840.0,2821.920980559612,419.73339654206643,1107.571587752521,120.50508912449912,84.17294522527621,24.184826749388108,0.0
20260809,4.0,no_zone_virtual_ideal,640,100000,7569589037,1747.1143108102656,57.2372393616435,0.32915271692869463,0.9553231692095028,4854.3375261176525,0.0,0.0,57.59333937303859,624.444243485812,0.04467683079049727,0,0.0,0,1335.0809297621101,1747.1143108102656,412.03338104815543,463.48985787838495,2195.42383411963,2195.42383411963,4600.53937750562,3840.0,0.0,0.0,0.0,0.0,0.0,0.0,0.0
20260809,8.0,static_zone,640.0,100000.0,7569589037.0,2282.4660203710314,43.81226231080727,0.2519500474730928,0.9059152070423429,8101.226041786662,0.0,0.0,0.0,1717.9627436759693,0.09408479295765715,0.0,0.0,0.0,1738.9137332744197,2282.4660203710314,543.5522870966117,2416.7929601542132,2842.2165408162195,2842.2165408162195,4600.53937750562,3840.0,0.0,0.0,0.0,0.0,0.0,0.0,0.0
20260809,8.0,no_zone_coordinated,640.0,100000.0,7569589037.0,3160.4144285600246,31.64141990250401,0.18195949777707485,0.9588173671802956,12520.592182532457,2867.737651080381,666.0000000000005,413.2127216058686,1041.233495755867,0.04118263281970439,470.0,0.734375,830.0,2905.671307398997,3160.4144285600246,254.74312116102737,6170.159100900028,2842.2165408162195,2842.2165408162195,4600.53937750562,3840.0,1801.2851051497048,260.353479047346,1239.048893109542,170.48899604518616,54.281568194645274,8.279609533957228,0.0
20260809,8.0,no_zone_virtual_ideal,640,100000,7569589037,2001.4078588137077,49.964828288059635,0.28733145003690636,0.9371601864715787,6491.157415031284,0.0,0.0,73.42130483539529,1006.1447731373628,0.0628398135284213,0,0.0,0,1543.2835254369816,2001.4078588137077,458.1243333767261,734.7243333988264,2878.2165408162195,2878.2165408162195,4600.53937750562,3840.0,0.0,0.0,0.0,0.0,0.0,0.0,0.0
20260809,16.0,static_zone,640.0,100000.0,7569589037.0,2722.4811975054886,36.731199499789525,0.21122916210224565,0.9172258556941991,11536.501790441096,0.0,0.0,0.0,1802.8084120971907,0.08277414430580086,0.0,0.0,0.0,2068.8889410551606,2722.4811975054886,653.592256450328,3301.8477541694147,4117.32701813584,4117.32701813584,4600.53937750562,3840.0,0.0,0.0,0.0,0.0,0.0,0.0,0.0
20260809,16.0,no_zone_coordinated,640.0,100000.0,7569589037.0,3572.3843333267473,27.992508831454874,0.16097579894285263,0.9579340447402898,16147.982787131998,2494.6560950442895,924.0000000000008,293.69033064236476,1202.2060762897017,0.042065955259710235,457.0,0.7140625,785.0,3271.760941960884,3572.3843333267473,300.6233913658634,6989.32875086031,4117.32701813584,4117.32701813584,4600.53937750562,3840.0,1447.5795505809156,283.5609610084345,1509.0114798083564,91.74729675481574,79.71823692297221,7.038569968795912,0.0
20260809,16.0,no_zone_virtual_ideal,640,100000,7569589037,2304.1220110296554,43.40047945434646,0.2495820184154308,0.9538618959048304,9106.367323076158,0.0,0.0,35.606818112598944,850.4625695428622,0.04613810409516961,0,0.0,0,1948.7768603574384,2304.1220110296554,355.34515067221696,847.713286804472,4129.32701813584,4129.32701813584,4600.53937750562,3840.0,0.0,0.0,0.0,0.0,0.0,0.0,0.0
20260809,32.0,static_zone,640.0,100000.0,7569589037.0,3620.2822181125794,27.62215594676335,0.15884602015585744,0.9243198048537355,18329.84904938452,0.0,0.0,0.0,2191.869318010489,0.07568019514626446,0.0,0.0,0.0,2719.260767027314,3620.2822181125794,901.0214510852652,5037.528276776159,6646.160386304174,6646.160386304174,4600.53937750562,3840.0,0.0,0.0,0.0,0.0,0.0,0.0,0.0
20260809,32.0,no_zone_coordinated,640.0,100000.0,7569589037.0,4513.852680929676,22.15402386136446,0.1274005739305081,0.9532619144983866,23412.959038813984,2009.7385991875287,1266.0000000000002,559.8337715864523,1687.7506603438233,0.04673808550161336,449.0,0.7015625,696.0,4099.672343034276,4513.852680929676,414.18033789540004,8854.638266205615,6646.160386304174,6646.160386304174,4600.53937750562,3840.0,1219.0746736278934,211.80686211502595,1632.0853135219038,113.55386418469205,81.50414066151734,17.713745076496423,0.0
20260809,32.0,no_zone_virtual_ideal,640,100000,7569589037,3064.8785190917,32.62772060200146,0.18763139178469898,0.9457515271631082,14672.70872539114,0.0,0.0,75.66021710628604,1330.1198327305538,0.054248472836891784,0,0.0,0,2408.57510675972,3064.8785190917,656.3034123319803,1200.3879527827776,6736.160386304174,6736.160386304174,4600.53937750562,3840.0,0.0,0.0,0.0,0.0,0.0,0.0,0.0
20260809,64.0,static_zone,640.0,100000.0,7569589037.0,5528.026877357123,18.08963708364035,0.10402760966009177,0.9116577534704626,31876.809135580228,0.0,0.0,0.0,3906.8665057711332,0.08834224652953737,0.0,0.0,0.0,4015.3545705420293,5528.026877357123,1512.672306815094,8488.92647653568,11693.941329522275,11693.941329522275,4600.53937750562,3840.0,0.0,0.0,0.0,0.0,0.0,0.0,0.0
20260809,64.0,no_zone_coordinated,640.0,100000.0,7569589037.0,6431.972585593407,15.547329947267508,0.08940762954684559,0.9498449948848899,37673.970405858476,2001.6580276390607,1920.0000000000002,758.8479302986243,2580.7649434454797,0.050155005115110056,428.0,0.66875,657.0,5796.560502454641,6431.972585593407,635.4120831387654,12366.087746813906,11693.941329522275,11693.941329522275,4600.53937750562,3840.0,1352.6180854475438,284.54038677635947,1973.1589639052363,164.24406486243566,85.90669423952949,61.189832407956146,0.0
20260809,64.0,no_zone_virtual_ideal,640,100000,7569589037,4462.399944923092,22.409466034923827,0.12886953865317735,0.938661313845734,25051.412421750312,0.0,0.0,17.505762397195667,2189.7419977316094,0.061338686154265944,0,0.0,0,3633.3321824241316,4462.399944923092,829.0677624989607,1579.529762705765,11735.941329522275,11735.941329522275,4600.53937750562,3840.0,0.0,0.0,0.0,0.0,0.0,0.0,0.0
20260810,4.0,static_zone,640.0,100000.0,7569589037.0,2040.6946061197905,49.00292268138132,0.2817998442606976,0.9094366433865865,6406.5202446279345,0.0,0.0,0.0,1478.4972268247675,0.09056335661341347,0.0,0.0,0.0,1675.664985431933,2040.6946061197905,365.02962068785746,1921.7735006572746,2242.373371985326,2242.373371985326,4600.53937750562,3840.0,0.0,0.0,0.0,0.0,0.0,0.0,0.0
20260810,4.0,no_zone_coordinated,640.0,100000.0,7569589037.0,3097.812328755296,32.28084512149259,0.1856366239007336,0.9711977205259709,11049.4649376236,4015.246889123606,486.0000000000004,563.4549741823201,713.7924516072235,0.028802279474029094,521.0,0.8140625,955.0,2892.5396721568723,3097.812328755296,205.27265659842396,6078.718193652952,2242.373371985326,2242.373371985326,4600.53937750562,3840.0,2811.5986249062885,317.67177585850266,1070.6011741747186,229.40841741139212,50.58577373668143,21.38112303602327,0.0
20260810,4.0,no_zone_virtual_ideal,640,100000,7569589037,1724.7753119489184,57.97856642962062,0.3334158473884939,0.9745448417649362,4950.906266913297,0.0,0.0,55.52142328769901,351.2354278847306,0.025455158235063845,0,0.0,0,1252.5695346384143,1724.7753119489184,472.2057773105041,454.1595229426404,2248.373371985326,2248.373371985326,4600.53937750562,3840.0,0.0,0.0,0.0,0.0,0.0,0.0,0.0
20260810,8.0,static_zone,640.0,100000.0,7569589037.0,2293.4643699997387,43.60215981903891,0.2507418164897273,0.9101140630143216,8257.974031766727,0.0,0.0,0.0,1649.20155072556,0.08988593698567836,0.0,0.0,0.0,1883.5577707040068,2293.4643699997387,409.9065992957319,2405.6982106014652,2926.1379105826254,2926.1379105826254,4600.53937750562,3840.0,0.0,0.0,0.0,0.0,0.0,0.0,0.0
20260810,8.0,no_zone_coordinated,640.0,100000.0,7569589037.0,3184.29947228124,31.40408145354487,0.18059464167678388,0.9739925269419205,13190.452484141528,2752.0967352726384,702.0000000000005,428.7825194564437,662.5246618736892,0.02600747305807951,483.0,0.7546875,830.0,3011.052264373578,3184.29947228124,173.24720790766196,6636.176662976278,2926.1379105826254,2926.1379105826254,4600.53937750562,3840.0,1755.05815206913,209.25558413033593,1284.3778065116558,143.46135576730165,52.11377325414941,9.830063540066135,0.0
20260810,8.0,no_zone_virtual_ideal,640,100000,7569589037,1943.7347722276163,51.44734838765839,0.2958569401570909,0.9696442545842265,6589.589532253568,0.0,0.0,47.721124849518446,472.02814321222286,0.03035574541577342,0,0.0,0,1172.423597195418,1943.7347722276163,771.3111750321982,713.3137110882996,2938.1379105826254,2938.1379105826254,4600.53937750562,3840.0,0.0,0.0,0.0,0.0,0.0,0.0,0.0
20260810,16.0,static_zone,640.0,100000.0,7569589037.0,2779.4101948351026,35.978856300457956,0.20690268145984128,0.9112497897595452,11821.356268086573,0.0,0.0,0.0,1973.3859130886303,0.0887502102404548,0.0,0.0,0.0,2284.6941418361102,2779.4101948351026,494.7160529989924,3310.2019000906757,4255.57718399795,4255.57718399795,4600.53937750562,3840.0,0.0,0.0,0.0,0.0,0.0,0.0,0.0
20260810,16.0,no_zone_coordinated,640.0,100000.0,7569589037.0,3602.7038379783035,27.75693048810698,0.15962106463652811,0.9673340295500172,16741.918621240668,2390.9916172185854,888.0,306.6945509700435,941.4865368915089,0.03266597044998273,455.0,0.7109375,763.0,3377.587033374174,3602.7038379783035,225.11680460412936,7342.764253244771,4255.57718399795,4255.57718399795,4600.53937750562,3840.0,1458.953993902246,231.44485800188448,1399.1356360347631,133.23423222355763,45.54532255853898,10.677574497594833,0.0
20260810,16.0,no_zone_virtual_ideal,640,100000,7569589037,2342.366121863804,42.69187428326991,0.2455070609246285,0.9711969009644541,9678.00810789744,0.0,0.0,80.64226242296309,539.7392270844066,0.028803099035545943,0,0.0,0,1657.6150867552121,2342.366121863804,684.7510351085919,914.8537399015348,4381.57718399795,4381.57718399795,4600.53937750562,3840.0,0.0,0.0,0.0,0.0,0.0,0.0,0.0
20260810,32.0,static_zone,640.0,100000.0,7569589037.0,3742.2169344604517,26.722128019662193,0.1536702527565028,0.912377290538903,18873.970600668992,0.0,0.0,0.0,2623.225497509,0.08762270946109693,0.0,0.0,0.0,3077.085988368253,3742.2169344604517,665.1309460921989,5085.113424700394,6894.428587984296,6894.428587984296,4600.53937750562,3840.0,0.0,0.0,0.0,0.0,0.0,0.0,0.0
20260810,32.0,no_zone_coordinated,640.0,100000.0,7569589037.0,4554.594432372,21.955851719583457,0.12626095050327293,0.9639018175483529,24337.490781251825,1950.752396356979,1421.9999999999995,392.672257357407,1315.3006465041617,0.03609818245164704,448.0,0.7,701.0,4234.068164526031,4554.594432372,320.5262678459685,9126.633605283232,6894.428587984296,6894.428587984296,4600.53937750562,3840.0,1239.7232554907414,261.22976011211574,1717.1151451869678,103.12623514539715,32.94810473454867,18.60989568720811,0.0
20260810,32.0,no_zone_virtual_ideal,640,100000,7569589037,3016.5907971481383,33.1500049972105,0.19063487919271874,0.9741726742891268,15029.863726939973,0.0,0.0,39.03948830457068,623.2837844349415,0.02582732571087323,0,0.0,0,2020.8478948984912,3016.5907971481383,995.7429022496472,1145.006550971357,6942.428587984296,6942.428587984296,4600.53937750562,3840.0,0.0,0.0,0.0,0.0,0.0,0.0,0.0
20260810,64.0,static_zone,640.0,100000.0,7569589037.0,5662.749099695615,17.659267299230194,0.1015526932350075,0.913441479891185,32940.17996552187,0.0,0.0,0.0,3921.2734545374187,0.08655852010881508,0.0,0.0,0.0,4656.39754987623,5662.749099695615,1006.3515498193847,8616.617035129095,12161.781465196385,12161.781465196385,4600.53937750562,3840.0,0.0,0.0,0.0,0.0,0.0,0.0,0.0
20260810,64.0,no_zone_coordinated,640.0,100000.0,7569589037.0,6435.912070297638,15.537813274595493,0.0893529022626329,0.9608231056836927,38676.886553643104,1635.1948587137776,1751.9999999999995,717.5633964618031,2017.1123760567789,0.039176894316307345,404.0,0.63125,615.0,5915.230215105646,6435.912070297638,520.6818551919923,12601.323623250328,12161.781465196385,12161.781465196385,4600.53937750562,3840.0,1035.649807430223,284.941100086436,1858.0309060990667,106.84901933483943,79.22856288312437,22.49546288008787,0.0
20260810,64.0,no_zone_virtual_ideal,640,100000,7569589037,4495.923702881311,22.242370335580386,0.1279086257223756,0.9627586841312608,26165.138793315553,0.0,0.0,22.238534303279266,1339.4729179260394,0.0372413158687393,0,0.0,0,3778.4000208087496,4495.923702881311,717.5236820725618,1661.5758629227796,12251.781465196385,12251.781465196385,4600.53937750562,3840.0,0.0,0.0,0.0,0.0,0.0,0.0,0.0
20260811,4.0,static_zone,640.0,100000.0,7569589037.0,1949.7990736498296,51.287335885748455,0.2949367603871786,0.9448239911118979,6297.196163551285,0.0,0.0,0.0,860.6570481417311,0.05517600888810218,0.0,0.0,0.0,1688.2053252771282,1949.7990736498296,261.5937483727014,1932.895197301772,2182.150483124755,2182.150483124755,4600.53937750562,3840.0,0.0,0.0,0.0,0.0,0.0,0.0,0.0
20260811,4.0,no_zone_coordinated,640.0,100000.0,7569589037.0,3242.069170727939,30.844499217623753,0.17737666653764936,0.9266294558292508,11097.351697210055,4180.983086658463,678.0000000000008,314.7001700852214,1902.979034364147,0.07337054417074917,508.0,0.79375,933.0,2770.918351093512,3242.069170727939,471.1508196344271,6055.050730960552,2182.150483124755,2182.150483124755,4600.53937750562,3840.0,2848.0123956458565,347.4506686716929,1417.9921457739893,190.38114421220666,38.465702863597755,16.681029491121535,0.0
20260811,4.0,no_zone_virtual_ideal,640,100000,7569589037,1760.425816937328,56.80443847044539,0.32666382000047417,0.9587254773804468,4996.263225660408,0.0,0.0,65.31805072278928,581.2858816098014,0.04127452261955321,0,0.0,0,1187.8456973570553,1760.425816937328,572.5801195802726,523.962259410891,2236.150483124755,2236.150483124755,4600.53937750562,3840.0,0.0,0.0,0.0,0.0,0.0,0.0,0.0
20260811,8.0,static_zone,640.0,100000.0,7569589037.0,2186.1376824475874,45.74277311209446,0.2630517861731199,0.9456484314461929,8098.001985150191,0.0,0.0,0.0,950.5600969248881,0.05435156855380709,0.0,0.0,0.0,1885.7401939253873,2186.1376824475874,300.3974885222001,2404.856692119192,2846.5726465154985,2846.5726465154985,4600.53937750562,3840.0,0.0,0.0,0.0,0.0,0.0,0.0,0.0
20260811,8.0,no_zone_coordinated,640.0,100000.0,7569589037.0,3291.1863574347644,30.38418039564997,0.1747295229542776,0.9381079420492648,13000.645632026442,2805.255502589178,642.0000000000002,453.4639732686977,1629.5863740881723,0.0618920579507352,481.0,0.7515625,814.0,2889.2370338914943,3291.1863574347644,401.9493235432701,6665.50033899546,2846.5726465154985,2846.5726465154985,4600.53937750562,3840.0,1893.6195978504315,261.6111819229571,1137.9952909951442,99.29032468871172,48.40831061424032,6.330796517693216,0.0
20260811,8.0,no_zone_virtual_ideal,640,100000,7569589037,1942.9419114622647,51.46834262519957,0.29597767117772716,0.9601807038696265,6394.8147330620595,0.0,0.0,89.2485464373957,618.9326346930393,0.039819296130373535,0,0.0,0,1437.3304399621381,1942.9419114622647,505.6114715001265,641.6694400310487,2876.5726465154985,2876.5726465154985,4600.53937750562,3840.0,0.0,0.0,0.0,0.0,0.0,0.0,0.0
20260811,16.0,static_zone,640.0,100000.0,7569589037.0,2640.3645389064786,37.873558187315886,0.21779849475874646,0.9464908839608825,11552.108353762867,0.0,0.0,0.0,1130.2685799833416,0.05350911603911749,0.0,0.0,0.0,2262.527191291395,2640.3645389064786,377.8373476150837,3281.7482744410077,4135.1800396609315,4135.1800396609315,4600.53937750562,3840.0,0.0,0.0,0.0,0.0,0.0,0.0,0.0
20260811,16.0,no_zone_coordinated,640.0,100000.0,7569589037.0,3581.8029548671307,27.91890041413782,0.16055250091487394,0.962852598836573,16484.38396102991,2434.1689527032663,684.0000000000003,230.89397767586266,1064.4373700223805,0.03714740116342701,465.0,0.7265625,752.0,3336.733457413627,3581.8029548671307,245.06949745350357,7530.023881708049,4135.1800396609315,4135.1800396609315,4600.53937750562,3840.0,1459.4246348577358,239.9928675557493,1284.3812508830642,64.94989333680499,41.13411418867008,28.286191881242303,0.0
20260811,16.0,no_zone_virtual_ideal,640,100000,7569589037,2300.6349967464666,43.466260463488965,0.24996030356899587,0.9670296827420569,9308.803726501812,0.0,0.0,48.91554406463729,606.821325899662,0.03297031725794304,0,0.0,0,1503.2306861924562,2300.6349967464666,797.4043105540104,906.4436471799484,4201.1800396609315,4201.1800396609315,4600.53937750562,3840.0,0.0,0.0,0.0,0.0,0.0,0.0,0.0
20260811,32.0,static_zone,640.0,100000.0,7569589037.0,3539.028526801812,28.256341886672807,0.1624930168923748,0.9475269728427202,18386.060516930796,0.0,0.0,0.0,1485.6283199780737,0.05247302715727975,0.0,0.0,0.0,3007.120756341846,3539.028526801812,531.9077704599658,4999.896525801841,6693.081995564468,6693.081995564468,4600.53937750562,3840.0,0.0,0.0,0.0,0.0,0.0,0.0,0.0
20260811,32.0,no_zone_coordinated,640.0,100000.0,7569589037.0,4541.878014614271,22.017324040459226,0.1266144577942924,0.9615117367310889,23952.920772500576,2163.6772459534836,1224.0000000000002,379.4147468604569,1398.4719740940272,0.038488263268911124,439.0,0.6859375,667.0,4209.628760367696,4541.878014614271,332.2492542465752,9342.75678137163,6693.081995564468,6693.081995564468,4600.53937750562,3840.0,1360.9938491971302,292.55256412860166,1517.469154619001,126.38767415557697,50.93251454215738,39.34148931101652,0.0
20260811,32.0,no_zone_virtual_ideal,640,100000,7569589037,2982.70399850621,33.526625521701696,0.19280070113434195,0.974166480255208,14782.132975516364,0.0,0.0,22.52969392145519,616.429941106242,0.02583351974479201,0,0.0,0,1979.2888294638135,2982.70399850621,1003.4151690423967,1215.9689843874105,6783.081995564468,6783.081995564468,4600.53937750562,3840.0,0.0,0.0,0.0,0.0,0.0,0.0,0.0
20260811,64.0,static_zone,640.0,100000.0,7569589037.0,5330.786566939741,18.75895775309708,0.1078766547801094,0.9486155495614385,32014.396852832582,0.0,0.0,0.0,2191.3563051797173,0.05138445043856153,0.0,0.0,0.0,4492.019607675409,5330.786566939741,838.7669592643315,8417.409514855695,11798.49366898844,11798.49366898844,4600.53937750562,3840.0,0.0,0.0,0.0,0.0,0.0,0.0,0.0
20260811,64.0,no_zone_coordinated,640.0,100000.0,7569589037.0,6321.164151704318,15.819870770645611,0.09097492303425668,0.9697581536207909,38007.34466141607,1959.5574821019377,1746.0,632.5622909020688,1529.3094017088442,0.03024184637920909,430.0,0.671875,621.0,5960.322468034118,6321.164151704318,360.8416836701999,12664.357323439188,11798.49366898844,11798.49366898844,4600.53937750562,3840.0,1390.6855273275855,261.15613870967576,1839.0401565538755,82.14539574058574,71.62869963201041,60.901564138204776,0.0
20260811,64.0,no_zone_virtual_ideal,640,100000,7569589037,4325.63246912361,23.11800660684896,0.1329441246553047,0.9741661542303133,25256.97444408882,0.0,0.0,13.564154884927802,893.9817765095067,0.025833845769686687,0,0.0,0,2901.3612602200074,4325.63246912361,1424.2712089036022,1599.9871061119293,11828.49366898844,11828.49366898844,4600.53937750562,3840.0,0.0,0.0,0.0,0.0,0.0,0.0,0.0
20260812,4.0,static_zone,640.0,100000.0,7569589037.0,2011.5368679091773,49.71323250164515,0.2858846046336384,0.9067201151515931,6150.668146512653,0.0,0.0,0.0,1501.0874192551455,0.09327988484840692,0.0,0.0,0.0,1534.46187608379,2011.5368679091773,477.0749918253873,1910.1873473551473,2120.240399578755,2120.240399578755,4600.53937750562,3840.0,0.0,0.0,0.0,0.0,0.0,0.0,0.0
20260812,4.0,no_zone_coordinated,640.0,100000.0,7569589037.0,2932.7762672986196,34.09738448685348,0.19608295000214843,0.9950369899506595,10653.217005164632,3890.5772802959705,576.0000000000005,361.4332907261689,116.44318469656355,0.004963010049340525,502.0,0.784375,898.0,2871.07624645009,2932.7762672986196,61.700020848529675,5836.736206007131,2120.240399578755,2120.240399578755,4600.53937750562,3840.0,2696.7971155677246,262.8553957955876,1243.8319842489082,143.06743039234428,87.09938189263877,32.92597239876724,0.0
20260812,4.0,no_zone_virtual_ideal,640,100000,7569589037,1679.5472255125087,59.53985602845154,0.34239431523738334,0.982410894882759,4717.003832192321,0.0,0.0,42.500732810848035,236.33386159127986,0.017589105117240995,0,0.0,0,1149.5430307420015,1679.5472255125087,530.0041947705072,476.5230330348054,2120.240399578755,2120.240399578755,4600.53937750562,3840.0,0.0,0.0,0.0,0.0,0.0,0.0,0.0
20260812,8.0,static_zone,640.0,100000.0,7569589037.0,2249.9547381124557,44.445338524406296,0.2555906625351234,0.9116050240709482,7968.020968058775,0.0,0.0,0.0,1591.0775593352519,0.08839497592905177,0.0,0.0,0.0,1732.2635963426321,2249.9547381124557,517.6911417698236,2389.5630677912845,2789.228950133746,2789.228950133746,4600.53937750562,3840.0,0.0,0.0,0.0,0.0,0.0,0.0,0.0
20260812,8.0,no_zone_coordinated,640.0,100000.0,7569589037.0,3035.1638830677766,32.94715008895187,0.18946832670101366,0.9916540044903026,12517.262979389108,2778.904159434319,744.0000000000001,341.952835098926,202.65171311423546,0.008345995509697415,485.0,0.7578125,791.0,2960.4462839528005,3035.1638830677766,74.71759911497611,6194.805079121627,2789.228950133746,2789.228950133746,4600.53937750562,3840.0,1760.1555176894296,287.957950639908,1321.209131087279,99.2020979099357,35.016434179889444,19.36302792787735,0.0
20260812,8.0,no_zone_virtual_ideal,640,100000,7569589037,1891.2766935775282,52.87433633565302,0.30406308296455986,0.9740631504680846,6247.4034004569,0.0,0.0,49.840698461395164,392.4300721963118,0.025936849531915482,0,0.0,0,1288.4294917405157,1891.2766935775282,602.8472018370126,632.9455001893938,2807.228950133746,2807.228950133746,4600.53937750562,3840.0,0.0,0.0,0.0,0.0,0.0,0.0,0.0
20260812,16.0,static_zone,640.0,100000.0,7569589037.0,2711.5774821958485,36.87890191469636,0.21207855057216007,0.9174737044933562,11461.86892338232,0.0,0.0,0.0,1790.2115566788452,0.08252629550664377,0.0,0.0,0.0,2113.116387404424,2711.5774821958485,598.4610947914243,3285.8052145182473,4088.031854432037,4088.031854432037,4600.53937750562,3840.0,0.0,0.0,0.0,0.0,0.0,0.0,0.0
20260812,16.0,no_zone_coordinated,640.0,100000.0,7569589037.0,3448.648954953304,28.99686262829672,0.16675151043200032,0.9893804886383948,16336.353189017691,2189.945665683624,984.0000000000007,329.36967334497433,292.983734074518,0.01061951136160527,436.0,0.68125,716.0,3341.775295277526,3448.648954953304,106.87365967577807,7176.289480153621,4088.031854432037,4088.031854432037,4600.53937750562,3840.0,1343.1236558781122,289.5167228081457,1390.8616409929127,99.45581304736322,38.12534837959794,12.862484577493092,0.0
20260812,16.0,no_zone_virtual_ideal,640,100000,7569589037,2256.377912671538,44.31881709106104,0.2548630789898692,0.975421157693471,9132.652873702757,0.0,0.0,34.15779496801929,443.6732551959103,0.024578842306528997,0,0.0,0,1544.0699453933196,2256.377912671538,712.3079672782185,860.5891648386779,4136.031854432037,4136.031854432037,4600.53937750562,3840.0,0.0,0.0,0.0,0.0,0.0,0.0,0.0
20260812,32.0,static_zone,640.0,100000.0,7569589037.0,3654.525474747296,27.363333677928413,0.1573576176064193,0.9170679063232237,18371.04482834548,0.0,0.0,0.0,2424.6195921272665,0.08293209367677636,0.0,0.0,0.0,2867.889729949904,3654.525474747296,786.6357447973919,5041.622538558954,6664.711144893256,6664.711144893256,4600.53937750562,3840.0,0.0,0.0,0.0,0.0,0.0,0.0,0.0
20260812,32.0,no_zone_coordinated,640.0,100000.0,7569589037.0,4330.997729554346,23.089367911141775,0.1327794328461532,0.9913569210225687,23475.498747899685,2091.580046825694,1296.0,340.898420782844,299.4652434209129,0.008643078977431358,432.0,0.675,653.0,4211.119638179288,4330.997729554346,119.87809137505792,8850.076458113168,6664.711144893256,6664.711144893256,4600.53937750562,3840.0,1256.3967445392227,205.07645026195775,1772.5133093821673,59.742729104275696,63.45792017290739,30.392893365163218,0.0
20260812,32.0,no_zone_virtual_ideal,640,100000,7569589037,2945.6217847989224,33.94868971843455,0.1952278548304729,0.9771344733576115,14577.793048021624,0.0,0.0,7.816305674377418,538.8255471897573,0.02286552664238848,0,0.0,0,2043.637149063541,2945.6217847989224,901.9846357353813,1176.3707582350908,6700.711144893256,6700.711144893256,4600.53937750562,3840.0,0.0,0.0,0.0,0.0,0.0,0.0,0.0
20260812,64.0,static_zone,640.0,100000.0,7569589037.0,5535.242603099702,18.066055486709942,0.1038919995785133,0.9165770619997043,32147.27184333214,0.0,0.0,0.0,3694.129603959853,0.08342293800029565,0.0,0.0,0.0,4373.93600773476,5535.242603099702,1161.306595364942,8532.006893051579,11807.632475140275,11807.632475140275,4600.53937750562,3840.0,0.0,0.0,0.0,0.0,0.0,0.0,0.0
20260812,64.0,no_zone_coordinated,640.0,100000.0,7569589037.0,6165.980861909733,16.218019847863737,0.09326454866908125,0.990060329320203,37850.76665239769,1978.3241291701502,1986.0,567.9141827218881,490.3025534825065,0.009939670679796953,410.0,0.640625,597.0,5997.636360157765,6165.980861909733,168.34450175196798,12249.50170211714,11807.632475140275,11807.632475140275,4600.53937750562,3840.0,1469.9751241845886,336.6271423459121,1973.7475658689773,121.59854713894069,54.47682467280356,7.898924958927921,0.0
20260812,64.0,no_zone_virtual_ideal,640,100000,7569589037,4264.451240524319,23.449676021551813,0.13485144740862307,0.9876786059587608,25247.105112272493,0.0,0.0,7.613561583226641,420.35187283321284,0.012321394041239235,0,0.0,0,3953.6852589820755,4264.451240524319,310.765981542243,1571.8401619919289,11837.632475140275,11837.632475140275,4600.53937750562,3840.0,0.0,0.0,0.0,0.0,0.0,0.0,0.0
20260813,4.0,static_zone,640.0,100000.0,7569589037.0,2011.2284769438747,49.720855261533075,0.28592844064242556,0.9111171626208646,6219.178888857469,0.0,0.0,0.0,1430.1095491879078,0.08888283737913534,0.0,0.0,0.0,1618.915363126238,2011.2284769438747,392.3131138176368,1913.8631041948051,2152.657892331334,2152.657892331334,4600.53937750562,3840.0,0.0,0.0,0.0,0.0,0.0,0.0,0.0
20260813,4.0,no_zone_coordinated,640.0,100000.0,7569589037.0,3145.8303498425535,31.788109617864464,0.1828030625418132,0.9818175984063111,11350.762050977704,4395.616498583732,755.9999999999999,522.1348655417573,457.590006131617,0.01818240159368889,512.0,0.8,914.0,3045.5030092164347,3145.8303498425535,100.32734062611871,6289.44626631503,2152.657892331334,2152.657892331334,4600.53937750562,3840.0,3100.0859096006648,344.27161841503823,1423.9686452003468,153.23516865122372,90.67034045761268,39.38481625884543,0.0
20260813,4.0,no_zone_virtual_ideal,640,100000,7569589037,1703.069292130508,58.717516933736654,0.33766531100376057,0.9778095989247825,4793.384543697807,0.0,0.0,88.29609063053624,302.3343252101022,0.02219040107521752,0,0.0,0,1479.0513325556044,1703.069292130508,224.01795957490367,476.0687590351355,2158.657892331334,2158.657892331334,4600.53937750562,3840.0,0.0,0.0,0.0,0.0,0.0,0.0,0.0
20260813,8.0,static_zone,640.0,100000.0,7569589037.0,2256.5778156452557,44.31489102954137,0.2548405014890945,0.9111139548077648,8007.45692604651,0.0,0.0,0.0,1604.6262216099167,0.0888860451922352,0.0,0.0,0.0,1815.8195262674417,2256.5778156452557,440.758289377814,2383.3541763064604,2812.0513748700273,2812.0513748700273,4600.53937750562,3840.0,0.0,0.0,0.0,0.0,0.0,0.0,0.0
20260813,8.0,no_zone_coordinated,640.0,100000.0,7569589037.0,3131.9449764910446,31.9290411391702,0.1836135138084367,0.9922254824893615,12976.043195429509,3117.0180193948804,588.0000000000002,327.16433110166275,194.79488849668633,0.007774517510638461,491.0,0.7671875,830.0,3072.956848399393,3131.9449764910446,58.98812809165156,6763.940445689464,2812.0513748700273,2812.0513748700273,4600.53937750562,3840.0,1954.2095789901925,252.37104702225287,1269.8147504483547,153.31537716349794,61.10477181491815,14.202493955664409,0.0
20260813,8.0,no_zone_virtual_ideal,640,100000,7569589037,1896.0231973601612,52.74197074130227,0.3033018915532628,0.9860621119126416,6422.053693562732,0.0,0.0,94.18003472620774,211.41247308673155,0.013937888087358435,0,0.0,0,1269.551548850861,1896.0231973601612,626.4716485093002,725.9509438226645,2848.0513748700273,2848.0513748700273,4600.53937750562,3840.0,0.0,0.0,0.0,0.0,0.0,0.0,0.0
20260813,16.0,static_zone,640.0,100000.0,7569589037.0,2727.673404574766,36.66128057423708,0.2108270811394494,0.910784936306746,11434.051406904247,0.0,0.0,0.0,1946.796452188264,0.08921506369325409,0.0,0.0,0.0,2193.774407495682,2727.673404574766,533.898997079084,3254.330152917199,4089.8606269935244,4089.8606269935244,4600.53937750562,3840.0,0.0,0.0,0.0,0.0,0.0,0.0,0.0
20260813,16.0,no_zone_coordinated,640.0,100000.0,7569589037.0,3529.4824754458273,28.33276569459903,0.16293250531455397,0.9826784265394283,16389.268393463444,2521.4288021201687,834.0000000000007,395.533710667502,489.0895198098842,0.01732157346057175,459.0,0.7171875,751.0,3393.2981428527105,3529.4824754458273,136.18433259311678,7375.547139476392,4089.8606269935244,4089.8606269935244,4600.53937750562,3840.0,1396.028707122656,206.85600623561174,1535.2884017139345,151.62875561050043,37.15074753639527,28.476183901071607,0.0
20260813,16.0,no_zone_virtual_ideal,640,100000,7569589037,2261.663307209139,44.21524622221448,0.2542674766642553,0.9819614949726876,9258.062090715206,0.0,0.0,68.32878995484555,326.3761994974411,0.018038505027312444,0,0.0,0,1547.4493972400567,2261.663307209139,714.2139099690824,970.3408367281567,4143.860626993524,4143.860626993524,4600.53937750562,3840.0,0.0,0.0,0.0,0.0,0.0,0.0,0.0
20260813,32.0,static_zone,640.0,100000.0,7569589037.0,3661.155925326133,27.313777954183166,0.15707263878333066,0.9100085065829561,18212.92491028138,0.0,0.0,0.0,2635.783114822065,0.08999149341704393,0.0,0.0,0.0,2941.5682253333903,3661.155925326133,719.5876999927427,4961.118865089786,6625.903022595798,6625.903022595798,4600.53937750562,3840.0,0.0,0.0,0.0,0.0,0.0,0.0,0.0
20260813,32.0,no_zone_coordinated,640.0,100000.0,7569589037.0,4384.108347308928,22.809655254387682,0.13117089648142316,0.9853355028046007,23593.988230105737,2086.7868395473415,1482.0,437.2263748052268,514.3259565075059,0.014664497195399254,440.0,0.6875,684.0,4213.200777646472,4384.108347308928,170.9075696624568,8860.182184914127,6625.903022595798,6625.903022595798,4600.53937750562,3840.0,1336.5304799377373,246.38348472807414,1787.1777355901004,109.5086003852355,36.978951993324415,52.20758691286997,0.0
20260813,32.0,no_zone_virtual_ideal,640,100000,7569589037,2960.170687236455,33.78183576750354,0.19426833211603486,0.9784626893395161,14680.759860270033,0.0,0.0,50.0333345234269,510.03292559255715,0.021537310660483897,0,0.0,0,1974.604908524669,2960.170687236455,985.5657787117857,1212.953815078419,6733.903022595798,6733.903022595798,4600.53937750562,3840.0,0.0,0.0,0.0,0.0,0.0,0.0,0.0
20260813,64.0,static_zone,640.0,100000.0,7569589037.0,5523.688978470418,18.103843353557412,0.10410930529029291,0.9091346378480534,31733.67645471028,0.0,0.0,0.0,4015.2959955474435,0.09086536215194659,0.0,0.0,0.0,4427.291069154021,5523.688978470418,1096.397909316397,8356.542514373625,11688.56697016833,11688.56697016833,4600.53937750562,3840.0,0.0,0.0,0.0,0.0,0.0,0.0,0.0
20260813,64.0,no_zone_coordinated,640.0,100000.0,7569589037.0,6184.838316892266,16.168571412267347,0.09298018682518464,0.9851348665422758,37820.86041687233,1790.8553220411977,1938.0000000000002,690.9438427585736,735.5075759604006,0.014865133457724234,391.0,0.6109375,563.0,5941.547058767217,6184.838316892266,243.29125812504935,12505.72647653568,11688.56697016833,11688.56697016833,4600.53937750562,3840.0,1141.23096921927,398.2056140247742,1982.172751918791,87.63649853692658,81.01465231134716,38.59483603008903,0.0
20260813,64.0,no_zone_virtual_ideal,640,100000,7569589037,4281.527698561027,23.35614926270566,0.13431360548747046,0.9783606269807482,25046.939077560233,0.0,0.0,23.54653373099245,741.1965996913641,0.021639373019251746,0,0.0,0,3271.9027516232536,4281.527698561027,1009.6249469377735,1561.805137223562,11742.56697016833,11742.56697016833,4600.53937750562,3840.0,0.0,0.0,0.0,0.0,0.0,0.0,0.0
