seed,length_m,policy,logical_requests,logical_bytes,physical_services,physical_bytes,latency_mean_s,latency_p50_s,latency_p95_s,latency_p99_s,last_read_s,read_drain_s,system_return_drain_s,observed_request_throughput,request_queue_mean_s,dispatch_to_read_mean_s,request_fetch_mean_s,request_pick_mean_s,request_delivery_mean_s,request_reader_queue_mean_s,request_reader_read_mean_s,request_coordination_mean_s,movement_s,detour_s,conflict_wait_s,reader_queue_s,reader_service_s,pick_place_s,conflict_affected_fraction,conflict_delay_mean_s,conflict_delay_p95_s,conflict_delay_affected_mean_s,zone_completion_spread_s,fetch_direct_s,delivery_direct_s,return_direct_s,fetch_coordination_s,pick_coordination_s,delivery_coordination_s,reader_coordination_s,return_coordination_s,place_coordination_s,max_dispatch_backlog,cpu_wall_s,reposition_s
20260804,4.0,static_zone,100000.0,8612874101.0,5905.0,8125318061.0,885.9300714279979,879.5147294996759,1708.3845431693355,1889.0140327727554,16883.219841469123,1955.1238414691234,1965.8326422181835,5.92304080258297,872.6126641333049,13.317407294693036,3.0166157468938777,3.0,3.2810269593295955,0.0,4.019764588469352,0.0,56911.57931639484,0.0,0.0,0.0,41466.21520245679,35430.0,0.0,0.0,0.0,0.0,338.0080148060224,17948.736977476547,19481.421169459147,19481.421169459147,0.0,0.0,0.0,0.0,0.0,0.0,15705.0,19.15415566700176,0.0
20260804,4.0,no_zone_coordinated,100000.0,8612874101.0,3874.0,8322399854.0,1477.9071829421016,1478.259068126486,2783.5119467871004,2987.662527638698,17908.529213469592,2980.4332134695924,2992.1832134695924,5.5839314780125395,1450.2639171211817,27.643265820919893,9.612683088479162,3.0,3.2810269593295978,0.5902617440555235,4.030186118364173,7.1291079106913,62077.17094525311,3384.000000000005,24612.562626797186,2536.567192110238,27251.636883193714,23244.0,0.7960764068146619,7.2267843641706735,22.637101963039544,10.396049991384029,127.57143035005356,36491.92763688994,12792.621654181587,12792.621654181587,17238.55674943409,1983.12185560113,7321.073456832714,864.6150980446278,440.7495791147493,148.44588776987854,25412.0,26.832714332998876,0.0
20260804,4.0,no_zone_virtual_ideal,100000,8612874101,5898,8125302338,886.2254132803447,879.6260347050838,1710.8345679978688,1889.6978910337536,16838.211357160722,1910.1153571607229,1920.824157909783,5.938873071424737,872.8797328435063,13.345680436838325,3.044330531160449,3.0,3.2812069593296,0.00017710544973004787,4.019965840898352,0.0,57047.54511350218,0.0,0.0,14.311073305787927,41417.21250254644,35388.0,0,0.0,0.0,0.0,292.9995304976219,18089.6895012712,19478.927806115487,19478.927806115487,0.0,0.0,0.0,0.0,0.0,0.0,15779,16.500360000005458,157.1290429107295
20260804,8.0,static_zone,100000.0,8612874101.0,5310.0,7828827357.0,1002.0137919921292,994.0725258233888,1917.6893465847463,2113.978877682179,17067.967727652678,2139.8717276526786,2151.6715264111645,5.858928350209202,986.8751068846132,15.13868510751597,3.775871778749126,3.0,4.34248329802966,0.0,4.0203300307370835,0.0,66409.03616597842,0.0,0.0,0.0,37296.29435963249,31860.0,0.0,0.0,0.0,0.0,304.3125601204338,20262.620153605345,23073.20800618654,23073.20800618654,0.0,0.0,0.0,0.0,0.0,0.0,17746.0,18.828167249997932,0.0
20260804,8.0,no_zone_coordinated,100000.0,8612874101.0,3751.0,8015522256.0,1526.5902160325297,1521.3655501059302,2882.5820836682196,3055.9127263838704,17971.339907166406,3043.2439071664066,3053.8239071664084,5.564415370059477,1498.6362503692549,27.953965663274815,10.387723470674578,3.0,4.342483298029674,0.5462404893805642,4.027439565207517,5.650078839982366,71319.03240284635,3936.0000000000005,17256.81774683711,2203.174206301232,26385.7161451355,22506.0,0.7613969608104505,5.649911422777156,19.160797960662876,8.706991679062083,177.1872915161075,38728.18695511267,16295.422723866839,16295.422723866839,11027.131040544298,1566.5899114553183,7740.475952389046,470.7899573982867,295.82460882000584,92.0062762301558,26276.0,25.908781957998144,0.0
20260804,8.0,no_zone_virtual_ideal,100000,8612874101,5307,7833252156,1003.1944681176851,995.1845273420718,1919.641106501269,2112.805600093156,17028.60540406245,2100.5094040624517,2110.689404062452,5.872471504691944,988.0547453220889,15.139722795596164,3.776163181731753,3.0,4.342483298029658,0.000587613929996034,4.020488701904633,0.0,66551.6931903902,0.0,0.0,18.28088561384646,37275.36363991852,31842.0,0,0.0,0.0,0.0,264.9502365302069,20435.088522421036,23058.30233398458,23058.30233398458,0.0,0.0,0.0,0.0,0.0,0.0,17793,15.406567124999128,177.6944979574673
20260804,16.0,static_zone,100000.0,8612874101.0,4495.0,7789905032.0,1227.8000683934931,1223.7262960162188,2337.2373760118876,2560.0573244117472,17544.738256965014,2616.642256965015,2632.2822569650143,5.699714554607357,1209.1950864054281,18.60498198806501,5.174992375428511,3.0,6.405040333361417,0.0,4.024949279275093,0.0,80567.4986106431,0.0,0.0,0.0,31590.390455937704,26970.0,0.0,0.0,0.0,0.0,374.15574481894146,23330.30806807482,28618.595271284146,28618.595271284146,0.0,0.0,0.0,0.0,0.0,0.0,21228.0,17.78144987500127,0.0
20260804,16.0,no_zone_coordinated,100000.0,8612874101.0,3405.0,7696933262.0,1712.5686524639677,1714.2364886763844,3223.2530601725894,3409.3393499180656,18343.821680390585,3415.7256803905857,3428.445680390587,5.4514267387858055,1681.9587266722253,30.60992579174235,11.488384303084018,3.0,6.405040333361386,0.5883863798676017,4.032740360023504,5.0953744154058205,82798.12649222805,4631.999999999999,12920.448209022199,1870.1553521863134,23958.53120945104,20430.0,0.7095447870778268,5.154904026144552,18.0,9.080418111237556,63.67676793058126,39456.561692818555,21670.782399704745,21670.782399704745,7859.437282242078,1132.842950271066,7795.911613659146,463.76071362247495,215.88411910265813,84.61153012477409,28898.0,23.4481525830015,0.0
20260804,16.0,no_zone_virtual_ideal,100000,8612874101,4495,7791571616,1226.5317173847832,1221.2598326809075,2337.5018249208133,2564.6185589871025,17525.217101004913,2597.1211010049137,2612.761101004913,5.706063407012852,1207.9297586118735,18.601958772909708,5.170204179623023,3.0,6.405280333361427,0.0017778989008804913,4.024696361024387,0.0,80761.77388635675,0.0,0.0,42.31973316673159,31590.416945576984,26970.0,0,0.0,0.0,0.0,354.6345888588403,23515.78334378846,28622.995271284144,28622.995271284144,0.0,0.0,0.0,0.0,0.0,0.0,21275,15.340987958996266,224.79303027798233
20260804,32.0,static_zone,100000.0,8612874101.0,3491.0,7722406540.0,1655.69062992228,1639.77624376922,3171.788130978416,3473.613154664731,18581.406495542167,3653.3104955421677,3666.6304955421674,5.381723930531891,1630.134608891526,25.556021030754028,8.025594308053503,3.0,10.499558752075103,0.0,4.0308679706253985,0.0,100371.80911126088,0.0,0.0,0.0,24560.96619630076,20946.0,0.0,0.0,0.0,0.0,657.9116663163841,27963.027842663876,36204.39063429851,36204.39063429851,0.0,0.0,0.0,0.0,0.0,0.0,28158.0,18.098499667001306,0.0
20260804,32.0,no_zone_coordinated,100000.0,8612874101.0,2848.0,7706898120.0,2159.9541747165345,2164.7966955517068,4050.7349348355865,4269.486006290514,19288.575849755,4360.479849755002,4377.319849755002,5.184415935055681,2122.4615845503413,37.49259016619317,14.193732471516384,3.0,10.499558752075108,0.48994916268173816,4.0376537386287135,5.271696041291248,99973.14204965439,5832.000000000003,9351.074711826424,1638.871840664404,20059.494646603394,17088.0,0.6699438202247191,5.3311357836469195,19.569579117316245,10.463869546400018,155.98248102995058,40783.98010011538,29594.580974769506,29594.580974769506,6105.03697509981,1090.978637842078,7295.681828646293,265.3209241491045,250.425503035117,175.63084305402526,35990.0,21.37624441599837,0.0
20260804,32.0,no_zone_virtual_ideal,100000,8612874101,3492,7718002598,1654.116665289505,1639.2252636469493,3166.7355783332227,3474.624772283845,18329.94520578126,3401.84920578126,3422.5292057812603,5.455553678821692,1628.5583984191585,25.558266870346273,8.025925870406072,3.0,10.499978752075103,0.0013171950399671185,4.03104505282514,0.0,100454.630702505,0.0,0.0,26.73429022746859,24567.896547527824,20952.0,0,0.0,0.0,0.0,406.4503765554764,27942.61925603613,36256.00572323444,36256.00572323444,0.0,0.0,0.0,0.0,0.0,0.0,28096,15.326441083001555,292.94274169979695
20260804,64.0,static_zone,100000.0,8612874101.0,2522.0,7679543964.0,2536.727964017801,2528.292427004902,4847.610853555612,5264.587524346937,20463.686195461873,5535.590195461873,5576.470195461874,4.8867051148476115,2496.9945228814177,39.73344113638311,14.01728528783209,3.0,18.67167240650578,0.0,4.0444834420452205,0.0,127142.60452568602,0.0,0.0,0.0,17776.94576400299,15132.0,0.0,0.0,0.0,0.0,894.7647879220567,34463.655776530395,46339.47437457782,46339.47437457782,0.0,0.0,0.0,0.0,0.0,0.0,40504.0,18.678798375000042,0.0
20260804,64.0,no_zone_coordinated,100000.0,8612874101.0,2195.0,7652618675.0,3089.2557416261434,3105.4609663756064,5815.803901270705,6097.373782733091,21086.96088102462,6158.864881024621,6166.250521670676,4.742267060872973,3036.2721764257994,52.98356520034374,20.25414200675944,3.0,18.671672406505774,0.8725411950766706,4.050458488195243,6.13475110380659,124742.13003469924,6300.0,6624.45745317425,1953.3527831962028,15487.403348059972,13170.0,0.6478359908883827,5.888135513974602,24.0,12.391617884155561,194.89061677164864,44032.22182824005,40354.9541032296,40354.9541032296,4401.074429344482,950.980746765913,6631.050053710083,393.99784369659733,339.17163378531666,208.18274587185743,45821.0,19.547291250000853,0.0
20260804,64.0,no_zone_virtual_ideal,100000,8612874101,2519,7677434013,2535.907032484795,2527.291470137179,4844.573174811,5261.668465565749,20179.55514522641,5251.459145226412,5288.499145226413,4.9555106284716866,2496.265532144988,39.641500339806655,13.920935789807416,3.0,18.672212406505764,0.003385433697967235,4.044966709795469,0.0,127207.4108213421,0.0,0.0,35.871779782941076,17755.91117723503,15114.0,0,0.0,0.0,0.0,668.6847047462616,34582.22207218647,46312.59437457781,46312.59437457781,0.0,0.0,0.0,0.0,0.0,0.0,40487,14.795658292001463,441.64
20260805,4.0,static_zone,100000.0,8612874101.0,5872.0,8420420854.0,897.9654375690085,894.8323023554376,1732.300781700116,1894.1710891053676,16882.49105079104,1954.3950507910395,1963.7414609525567,5.9232964909710075,884.533886108096,13.431551460912505,3.0445273419308045,3.0,3.3679246265565594,0.0,4.019099492424996,0.0,57380.6200495105,0.0,0.0,0.0,41239.89418502986,35232.0,0.0,0.0,0.0,0.0,383.3852521270055,17908.99943985166,19735.810304829418,19735.810304829418,0.0,0.0,0.0,0.0,0.0,0.0,15802.0,19.796791541997663,0.0
20260805,4.0,no_zone_coordinated,100000.0,8612874101.0,3846.0,8030230711.0,1456.8852082528742,1445.36552911726,2768.7009545333176,2997.552271320009,18043.93337118975,3115.8373711897493,3123.7661013419474,5.542028888206119,1429.31320025132,27.572008001554046,9.735296067794417,3.0,3.367924626556544,0.7421505095007856,4.028362656083588,6.698274141618556,62073.68807074406,3600.0000000000014,24402.097733121667,2897.900519393499,27050.983179731622,23076.0,0.8047321892875715,7.2808366440773975,22.532604268167916,10.325257276224805,380.17127622062617,36174.587680207456,12949.5501952683,12949.5501952683,16880.518681298123,2151.0920813854923,7735.541205589319,774.7407751893038,332.5517320724195,127.65325758701192,24977.0,26.713053374998708,0.0
20260805,4.0,no_zone_virtual_ideal,100000,8612874101,5872,8418748148,897.7871214164602,893.7124505246659,1726.8468681417035,1889.8613040181383,16840.974286400637,1912.878286400637,1929.6982864006368,5.937898740261818,884.3970443587295,13.390077057730716,3.002275392781825,3.0,3.3679246265565586,0.0006187885310705331,4.019258249861096,0.0,57353.67908364696,0.0,0.0,28.05801669863302,41239.867598084005,35232.0,0,0.0,0.0,0.0,377.10103652192265,17881.97535993258,19735.85186185719,19735.85186185719,0.0,0.0,0.0,0.0,0.0,0.0,15712,16.275503832999675,132.36739153996297
20260805,8.0,static_zone,100000.0,8612874101.0,5288.0,8125674220.0,1017.9578934516461,1014.7421832307491,1958.2135692397517,2131.572723136088,17120.116741280453,2192.020741280454,2204.8007412804527,5.841081664991075,1002.7451561324579,15.212737319188228,3.816012097480319,3.0,4.374916488443834,0.0,4.021808733263983,0.0,66650.14477327194,0.0,0.0,0.0,37147.00491345164,31728.0,0.0,0.0,0.0,0.0,519.5195212708786,19945.235051002855,23352.454861134538,23352.454861134538,0.0,0.0,0.0,0.0,0.0,0.0,18245.0,20.27741108400005,0.0
20260805,8.0,no_zone_coordinated,100000.0,8612874101.0,3748.0,7738297563.0,1529.1898505470908,1522.1986057525583,2892.37357133502,3145.9690539309786,18140.84435502991,3212.7483550299094,3221.60835502991,5.512422577633385,1501.1327277460343,28.057122801056543,10.49482061121426,3.0,4.374916488443829,0.5096412606554404,4.0288226719622555,5.648921768780707,71552.74220942115,4140.000000000007,17411.089703093927,2026.9798637452816,26360.308727309035,22488.0,0.7689434364994664,5.75002393358963,19.667121717722804,8.898055203589568,322.6358996132076,38334.058390607075,16609.341909407038,16609.341909407038,10957.163676904605,1422.293348814237,8220.598758458016,544.0466027058685,348.089037429801,58.89827878140338,26545.0,27.042658541999117,0.0
20260805,8.0,no_zone_virtual_ideal,100000,8612874101,5290,8122741177,1018.6400315462065,1014.5531125393459,1953.40796182107,2123.7039401237053,17070.71729795592,2142.6212979559186,2152.84129795592,5.857984656097269,1003.4051456513434,15.23488589486299,3.8372583637395024,3.0,4.3751564884438325,0.00025547552450553033,4.022215567155056,0.0,66777.08398065847,0.0,0.0,12.83417623998712,37160.95899398867,31740.0,0,0.0,0.0,0.0,387.52910192051786,20069.01082054818,23354.03658005514,23354.03658005514,0.0,0.0,0.0,0.0,0.0,0.0,18220,16.33030108299863,172.3230232154471
20260805,16.0,static_zone,100000.0,8612874101.0,4467.0,7788576698.0,1245.353938413644,1240.4380616205008,2393.1003827346567,2584.9642992455833,17626.756191961143,2698.660191961144,2711.4201919611423,5.673193576343104,1226.7621959316223,18.591742482021704,5.247671627045245,3.0,6.321242586294691,0.0,4.0228282686817,0.0,81060.3849732402,0.0,0.0,0.0,31394.35954263738,26802.0,0.0,0.0,0.0,0.0,577.7900943349705,23252.25461776665,28904.06517773677,28904.06517773677,0.0,0.0,0.0,0.0,0.0,0.0,21746.0,20.01305516699722,0.0
20260805,16.0,no_zone_coordinated,100000.0,8612874101.0,3387.0,7701704123.0,1735.3467039699117,1725.2626330919156,3285.8329993853786,3573.9053999594917,18526.20004308699,3598.104043086989,3612.064043086988,5.397760996179828,1704.433275809042,30.91342816086986,11.801768999265844,3.0,6.321242586294663,0.6231909962935067,4.034672732449564,5.132552846566221,83060.90663444366,4596.000000000003,13418.052639753563,1881.5086833916562,23832.60074024442,20322.0,0.7301446708001181,5.318586548495295,18.156589483091917,9.098006383713923,351.4408690072887,39251.44071600456,21904.73295921955,21904.73295921955,7969.22676451457,1344.6856730192853,7889.310109337859,519.7878556375455,238.5652322393288,52.477005004976775,29841.0,25.691867834000732,0.0
20260805,16.0,no_zone_virtual_ideal,100000,8612874101,4465,7795286334,1246.36195140885,1243.3945896021114,2392.5947136227164,2587.2453337862244,17526.261583175667,2598.165583175667,2610.9255831756655,5.705723352662669,1227.7615890024263,18.60036240642371,5.25536323722259,3.0,6.321902586294683,0.000266228417172419,4.022830354489185,0.0,81016.0820948221,0.0,0.0,14.551325895059051,31380.465489429473,26790.0,0,0.0,0.0,0.0,452.7994359926597,23268.995074129893,28873.5435103461,28873.5435103461,0.0,0.0,0.0,0.0,0.0,0.0,21694,16.08806291699875,184.6422205101856
20260805,32.0,static_zone,100000.0,8612874101.0,3490.0,7725917679.0,1677.566178331553,1670.3660583637884,3222.5324160566006,3482.3690186747967,18518.83947020977,3590.743470209769,3598.4405264846155,5.39990641210884,1652.5550158403173,25.011162491235748,7.795451092123181,3.0,10.182094117284281,0.0,4.033617281828268,0.0,100634.06731663099,0.0,0.0,0.0,24554.02165435219,20940.0,0.0,0.0,0.0,0.0,679.6457333291837,27095.916452447695,36769.07543209164,36769.07543209164,0.0,0.0,0.0,0.0,0.0,0.0,28445.0,18.68484241600163,0.0
20260805,32.0,no_zone_coordinated,100000.0,8612874101.0,2816.0,7677840595.0,2200.4470812272043,2201.785646357156,4158.314350828,4466.928963580861,19489.520567784355,4561.4245677843555,4583.384567784355,5.1309625422647525,2162.6339131089403,37.81316811826399,14.437542101485793,3.0,10.18209411728427,0.6295270056115934,4.0415385334745695,5.522466360407731,99864.22327176582,6534.000000000002,9676.408623086303,1595.665412060748,19835.02158968188,16896.0,0.6839488636363636,5.756537153084625,20.821407006330446,10.806939082057536,463.6217599723823,40546.91301424136,29658.655128762228,29658.655128762228,6264.003901971318,1181.714792135375,7966.3093124679435,425.1205775195905,295.354963951543,77.90507504053392,36676.0,22.263878875000955,0.0
20260805,32.0,no_zone_virtual_ideal,100000,8612874101,3478,7726091574,1685.2534821481042,1676.2345239851384,3232.162804180691,3498.074946138518,18457.844710875434,3529.748710875434,3555.028710875433,5.417750640251059,1660.0991016768212,25.154380471283112,7.936651912544874,3.0,10.182574117284307,0.001605159785262731,4.033549281668667,0.0,100865.05114877576,0.0,0.0,15.824037438538653,24470.020218338777,20868.0,0,0.0,0.0,0.0,695.0810079501462,27446.693610501894,36709.17876913693,36709.17876913693,0.0,0.0,0.0,0.0,0.0,0.0,28849,15.106297209000331,350.74491106406737
20260805,64.0,static_zone,100000.0,8612874101.0,2512.0,7668769609.0,2588.554609110196,2589.987843620017,4951.362489455016,5286.650982990974,20438.535795689422,5510.439795689423,5551.319795689424,4.8927183923366195,2550.352216332382,38.20239277781408,13.270348290918111,3.0,17.886051491947917,0.0,4.045992994948069,0.0,127537.46491824566,0.0,0.0,0.0,17706.771010242333,15072.0,0.0,0.0,0.0,0.0,1007.6807011947421,33703.71139369738,46916.87676227414,46916.87676227414,0.0,0.0,0.0,0.0,0.0,0.0,41402.0,18.088298208000197,0.0
20260805,64.0,no_zone_coordinated,100000.0,8612874101.0,2191.0,7673255209.0,3113.338577870774,3142.7307536457192,5857.130210246369,6254.572275229373,21324.601569015776,6396.505569015777,6431.945569015776,4.689419386165603,3062.2741760688505,51.064401801923594,19.195093575270796,3.0,17.88605149194792,1.2184078629528536,4.047461255480608,5.71738761627142,124213.66112001067,6408.000000000003,6839.700160719463,2614.569922436382,15459.72995693423,13146.0,0.6449109995435874,6.046417234468036,24.0,12.439155080487762,641.0394894766177,42177.1432843386,41018.258917836036,41018.258917836036,4702.549080167834,992.2084464880827,6763.038837985024,392.30968376411494,271.3907291660511,126.20338314836056,46305.0,19.36061433299983,0.0
20260805,64.0,no_zone_virtual_ideal,100000,8612874101,2518,7674299548,2566.775369088305,2565.631736407745,4923.455932593822,5232.103007183145,20230.958685972997,5302.8626859729975,5368.382685972994,4.942919490480416,2528.6495045311694,38.125864557135785,13.193991749331355,3.0,17.886291491947915,0.0002112776035090792,4.045370038252983,0.0,127333.8027697863,0.0,0.0,3.4476664447574876,17748.861006255596,15108.0,0,0.0,0.0,0.0,879.6522884509322,33360.92924523802,46986.43676227414,46986.43676227414,0.0,0.0,0.0,0.0,0.0,0.0,40964,15.057436916998995,410.40000000000003
20260806,4.0,static_zone,100000.0,8612874101.0,5886.0,8137226242.0,889.8308895566427,882.7857079809069,1707.9524355180238,1930.9790769813662,17002.315827103903,2074.2198271039033,2082.2298271039017,5.881551726064693,876.5713932097443,13.259496346898363,2.9323088784206495,3.0,3.307450756708042,0.0,4.019736711769576,0.0,57050.023426178275,0.0,0.0,0.0,41333.39782789637,35316.0,0.0,0.0,0.0,0.0,482.6140225238778,17579.636746865213,19735.19333965653,19735.19333965653,0.0,0.0,0.0,0.0,0.0,0.0,15847.0,20.702600417000212,0.0
20260806,4.0,no_zone_coordinated,100000.0,8612874101.0,3873.0,7736622894.0,1473.2320428097855,1474.5267366726948,2777.3669943431605,2936.5576157732335,17867.062942188266,2938.9669421882663,2949.503171337843,5.596890788573699,1445.7296934775181,27.50234933226733,9.345929661808034,3.0,3.3074507567080307,0.6985828370885652,4.028669209264594,7.121716867398002,61815.74859419749,3768.000000000008,24244.585309925256,2574.4005128546896,27235.32585916214,23238.0,0.8099664342886651,7.232787325051708,22.077067260102186,10.164218182120925,81.1836083222297,35758.26570465655,13028.741444770467,13028.741444770467,16553.328383717482,2136.902810987766,7922.690503960336,880.0269620269278,398.1891636575628,121.44748557518994,25395.0,27.329691416998685,0.0
20260806,4.0,no_zone_virtual_ideal,100000,8612874101,5882,8134769414,890.2896857147587,881.7243088816629,1713.1381156215712,1939.2452058070876,16859.141723541554,1931.0457235415543,1938.8007164190294,5.931500051415029,876.9728980801586,13.316787634599997,2.9888338929600478,3.0,3.3074507567080382,0.0008317580303116227,4.019671226901515,0.0,57338.01453005625,0.0,0.0,27.1030278166374,41305.35737766698,35292.0,0,0.0,0.0,0.0,342.4613793396238,17862.31668563611,19737.848922210072,19737.848922210072,0.0,0.0,0.0,0.0,0.0,0.0,15858,16.35971633400186,164.74747332701125
20260806,8.0,static_zone,100000.0,8612874101.0,5290.0,7819112568.0,1012.9352855539079,1008.4536963510545,1940.93006460889,2176.231248384129,17236.984506435605,2308.8885064356054,2322.5485064356053,5.8014787889763415,997.7455488820174,15.18973667189047,3.795415870392232,3.0,4.374192084431514,0.0,4.020128717066614,0.0,66759.02917706632,0.0,0.0,0.0,37156.13294721985,31740.0,0.0,0.0,0.0,0.0,504.9795805383437,19945.341760589614,23406.84370823835,23406.84370823835,0.0,0.0,0.0,0.0,0.0,0.0,17918.0,19.62819416700222,0.0
20260806,8.0,no_zone_coordinated,100000.0,8612874101.0,3807.0,7732718298.0,1505.2932905348932,1505.4882173993997,2838.1935386991263,3034.1163757475333,18023.17734808458,3095.081348084581,3107.8613480845797,5.5484112522827465,1478.002139851714,27.291150683179417,9.97509783385618,3.0,4.374192084431527,0.46283468830048446,4.02839475354865,5.450631323042485,71254.52914082704,3971.999999999999,16827.999428577656,1867.0495678849468,26773.240697280122,22842.0,0.7580772261623325,5.463619497919006,18.417581616249297,8.58085785007329,272.6808848356959,37501.72977297443,16876.3996839263,16876.3996839263,10483.933197880871,1355.1525545423615,7925.648175227856,677.3705632328201,287.0422355380341,70.85270215571154,25609.0,26.59828666699832,0.0
20260806,8.0,no_zone_virtual_ideal,100000,8612874101,5295,7827537326,1012.5912017688772,1008.3939485397723,1941.4335394172958,2175.3210554539496,17100.858911300624,2172.762911300624,2182.6229113006248,5.847659495858293,997.4148198243338,15.17638194454346,3.781060523722361,3.0,4.374552084431529,0.00026353419262311115,4.0205058021968245,0.0,66786.52331808333,0.0,0.0,15.04775884202089,37191.26860514196,31770.0,0,0.0,0.0,0.0,386.6199835457919,19935.40618473435,23425.558566674492,23425.558566674492,0.0,0.0,0.0,0.0,0.0,0.0,17895,16.463520292003523,141.95261075378238
20260806,16.0,static_zone,100000.0,8612874101.0,4472.0,8064703716.0,1235.5640721135321,1226.9826599058251,2369.8775283404575,2633.7425755906675,17797.28036788824,2869.1843678882415,2882.1443678882406,5.618836020610807,1216.8987048997003,18.665367213831793,5.190195376369297,3.0,6.44981440449699,0.0,4.025357432965437,0.0,80963.64677515323,0.0,0.0,0.0,31433.750213389587,26832.0,0.0,0.0,0.0,0.0,691.3406507934778,22796.043469271037,29083.801652941096,29083.801652941096,0.0,0.0,0.0,0.0,0.0,0.0,21559.0,19.09084354100196,0.0
20260806,16.0,no_zone_coordinated,100000.0,8612874101.0,3399.0,8016013841.0,1730.0036789472467,1731.6300525149745,3252.8309365926943,3453.065236738799,18461.009112635347,3532.9131126353477,3539.313112635349,5.416821983558665,1699.4705941923528,30.53308475489391,11.497274365522047,3.0,6.449814404497006,0.5097237986799286,4.033983511193744,5.042288675001077,82816.33728873618,4746.000000000002,13547.685056625165,1789.645953183287,23921.600758668646,20394.0,0.7390408943807002,5.382078569174807,18.18797328140408,9.074248539992642,206.29246700450676,38565.21197772034,22125.56265550792,22125.56265550792,8318.231789123183,1259.208224218803,7911.948269380718,500.8183631457854,238.3487711071473,65.12963964952905,29437.0,26.18282850000105,0.0
20260806,16.0,no_zone_virtual_ideal,100000,8612874101,4463,7768211951,1236.3524026366897,1224.4773235431526,2368.327414897859,2625.768520850673,17592.452220348187,2664.356220348187,2677.316220348186,5.684255881299806,1217.6423080420532,18.710094594636583,5.2361800237140965,3.0,6.449814404496995,0.0006170799487517725,4.023483086476663,0.0,81090.14147739933,0.0,0.0,20.208065541820552,31366.034453701148,26778.0,0,0.0,0.0,0.0,441.5648069345407,23098.52844124739,28995.806518075973,28995.806518075973,0.0,0.0,0.0,0.0,0.0,0.0,21504,15.337187292003364,222.88578319388157
20260806,32.0,static_zone,100000.0,8612874101.0,3479.0,7733004265.0,1677.4681535075308,1664.991329176265,3210.4951716054657,3554.1688717225647,18809.638050329486,3881.5420503294863,3903.9420503294878,5.316423406576306,1652.245199134335,25.2229543731957,7.612038295853751,3.0,10.57649580704403,0.0,4.034420270297852,0.0,101133.24329305219,0.0,0.0,0.0,24477.130442603175,20874.0,0.0,0.0,0.0,0.0,920.993283170792,27026.65252289603,37053.295385078076,37053.295385078076,0.0,0.0,0.0,0.0,0.0,0.0,28662.0,18.592144083002495,0.0
20260806,32.0,no_zone_coordinated,100000.0,8612874101.0,2851.0,7699498319.0,2159.402926233103,2156.9108427307956,4090.3379786486903,4356.352062041496,19404.173947627158,4476.077947627158,4493.717947627158,5.153530383200287,2122.010418513454,37.39250771964838,13.78903370239555,3.0,10.576495807044054,0.80169282879807,4.036843761518269,5.188441619892411,99946.65982126308,5454.0,9819.860208858296,1896.4875530007916,20080.378079934057,17106.0,0.6815152578042792,5.357369417347702,19.6122902510333,10.216628902246352,282.56306604478596,39277.540677665376,30334.55957179885,30334.55957179885,6378.19954039913,1193.835226568488,6939.289739184133,432.341544946315,213.02635257536917,117.16780518486121,36482.0,22.709162292001565,0.0
20260806,32.0,no_zone_virtual_ideal,100000,8612874101,3480,7734565635,1673.1898493609137,1663.3371470634625,3198.2653159309343,3538.252794850158,18494.18040978177,3566.08440978177,3588.4844097817713,5.407106332060486,1647.9583030718939,25.23154628902002,7.619713274513905,3.0,10.57697580704401,6.878850102697484e-05,4.034788418961067,0.0,101029.1480938391,0.0,0.0,3.944600186452604,24484.155609910966,20880.0,0,0.0,0.0,0.0,629.2755893660033,26921.84440597931,37053.6518439299,37053.6518439299,0.0,0.0,0.0,0.0,0.0,0.0,28582,15.222462750003615,345.44
20260806,64.0,static_zone,100000.0,8612874101.0,2499.0,7959421387.0,2581.48451676416,2567.2015831915496,4917.601468785624,5510.770384675148,20793.40112651181,5865.30512651181,5878.025126511811,4.809218049109769,2542.10904542652,39.37547133764002,13.508563497537992,3.0,18.817882369150013,0.0,4.049025470952012,0.0,127995.74844306044,0.0,0.0,0.0,17620.386245837275,14994.0,0.0,0.0,0.0,0.0,1240.0030246743663,33631.096992837585,47182.32572511143,47182.32572511143,0.0,0.0,0.0,0.0,0.0,0.0,40933.0,18.58796537500166,0.0
20260806,64.0,no_zone_coordinated,100000.0,8612874101.0,2197.0,7632833566.0,3089.3383797022575,3092.5386026622928,5839.036390365521,6198.138724418744,21202.495873993368,6274.399873993369,6312.079873993369,4.716425867704488,3037.416632448414,51.92174725384342,19.562553035044946,3.0,18.817882369150006,0.7352536895385441,4.048679778983227,5.757378381126696,125235.63288449567,6726.000000000004,6125.961408997278,1671.8582608431157,15501.089572221628,13182.0,0.6417842512517069,5.849777609921384,22.788128264320388,12.251631467108943,407.92820771561674,42432.83483191304,41401.39902629132,41401.39902629132,4263.636750892792,951.0275333871712,6820.978558725988,349.22393247546313,312.74544562054996,154.3491878953172,45177.0,21.28519837500062,0.0
20260806,64.0,no_zone_virtual_ideal,100000,8612874101,2497,7957364939,2577.6513323432105,2563.226616510571,4918.576365995591,5498.317848459726,20314.595121579536,5386.499121579536,5422.779121579535,4.922569187400306,2538.342080583323,39.309251759887395,13.441708354698093,3.0,18.81842236915,0.0002533545139056514,4.048867681525364,0.0,128071.73339835858,0.0,0.0,5.067090278113028,17606.3528594766,14982.0,0,0.0,0.0,0.0,796.4880089444996,33815.00194813573,47128.36572511143,47128.36572511143,0.0,0.0,0.0,0.0,0.0,0.0,40997,15.382709165998676,445.16
20260807,4.0,static_zone,100000.0,8612874101.0,5855.0,8143276808.0,895.3402430466128,890.9266143358545,1712.3460346513666,1885.7058898952578,16910.602378320036,1982.5063783200367,1991.7063783200338,5.913449903369698,882.0608219532,13.279421093412742,2.9310831557187402,3.0,3.328360095472239,0.0,4.0199778422215795,0.0,57682.06129336755,0.0,0.0,0.0,41116.48314905294,35130.0,0.0,0.0,0.0,0.0,327.1678768203019,17397.549492132686,20142.25590061743,20142.25590061743,0.0,0.0,0.0,0.0,0.0,0.0,15997.0,21.314639542000805,0.0
20260807,4.0,no_zone_coordinated,100000.0,8612874101.0,3858.0,8039735494.0,1485.248130501138,1485.4242176110438,2801.016305367882,2965.3698591145244,17946.020981155303,3017.9249811553036,3029.2149811553045,5.57226585798644,1457.762002065,27.48612843613789,9.08121747942588,3.0,3.3283600954722363,0.6638174027914873,4.0322600403766655,7.3804734180714675,61873.44378715577,3624.000000000002,25398.48167150996,2244.246198763605,27135.138454188793,23148.0,0.8144116122343183,7.522675394377906,22.59101043171745,10.435987656062553,102.27446290653097,35319.04898896798,13277.197399093893,13277.197399093893,17993.333318886765,2161.082598243677,7407.886349136158,890.8827316085856,361.2509461807414,208.04572745403422,24799.0,28.106655625000712,0.0
20260807,4.0,no_zone_virtual_ideal,100000,8612874101,5850,8136914318,895.5737091999846,892.7626307443124,1714.2970501740297,1886.197666276662,16812.18708314948,1884.091083149482,1895.841083149482,5.9480660966607966,882.2683482707866,13.305360929197978,2.9562917891041587,3.0,3.3286600954722374,0.0003070849058355452,4.020101959715528,0.0,57835.7641393081,0.0,0.0,19.07514675499624,41081.38026999791,35100.0,0,0.0,0.0,0.0,255.12114261383613,17558.0189205719,20138.8726093681,20138.8726093681,0.0,0.0,0.0,0.0,0.0,0.0,15822,16.47475066700281,137.8619310789584
20260807,8.0,static_zone,100000.0,8612874101.0,5289.0,8132474640.0,1013.6874590586957,1010.9324221025063,1930.5698943764753,2120.8802011736975,17133.131764779806,2205.0357647798064,2212.3319129194915,5.836644541867574,998.6829939120112,15.004465146684606,3.65263500221097,3.0,4.329357552665302,0.0,4.022472591808169,0.0,66735.03585422809,0.0,0.0,0.0,37154.113353216555,31734.0,0.0,0.0,0.0,0.0,386.1589526687385,19484.963440813794,23625.036206707144,23625.036206707144,0.0,0.0,0.0,0.0,0.0,0.0,17670.0,20.012850084000092,0.0
20260807,8.0,no_zone_coordinated,100000.0,8612874101.0,3763.0,8044761419.0,1513.3096249712833,1509.9498571311105,2857.2039781041976,3023.969060137645,18011.447458857405,3083.3514588574053,3092.6114588574037,5.55202463480099,1485.8718937116246,27.437731259658705,9.828703800401952,3.0,4.329357552665308,0.5139915457113586,4.032597809548069,5.733080551331863,71053.01087120031,4272.000000000001,17877.282790890633,1507.6573865735975,26470.18508911527,22578.0,0.765081052351847,5.886070366965355,19.627212311123348,9.055307764059949,191.19712861996595,37455.43384687843,16798.788512160943,16798.788512160943,11641.886881418164,1574.5659946390676,7865.740212260828,716.4148184930041,289.59165281783504,61.08323126173423,25772.0,27.37135791699984,0.0
20260807,8.0,no_zone_virtual_ideal,100000,8612874101,5288,8126063733,1013.8487362577669,1011.1094925215048,1931.653744731042,2117.2567731117147,17021.353661675228,2093.2576616752285,2115.0576616752314,5.874973400332843,998.8695982955328,14.979137962234056,3.6258884085036494,3.0,4.329837552665302,0.000827031593302879,4.02258496947162,0.0,66825.36227961138,0.0,0.0,23.928001599854483,37147.01110459404,31728.0,0,0.0,0.0,0.0,222.77906342447022,19546.809023947604,23639.27662783189,23639.27662783189,0.0,0.0,0.0,0.0,0.0,0.0,17712,15.765547541996057,141.3140355131987
20260807,16.0,static_zone,100000.0,8612874101.0,4493.0,8072852084.0,1235.4582317975378,1230.4867834047973,2348.5077997106187,2565.1446104236775,17639.456850697912,2711.3608506979126,2724.3608506979126,5.66910879662621,1216.994119735107,18.464112062430793,5.167765923051852,3.0,6.267119219557925,0.0,4.029226919820951,0.0,80650.07988851069,0.0,0.0,0.0,31580.88707821096,26958.0,0.0,0.0,0.0,0.0,413.7888674492533,22860.904428409624,28894.587730050538,28894.587730050538,0.0,0.0,0.0,0.0,0.0,0.0,21232.0,19.28847320800196,0.0
20260807,16.0,no_zone_coordinated,100000.0,8612874101.0,3415.0,8299578150.0,1706.1435022367793,1707.4296892319362,3200.3323860697574,3380.927569870351,18348.088431499284,3419.992431499284,3437.4724314992836,5.450159038274739,1675.704303498984,30.43919873779527,11.302420604722485,3.0,6.267119219557932,0.5328125762235574,4.03756765097028,5.299278686320968,82171.70998433632,4722.000000000002,13360.394225125403,1684.5468448073768,24038.113491977692,20490.0,0.7288433382137628,5.294990988323691,18.477392995227273,9.100349383555814,118.10201860979942,38176.72923441835,21997.490374958983,21997.490374958983,8137.2299433863345,1325.91225142832,7783.734051547909,542.8473910447722,191.58774200402138,101.08284571404704,29279.0,24.87222054200174,0.0
20260807,16.0,no_zone_virtual_ideal,100000,8612874101,4495,8072849326,1232.8010544413028,1226.5696499607811,2346.10684879522,2554.2428502583157,17443.28822375105,2515.19222375105,2531.2322237510507,5.732864051620638,1214.4211407760163,18.379913665286594,5.084483476361587,3.0,6.267479219557929,0.0003613865451511977,4.027589582821858,0.0,80625.35923469231,0.0,0.0,10.28094085472715,31594.88773437373,26970.0,0,0.0,0.0,0.0,263.190284845532,22782.28941523729,28921.53490972751,28921.53490972751,0.0,0.0,0.0,0.0,0.0,0.0,21321,15.542388624999148,201.09940971646716
20260807,32.0,static_zone,100000.0,8612874101.0,3526.0,8035013914.0,1654.4138357375869,1643.7776527688357,3155.163504711181,3447.3553927291523,18554.828431768503,3626.7324317685034,3650.7324317685034,5.3894327488787654,1629.635463363839,24.778372373747793,7.634235231117918,3.0,10.110625679783306,0.0,4.0335114628464614,0.0,99935.11247663588,0.0,0.0,0.0,24810.94720669581,21156.0,0.0,0.0,0.0,0.0,619.4056174099205,27023.329951651864,36455.89126249201,36455.89126249201,0.0,0.0,0.0,0.0,0.0,0.0,28074.0,19.39492062499994,0.0
20260807,32.0,no_zone_coordinated,100000.0,8612874101.0,2854.0,7689694854.0,2176.778587844665,2180.1132385384194,4101.4159205692395,4338.238675557094,19319.53511556142,4391.439115561419,4409.3991155614185,5.17610798613122,2139.012607725981,37.76598011868408,14.122937143561503,3.0,10.110625679783332,0.5557962379841053,4.040469813887456,5.936151243467635,98837.78026405226,6474.000000000003,10034.015080473435,1593.1744651318677,20101.223308054352,17124.0,0.7102312543798178,5.784167862814799,20.381771436010233,10.448110810426225,249.2780481996706,39810.49794544628,29513.641159302984,29513.641159302984,6389.536747769207,1301.1237572485732,7959.077321663207,492.65937699550494,242.73448588745669,122.8833909094885,36497.0,23.18918974999906,0.0
20260807,32.0,no_zone_virtual_ideal,100000,8612874101,3526,8030657041,1651.1477362321546,1641.5267820620948,3154.3125211201896,3445.0161078548385,18316.94739944419,3388.851399444191,3412.851399444191,5.4594249696340995,1626.5401669303308,24.60756930182368,7.462469191555231,3.0,10.110805679783311,0.0005348725136919165,4.03375955797132,0.0,99866.23451766475,0.0,0.0,7.641035909884522,24810.87795606448,21156.0,0,0.0,0.0,0.0,415.76044209839165,26878.21199268073,36494.011262492015,36494.011262492015,0.0,0.0,0.0,0.0,0.0,0.0,28098,15.658249916996283,270.4684271247462
20260807,64.0,static_zone,100000.0,8612874101.0,2563.0,7667782006.0,2504.2008904401487,2487.017330613977,4801.208503170887,5223.274947997641,20409.713079473317,5481.617079473317,5512.1370794733175,4.899627917874706,2466.789043082399,37.41184735774945,12.577703050805843,3.0,17.78217853796594,0.0,4.051965768977633,0.0,125897.40998503259,0.0,0.0,0.0,18063.773162715403,15378.0,0.0,0.0,0.0,0.0,972.1209541237804,32889.39197447262,46504.00900527998,46504.00900527998,0.0,0.0,0.0,0.0,0.0,0.0,40357.0,20.105041207996692,0.0
20260807,64.0,no_zone_coordinated,100000.0,8612874101.0,2219.0,7649257494.0,3066.7342413691317,3089.7376802256886,5767.061101927621,6067.293785115771,21091.582026159103,6163.486026159104,6180.366026159105,4.741228034766369,3015.3768792529345,51.357362116197436,18.942961254158643,3.0,17.782178537965933,0.8515559314624674,4.057256212624518,6.723410179985808,122819.11976231026,7380.0,7175.732399527302,1981.2491367358587,15655.358323526763,13314.0,0.6557007661108607,6.559590986718027,24.0,13.136942598851356,177.89892349220827,42339.313847087076,40239.90295761159,40239.90295761159,5079.626498826773,1121.9512428334806,7430.76015522879,392.2195850048732,288.8592023814381,242.31571525194795,44909.0,20.483332957999664,0.0
20260807,64.0,no_zone_virtual_ideal,100000,8612874101,2563,7672594313,2501.702005376937,2483.1418105476905,4795.3897349614335,5203.34645981021,20045.243517515904,5117.147517515905,5162.412189279408,4.988714650067392,2464.368314724503,37.33369065243385,12.496831579049122,3.0,17.783378537965945,0.001612788965029149,4.051867746453757,0.0,126014.96450163299,0.0,0.0,13.68540101178316,18063.849652275214,15378.0,0,0.0,0.0,0.0,645.127989899087,32977.98649107303,46518.48900527998,46518.48900527998,0.0,0.0,0.0,0.0,0.0,0.0,40202,15.440889958001208,421.6256406460551
20260808,4.0,static_zone,100000.0,8612874101.0,5883.0,8143025186.0,890.5635346687054,881.6007349314921,1715.3975892438925,1928.3926857425877,17010.16343114392,2082.0674311439197,2090.277431143919,5.878838284228942,877.1868491043929,13.376685564312567,2.9861006750411736,3.0,3.3701799258573515,0.0,4.0204049634138785,0.0,57112.19541051647,0.0,0.0,0.0,41312.488949628954,35298.0,0.0,0.0,0.0,0.0,471.81134109515915,17804.194238866883,19654.000585824793,19654.000585824793,0.0,0.0,0.0,0.0,0.0,0.0,15729.0,20.35146283299764,0.0
20260808,4.0,no_zone_coordinated,100000.0,8612874101.0,3885.0,7730633234.0,1467.1424261750183,1464.1928642457574,2763.686667638353,2955.0257285716084,17982.22653025351,3054.1305302535093,3064.95261696934,5.561046616321891,1439.5422884456748,27.600137729343434,9.363401124676123,3.0,3.3701799258573564,0.762321251975188,4.02834312151528,7.0758923053193055,61597.04841291753,3534.0000000000005,24540.35036434588,2661.093667050664,27319.234856080373,23310.0,0.8066924066924067,7.226345010127639,22.326432125423885,10.15347210283757,266.1548146542591,35625.850096097194,12985.599158410168,12985.599158410168,17078.77562955918,2050.0690651148407,7629.009687680743,878.4660315832533,304.0527434316533,133.97720697621185,24795.0,25.86161591600103,0.0
20260808,4.0,no_zone_virtual_ideal,100000,8612874101,5885,8142062909,889.5415151313325,879.6688782884335,1716.673746891215,1921.1969729609311,16772.998539608794,1844.9025396087945,1853.292539608794,5.96196319720972,876.1669221773931,13.374592953939437,2.9829198449988605,3.0,3.3704799258573552,0.0006695851782252785,4.020523597904846,0.0,57172.850951778026,0.0,0.0,11.951731700064466,41326.47435464795,35310.0,0,0.0,0.0,0.0,224.4770465177462,17848.583228216088,19662.133861780967,19662.133861780967,0.0,0.0,0.0,0.0,0.0,0.0,15686,15.922274917000323,149.60206848821187
20260808,8.0,static_zone,100000.0,8612874101.0,5319.0,7835577687.0,1002.029927380746,992.4255661866082,1933.3792884267687,2168.8331924169097,17283.762713979868,2355.6667139798683,2366.080927542238,5.785777186070462,986.8965626149503,15.13336476579575,3.745969541047997,3.0,4.366090241864476,0.0,4.021304982883135,0.0,66254.59106677893,0.0,0.0,0.0,37359.4048032383,31914.0,0.0,0.0,0.0,0.0,599.0174029740592,19938.196926569137,23158.197070104892,23158.197070104892,0.0,0.0,0.0,0.0,0.0,0.0,17453.0,20.56360458400013,0.0
20260808,8.0,no_zone_coordinated,100000.0,8612874101.0,3803.0,7721810388.0,1509.4605540858008,1503.5631624527045,2857.2398418105254,3024.9452064345833,17928.26323578967,3000.1672357896696,3011.0646023857717,5.577785125352963,1482.2577154235892,27.202838662211498,9.858582211748171,3.0,4.36609024186447,0.5662476926583624,4.028745153930662,5.383173362009714,71073.02607393269,3636.0000000000027,17289.841570540666,1689.2471213089877,26745.06592071991,22818.0,0.7572968708914015,5.5024563687984935,18.847169907971868,8.792370407790198,96.19733513462052,37934.53113195857,16569.247470987062,16569.247470987062,11146.250537753087,1466.7966378062683,7301.264444321665,683.4502764191898,277.6259681285685,50.453706111890824,26275.0,26.507944665998366,0.0
20260808,8.0,no_zone_virtual_ideal,100000,8612874101,5318,7839521889,1001.9946100081489,991.9368299980796,1937.5432225330785,2164.1038262101997,17027.517029550727,2099.4210295507273,2119.0610295507267,5.872846864663422,986.8676830694666,15.12692693868229,3.7373029809268594,3.0,4.3668702418644765,0.001445179715240626,4.02130853617557,0.0,66382.71321190744,0.0,0.0,22.45459234073106,37352.46714464073,31908.0,0,0.0,0.0,0.0,342.77171854491826,20043.464631179322,23169.624290364056,23169.624290364056,0.0,0.0,0.0,0.0,0.0,0.0,17523,15.991755249997368,186.8879066724587
20260808,16.0,static_zone,100000.0,8612874101.0,4511.0,8368520426.0,1220.179683845213,1208.6471210908248,2348.9318773747477,2628.6903730370204,17775.795185181578,2847.6991851815783,2865.179185181578,5.625627374653986,1201.739789000601,18.439894844612088,5.126616955886925,3.0,6.284687240685615,0.0,4.02859064803948,0.0,80326.38174192462,0.0,0.0,0.0,31711.592899943287,27066.0,0.0,0.0,0.0,0.0,616.0101653530764,23119.49514940477,28603.443296259924,28603.443296259924,0.0,0.0,0.0,0.0,0.0,0.0,20985.0,20.04703462499674,0.0
20260808,16.0,no_zone_coordinated,100000.0,8612874101.0,3449.0,7698623990.0,1703.0709194512478,1705.1186651261605,3189.523008906007,3378.2301198849873,18399.795437266723,3471.699437266723,3482.579437266724,5.4348430307796365,1672.9509310473634,30.119988403884363,11.218897535579284,3.0,6.284687240685609,0.5158319736251803,4.032272499421451,5.068299154572798,82548.96365328315,4584.000000000003,13076.15171881353,1606.338387466082,24266.573482848868,20694.0,0.7286169904320092,5.1203687210245095,17.83664715756422,8.652695599614665,144.03489844171054,38865.72795875083,21841.61784726616,21841.61784726616,8275.523168822434,1339.600315394646,7166.500717189112,484.70780170149374,290.28837683253175,103.53133887331501,29374.0,24.60121574999721,0.0
20260808,16.0,no_zone_virtual_ideal,100000,8612874101,4511,8077309601,1218.7789029665298,1206.613283884125,2343.6905996667588,2611.2490609798797,17426.70059388796,2498.6045938879597,2511.9645938879603,5.73832088646045,1200.3837962615053,18.395106705024656,5.0837575119417995,3.0,6.2854072406856165,6.0557282282788944e-05,4.025881395114889,0.0,80270.61328480937,0.0,0.0,1.4060084262418968,31706.964228535588,27066.0,0,0.0,0.0,0.0,270.8896992221562,23059.779453013198,28605.416915898084,28605.416915898084,0.0,0.0,0.0,0.0,0.0,0.0,21047,16.23845175000315,235.00924225024707
20260808,32.0,static_zone,100000.0,8612874101.0,3535.0,7690748410.0,1651.8718819897845,1639.796860760498,3173.8874683642466,3589.5798782680063,18749.16479808535,3821.068798085349,3835.9887980853473,5.3335709124606945,1626.9850484693293,24.886833520455173,7.76384696247216,3.0,10.090520168120271,0.0,4.032466389862685,0.0,99680.89059873698,0.0,0.0,0.0,24868.478403875986,21210.0,0.0,0.0,0.0,0.0,859.4505412336221,27300.93486388565,36189.97786742567,36189.97786742567,0.0,0.0,0.0,0.0,0.0,0.0,27641.0,20.305752042000677,0.0
20260808,32.0,no_zone_coordinated,100000.0,8612874101.0,2880.0,7705673810.0,2130.831328364717,2141.4626396546464,3992.4570123301905,4185.409430075264,19183.75184299509,4255.655842995091,4277.29584299509,5.212744661129194,2094.8133507073144,36.01797765740269,13.555600620321776,3.0,10.090520168120298,0.45929347455022534,4.038380929569736,4.874182464840639,98875.85116904056,6011.999999999997,9081.41770140042,1614.2746103393793,20283.486386720022,17280.0,0.6697916666666667,5.240770035208478,19.441239305311314,10.163917644040685,206.17435324656617,39911.058888116255,29482.396140462155,29482.396140462155,5689.570721081058,1099.2984228709552,7515.328527135429,438.4111987987965,225.5822638116124,125.22656770256663,35264.0,22.292671333001636,0.0
20260808,32.0,no_zone_virtual_ideal,100000,8612874101,3530,7691271104,1653.113392389854,1642.128878162277,3166.404163077934,3555.0228651114744,18297.83044514182,3369.7344451418194,3407.037404262055,5.465128792170582,1628.0390105201543,25.0743818696995,7.9502238229395,3.0,10.090520168120275,0.000706976693303659,4.032930901946382,0.0,99908.99862679665,0.0,0.0,9.806149620144424,24833.48496187337,21180.0,0,0.0,0.0,0.0,382.1562704598873,27631.439159231002,36138.77973378282,36138.77973378282,0.0,0.0,0.0,0.0,0.0,0.0,27776,16.026211374999548,313.68
20260808,64.0,static_zone,100000.0,8612874101.0,2572.0,7686885922.0,2502.811365105659,2492.7976013801735,4790.285262344887,5347.258739093834,20683.302393273294,5755.206393273294,5767.486393273293,4.834817868955124,2465.1048935267427,37.70647157891671,12.975483430605642,3.0,17.68575143909428,0.0,4.045236709216751,0.0,125655.39661171174,0.0,0.0,0.0,18127.079961282605,15432.0,0.0,0.0,0.0,0.0,1180.346587327087,33143.54817030921,46255.924220701265,46255.924220701265,0.0,0.0,0.0,0.0,0.0,0.0,39694.0,19.150207332997525,0.0
20260808,64.0,no_zone_coordinated,100000.0,8612874101.0,2237.0,7640107448.0,3025.0642369413467,3039.8530976630645,5685.4372606789375,5951.98350071533,20971.096232990767,6043.0002329907675,6079.280232990766,4.768467937440704,2975.364296527133,49.69994041421366,18.916794246491428,3.0,17.685751439094233,0.8628906747161085,4.051813875478911,5.18269017843287,123461.74313521489,6576.0,6312.383187146535,1931.3085075637816,15781.219187462362,13422.0,0.6388019669199821,5.761458733637253,24.0,12.623294012876137,281.0268306946273,42642.99937274469,40409.3718812351,40409.3718812351,4429.851270141765,1133.19493124427,6550.710911755771,357.3135649394054,294.51427894953287,122.79823011579174,45314.0,18.95601700000043,0.0
20260808,64.0,no_zone_virtual_ideal,100000,8612874101,2575,7681851094,2497.399013490627,2487.3148938993663,4776.199286452744,5306.448293692744,20052.436202664056,5124.340202664056,5164.260202664054,4.986925228901342,2459.908377314723,37.490636175903944,12.75619022256617,3.0,17.689051439094293,0.00039516719867973735,4.044999347044777,0.0,125768.1667156863,0.0,0.0,5.645245695424819,18148.000984846753,15450.0,0,0.0,0.0,0.0,545.8603903006187,33007.89598304777,46380.135366319264,46380.135366319264,0.0,0.0,0.0,0.0,0.0,0.0,39653,14.835549084004015,419.84
20260809,4.0,static_zone,100000.0,8612874101.0,5864.0,7843612024.0,895.6743394345372,888.3100309875781,1729.0021675379576,1897.0469955359827,16964.170778975727,2036.074778975728,2044.5247789757286,5.894776780008216,882.2426542753726,13.431685159164534,2.9791947182031193,3.0,3.433252642627499,0.0,4.019237798333804,0.0,57611.94404357927,0.0,0.0,0.0,41174.72325558573,35184.0,0.0,0.0,0.0,0.0,463.6129664889231,17650.078730558515,19980.932656510377,19980.932656510377,0.0,0.0,0.0,0.0,0.0,0.0,16012.0,19.48386904200015,0.0
20260809,4.0,no_zone_coordinated,100000.0,8612874101.0,3879.0,8042132293.0,1467.25170361882,1465.8864204295915,2776.926403461081,3008.777075426355,18000.14660357327,3072.0506035732706,3083.2606035732697,5.55551030790764,1440.1870889814697,27.064614637350495,9.203593008402844,3.0,3.4332526426275063,0.5779862680834253,4.03048027894371,6.8193024392928905,62062.23523299335,3354.0000000000073,24634.08817841552,2615.9532486190883,27282.183900282922,23274.0,0.8130961588038154,7.215284397632258,22.271953053297693,10.184893805828068,247.80571934361797,35740.60533687182,13160.814948060764,13160.814948060764,17498.08111506108,1907.9708829239303,7220.208530882757,923.1085319707362,310.3557214915131,128.36339608551359,24991.0,27.09390500000154,0.0
20260809,4.0,no_zone_virtual_ideal,100000,8612874101,5857,7847415530,897.4489751706498,889.8200807562926,1729.1507432468968,1895.2951907031945,16841.177865086152,1913.081865086153,1933.5798642855134,5.9378269620507,883.983071528393,13.465903642256817,3.0127820903864695,3.0,3.433312642627505,0.0003981703983113987,4.0194107388444005,0.0,57694.13052323412,0.0,0.0,16.896979009782108,41125.78126068548,35142.0,0,0.0,0.0,0.0,398.649323736674,17798.355135760026,19947.887693737048,19947.887693737048,0.0,0.0,0.0,0.0,0.0,0.0,15971,16.23982191599498,145.1525545824342
20260809,8.0,static_zone,100000.0,8612874101.0,5287.0,7836920625.0,1011.2861980169598,998.3808418200501,1945.4036945778985,2129.0517660903993,17169.471527614114,2241.3755276141146,2251.0755276141153,5.8242910877697875,996.0673232093636,15.218874807596206,3.7275428929074703,3.0,4.471223838131303,0.0,4.020108076557293,0.0,66845.44330036773,0.0,0.0,0.0,37135.41494866295,31722.0,0.0,0.0,0.0,0.0,533.3312147429242,19992.853058041528,23426.2951211631,23426.2951211631,0.0,0.0,0.0,0.0,0.0,0.0,17834.0,19.732052999999723,0.0
20260809,8.0,no_zone_coordinated,100000.0,8612874101.0,3785.0,7746161098.0,1495.8688381027182,1494.9097902487783,2824.5647761089854,3061.251372363175,18022.861000214678,3094.7650002146784,3107.625000214679,5.548508641264495,1468.905259153808,26.96357894891024,9.905385886165247,3.0,4.471223838131304,0.43639250420375303,4.031400418014226,5.119176302395587,71260.42879677193,3780.000000000005,16950.02229552126,1875.470066439274,26619.446664831798,22710.0,0.7640686922060766,5.476888321141682,18.5235772919761,8.488952618968577,267.23824439493546,37756.46625300688,16751.98127188252,16751.98127188252,10892.26598869675,1571.801054579638,7188.363900070977,669.0374165503686,300.3404476070315,108.21348801650015,25258.0,27.18915025000024,0.0
20260809,8.0,no_zone_virtual_ideal,100000,8612874101,5281,7829191966,1014.9760722922327,1002.2005852015136,1956.4165335347739,2138.093832281529,17112.70835694393,2184.6123569439314,2194.3923569439303,5.843610369215599,999.6545972728087,15.321475019424014,3.829266448858273,3.0,4.471403838131315,0.0006806962055145777,4.020124036228793,0.0,67067.398835864,0.0,0.0,24.682689981807926,37093.290004936476,31686.0,0,0.0,0.0,0.0,437.74060871663823,20240.11984358456,23413.63949613972,23413.63949613972,0.0,0.0,0.0,0.0,0.0,0.0,17863,16.37394645799941,129.33204521188264
20260809,16.0,static_zone,100000.0,8612874101.0,4471.0,8071662800.0,1232.8695803163284,1226.155439836307,2369.8206687688757,2576.2157764084945,17622.606218142413,2694.5102181424136,2706.6302181424126,5.6745295651587755,1214.230245895585,18.63933442074349,5.127527852572707,3.0,6.485305687198973,0.0,4.026500880971767,0.0,80836.2507141523,0.0,0.0,0.0,31426.860475050864,26826.0,0.0,0.0,0.0,0.0,630.3695184178105,23410.792191513272,28712.729261319513,28712.729261319513,0.0,0.0,0.0,0.0,0.0,0.0,21731.0,19.65863816700221,0.0
20260809,16.0,no_zone_coordinated,100000.0,8612874101.0,3442.0,7719162023.0,1687.6339318999203,1680.4461942809767,3200.1094255140392,3421.691253069701,18444.45066250752,3516.3546625075196,3527.87466250752,5.421684919208379,1657.585676534925,30.048255364995377,11.01338057555074,3.0,6.485305687198963,0.38919168388112696,4.032122824357035,5.128254594007439,82090.5428775514,4686.000000000002,13152.244903359244,1685.0820725328526,24217.897476091894,20652.0,0.7277745496804183,5.1825232142240685,18.0,8.919122451679623,315.8652738818382,37972.5652635815,22058.988806984948,22058.988806984948,7556.4484678409,1358.9742108361502,7931.265208327505,532.1364928770315,364.4152665256637,95.0052569519944,28824.0,25.675911916998302,0.0
20260809,16.0,no_zone_virtual_ideal,100000,8612874101,4473,8082384560,1236.2649126048343,1228.6302532065401,2376.8488079888853,2587.460835820423,17530.6596735663,2602.563673566301,2616.3236735662995,5.704291901278851,1217.56507830262,18.699834302214523,5.185885466689556,3.0,6.48578568719896,0.001477605830332468,4.026685542495589,0.0,80989.25096103737,0.0,0.0,28.508031623521674,31441.03159283651,26838.0,0,0.0,0.0,0.0,538.422973841698,23513.44679775229,28737.90208164254,28737.90208164254,0.0,0.0,0.0,0.0,0.0,0.0,21513,16.477412084001116,178.63233301889966
20260809,32.0,static_zone,100000.0,8612874101.0,3512.0,7731477859.0,1660.450101689379,1644.699454618165,3200.3532332715804,3464.78553950582,18569.013756282944,3640.9177562829445,3651.837756282943,5.3853156291709015,1635.2019969172402,25.248104772138678,7.7277663454423715,3.0,10.485532911072724,0.0,4.034805515623551,0.0,99970.56275463222,0.0,0.0,0.0,24708.1177310332,21072.0,0.0,0.0,0.0,0.0,918.0372160398219,27197.87011574119,36386.34631944552,36386.34631944552,0.0,0.0,0.0,0.0,0.0,0.0,28322.0,18.63086716700127,0.0
20260809,32.0,no_zone_coordinated,100000.0,8612874101.0,2871.0,7981036738.0,2150.727800434315,2139.775990824828,4077.8944470986626,4421.630148444395,19398.805368847297,4470.709368847298,4486.709459732459,5.154956611946364,2113.525514814205,37.20228562011013,13.449881189138567,3.0,10.485532911072697,0.7993453965746938,4.041471694345284,5.426054428978792,98775.00887639142,6330.000000000001,8895.250466925929,1961.728305829313,20224.860012588757,17226.0,0.679554162312783,5.303117543338882,19.07833851330969,10.238904147226584,526.9019081738188,39239.94549204442,29767.531692173507,29767.531692173507,5606.44125826867,1096.905273078217,7668.481782743078,476.48045762695205,308.11884643642907,68.82284877258394,35495.0,23.757066999998642,0.0
20260809,32.0,no_zone_virtual_ideal,100000,8612874101,3509,7733785994,1661.5499699738234,1647.3213521209254,3197.2441271749294,3464.6299785837696,18418.21019574774,3490.1141957477394,3526.9941957477367,5.429409206280384,1636.2662950616962,25.283674912127136,7.761503295158807,3.0,10.486432911072706,0.0005765351336849926,4.035162170761896,0.0,100052.63228886497,0.0,0.0,5.55098257141799,24687.153367851002,21054.0,0,0.0,0.0,0.0,767.2336555046168,27277.619649973945,36387.506319445514,36387.506319445514,0.0,0.0,0.0,0.0,0.0,0.0,28490,15.285479666003084,304.12527721917576
20260809,64.0,static_zone,100000.0,8612874101.0,2533.0,7665753237.0,2540.079387621273,2527.3433668701664,4872.619383035836,5259.517575449958,20337.383441601523,5409.287441601524,5447.287441601524,4.9170533803991265,2501.5273075881314,38.5520800331418,13.031420325280418,3.0,18.47288544200424,0.0,4.0477742658570275,0.0,126671.37856132201,0.0,0.0,0.0,17853.730416300583,15198.0,0.0,0.0,0.0,0.0,1244.1315356167506,33755.01920643593,46458.17967744304,46458.17967744304,0.0,0.0,0.0,0.0,0.0,0.0,42213.0,18.440873333001946,0.0
20260809,64.0,no_zone_coordinated,100000.0,8612874101.0,2218.0,7941229495.0,3058.5063999814915,3042.6544365947193,5822.213940751214,6268.046267690526,21430.191557669845,6502.095557669845,6540.615557669846,4.666313865225815,3006.6456807321083,51.860719249383145,19.23289628149964,3.0,18.47288544200426,1.1648209168443773,4.0544626375781725,5.935653971456698,123531.99541986106,6570.000000000001,7011.696555141165,2554.4924016775144,15652.998743501155,13308.0,0.6591523895401262,6.123397905834611,24.0,12.324588525536448,799.4012210461224,42693.86047255909,40419.06747365099,40419.06747365099,4902.635153767569,1060.640358422209,6749.006352888671,374.010233829105,350.6120362300756,144.79242000353554,45791.0,22.75224162500308,0.0
20260809,64.0,no_zone_virtual_ideal,100000,8612874101,2529,7668478364,2545.2068876691587,2533.2150957585072,4883.631751487655,5255.503431642567,20266.54844004062,5338.452440040621,5371.5324400406225,4.934239310450614,2506.5418526173507,38.66503505180806,13.140687341292114,3.0,18.47390544200421,0.00349759397550366,4.046944674536072,0.0,126798.77253240369,0.0,0.0,53.170874977971835,17825.77233102773,15174.0,0,0.0,0.0,0.0,1173.2965340558476,33925.533177517595,46436.61967744304,46436.61967744304,0.0,0.0,0.0,0.0,0.0,0.0,42572,14.930229249999684,406.09449502805495
20260810,4.0,static_zone,100000.0,8612874101.0,5812.0,8117979300.0,905.2645999008728,900.897332693593,1744.6929885708653,1912.633116203311,16940.629317735446,2012.533317735446,2020.5833177354452,5.902968427230046,891.6665503996911,13.598049501181709,3.060958511545093,3.0,3.5155845748861596,0.0,4.0215064147502675,0.0,58311.94995464815,0.0,0.0,0.0,40815.06600599213,34872.0,0.0,0.0,0.0,0.0,383.2670063522273,17702.06770995001,20304.94112234907,20304.94112234907,0.0,0.0,0.0,0.0,0.0,0.0,16056.0,20.86373766700126,0.0
20260810,4.0,no_zone_coordinated,100000.0,8612874101.0,3821.0,8020538910.0,1495.5007559200492,1493.8262753612544,2820.384707641887,2985.6444010164732,18048.540058733844,3120.444058733845,3128.8740587338452,5.540614347452947,1467.5334119626702,27.96734395737878,9.581832579351271,3.0,3.515584574886147,0.6614870383536369,4.028946962917002,7.179492801870571,63120.8350602904,3552.000000000003,24677.814447138335,2507.315758575396,26875.8203827034,22926.0,0.8131379220099451,7.388069732305244,22.796180497936803,10.359564934729665,237.24716032097422,36381.761099512245,13369.53698038908,13369.53698038908,17212.478792053535,2071.034626900477,7463.505244695806,984.7011398160245,358.8494265568607,139.24521711563602,25698.0,29.50819095800034,0.0
20260810,4.0,no_zone_virtual_ideal,100000,8612874101,5810,8122864867,905.3190315736331,901.4660815485454,1745.2010354098875,1911.044083828438,16818.87677748658,1890.7807774865814,1902.4107774865824,5.945700258287048,891.7039896246757,13.61504194895734,3.075468327673898,3.0,3.5160045748861584,0.00202181728875119,4.021547229108342,0.0,58412.740390769715,0.0,0.0,34.10233654907279,40801.142959988276,34860.0,0,0.0,0.0,0.0,261.5144661033628,17798.289652084954,20307.22536934238,20307.22536934238,0.0,0.0,0.0,0.0,0.0,0.0,16012,16.655842749998556,100.19102608776754
20260810,8.0,static_zone,100000.0,8612874101.0,5231.0,8119625534.0,1027.8913172649839,1020.5965333373169,1967.8545615418202,2152.722010799502,17173.281774118816,2245.185774118816,2258.4857741188152,5.822998848752724,1012.3939692542241,15.497348010759733,3.8594766999974643,3.0,4.616787818538439,0.0,4.021083492223749,0.0,67758.01917636435,0.0,0.0,0.0,36747.88882217687,31386.0,0.0,0.0,0.0,0.0,439.2827714253108,20013.770589185435,23872.12429358946,23872.12429358946,0.0,0.0,0.0,0.0,0.0,0.0,18030.0,21.957634624999628,0.0
20260810,8.0,no_zone_coordinated,100000.0,8612874101.0,3764.0,7732303399.0,1514.9624835898248,1512.9749650611031,2856.5336326474535,3016.5228150202042,18067.416665123088,3139.3206651230885,3149.258748275055,5.534825584281655,1487.6114620340065,27.351021555818438,9.951388422623985,3.0,4.616787818538432,0.49420812856416885,4.028964599422623,5.25967258666918,72544.8341715153,3708.0000000000023,16684.507496951348,2102.949085029719,26472.219052638116,22584.0,0.7616896918172157,5.417775636809604,18.91760005564665,8.640893007182775,141.3883434787822,38147.36991968472,17198.73212591528,17198.73212591528,10596.32057969696,1401.217729374458,7312.519972441665,643.4362674453602,349.27157555940266,89.74137243350378,25954.0,33.53346520899868,0.0
20260810,8.0,no_zone_virtual_ideal,100000,8612874101,5234,8119606575,1026.1746758961967,1018.3867244064113,1962.9193433437658,2150.210086007658,17080.478399440235,2152.3823994402355,2172.5898024507387,5.854636952280987,1010.6822939877025,15.492381908494181,3.852852027218593,3.0,4.616787818538434,0.0016581583511625286,4.021083904385888,0.0,67768.38819633248,0.0,0.0,35.206318436157744,36768.88957083168,31404.0,0,0.0,0.0,0.0,330.48068011362557,20008.80492688975,23879.791634721365,23879.791634721365,0.0,0.0,0.0,0.0,0.0,0.0,17747,16.635892165999394,163.2594066375607
20260810,16.0,static_zone,100000.0,8612874101.0,4423.0,7789601472.0,1249.9431995096888,1239.942511322769,2403.4647507309783,2634.2442883189224,17641.4356685237,2713.3396685237003,2719.7396685237018,5.66847289976646,1230.9232928034226,19.019906706266294,5.23213422046281,3.0,6.763452918331504,0.0,4.024319567471963,0.0,81912.56532082481,0.0,0.0,0.0,31086.360430981447,26538.0,0.0,0.0,0.0,0.0,460.2282354311574,23158.638846598114,29376.96323711335,29376.96323711335,0.0,0.0,0.0,0.0,0.0,0.0,21787.0,20.10602191599901,0.0
20260810,16.0,no_zone_coordinated,100000.0,8612874101.0,3382.0,7701331809.0,1752.426301716894,1750.016918710116,3302.145395617462,3550.107402086886,18516.493044661696,3588.397044661697,3598.1955852752526,5.40059069278402,1721.2823337528346,31.14396796405951,11.656376485592332,3.0,6.763452918331507,0.41946160297978924,4.029760152437065,5.274916804718803,84101.03611984629,4806.000000000004,12598.256170539187,1690.6524898925384,23797.593072472762,20292.0,0.7158486102897693,5.146143161010997,18.318020913358712,9.136092477973328,268.7035745563917,39157.831125503064,22471.60249717161,22471.60249717161,7610.739021892193,1279.9549595470933,7852.495036636496,425.08027208312717,189.68819049246275,46.29868988782073,30045.0,31.907272500000545,0.0
20260810,16.0,no_zone_virtual_ideal,100000,8612874101,4422,7789602373,1249.9914490921583,1239.9634435812786,2403.0962144193663,2631.0245117492163,17563.318621071416,2635.222621071416,2649.222621071416,5.693684784607051,1230.9685795022822,19.02286958987605,5.234394970806967,3.0,6.76345291833151,0.0007102857317424653,4.0243114150058155,0.0,81983.85337345794,0.0,0.0,19.73770143067534,31079.360095302454,26532.0,0,0.0,0.0,0.0,370.7912176047539,23246.953599398956,29368.44988702949,29368.44988702949,0.0,0.0,0.0,0.0,0.0,0.0,21808,15.632088209000358,173.18658939400225
20260810,32.0,static_zone,100000.0,8612874101.0,3443.0,7702939734.0,1699.7476766220634,1691.1040984488857,3244.906598828405,3545.2950571848583,18666.683417542114,3738.587417542114,3758.427417542114,5.357138049816845,1673.7640974963974,25.98357912566591,7.927008697594579,3.0,11.026870864019745,0.0,4.0296995640514925,0.0,101787.02587948543,0.0,0.0,0.0,24224.63997975235,20658.0,0.0,0.0,0.0,0.0,629.2874987533469,27636.92483672917,37075.05052137813,37075.05052137813,0.0,0.0,0.0,0.0,0.0,0.0,29455.0,23.76409766699726,0.0
20260810,32.0,no_zone_coordinated,100000.0,8612874101.0,2814.0,8290261419.0,2200.80278630603,2204.007030550818,4149.629671226437,4414.069927113221,19399.26604783178,4471.170047831782,4491.530047831782,5.1548341959657185,2162.5818184789587,38.22096782707119,13.874759909636008,3.0,11.02687086401973,0.5607079216234966,4.0432678104195565,5.715361321372368,99781.37544428596,6324.0,9800.216610735006,1586.6795025451845,19830.755056526566,16884.0,0.685501066098081,5.729998795570364,20.571987526795716,10.93908860972524,274.05848416019944,39373.121401494456,30204.127021395754,30204.127021395754,6073.210144326619,1153.738840332219,8021.043040956331,475.14425862213363,259.3190613761348,141.7612651215677,36347.0,26.257018000000244,0.0
20260810,32.0,no_zone_virtual_ideal,100000,8612874101,3445,7701213877,1700.492986481742,1693.543703286141,3246.590058739212,3546.5514173742245,18502.362173049205,3574.2661730492055,3599.3861730492044,5.404715304171344,1674.4351962265873,26.057790255154675,8.00033246734355,3.0,11.027230864019756,0.00038538442409400005,4.029841539367205,0.0,101814.30571373765,0.0,0.0,18.26676112667977,24238.613247994104,20670.0,0,0.0,0.0,0.0,459.0256008434699,27640.932338373532,37086.68668768206,37086.68668768206,0.0,0.0,0.0,0.0,0.0,0.0,29488,15.431320792005863,176.13849979795287
20260810,64.0,static_zone,100000.0,8612874101.0,2489.0,7672266727.0,2598.5896721702593,2578.5237260792073,4988.453590957796,5423.600486487958,20709.95457637324,5781.858576373239,5788.658576373242,4.82859581517789,2558.134883080221,40.45478909003826,13.871183150824166,3.0,19.537936194747697,0.0,4.045669744466308,0.0,128470.41716353236,0.0,0.0,0.0,17545.81854543597,14934.0,0.0,0.0,0.0,0.0,1187.5664092794395,33975.554432017394,47247.43136575748,47247.43136575748,0.0,0.0,0.0,0.0,0.0,0.0,42292.0,24.705718749999505,0.0
20260810,64.0,no_zone_coordinated,100000.0,8612874101.0,2189.0,7642943015.0,3115.453414869157,3124.0833516465827,5860.889809438172,6289.298092717203,21280.206202226243,6352.110202226244,6373.46924855892,4.699202585242733,3062.9975090108105,52.4559058583467,19.56504492142658,3.0,19.537936194747736,0.798107989280413,4.049220841627411,5.505595911264512,125600.71941755207,6521.999999999999,6096.505915127198,1920.095350526243,15445.247457586034,13134.0,0.6482412060301508,5.76450704208643,24.0,12.456570498644815,559.371900412887,42494.69880238522,41553.01030758343,41553.01030758343,3944.2205321192096,1234.7927151794524,6597.58258905897,345.86245721634975,394.58036046179006,101.46726109142492,45430.0,21.562600792000012,0.0
20260810,64.0,no_zone_virtual_ideal,100000,8612874101,2488,7672267907,2602.4176928253783,2583.055046920481,4982.930362387499,5408.425738266509,20365.74744772651,5437.65144772651,5499.571447726508,4.9102052481340825,2561.9168646800586,40.50082814531993,13.912734561463301,3.0,19.5399761947477,0.003123398024421731,4.0449939910844215,0.0,128507.02305098267,0.0,0.0,27.1230428781746,17538.818214191564,14928.0,0,0.0,0.0,0.0,737.3685456099738,34074.3203194677,47216.35136575748,47216.35136575748,0.0,0.0,0.0,0.0,0.0,0.0,42239,15.395026958001836,362.36
20260811,4.0,static_zone,100000.0,8612874101.0,5849.0,7835780507.0,898.522107367127,896.319384895698,1709.6295393888063,1841.8736843806093,16805.352879184793,1877.2568791847934,1887.7129011626512,5.95048498647479,884.9014340660787,13.620673301048425,3.095975958514431,3.0,3.5064705987349125,0.0,4.018226743798903,0.0,57788.22590915058,0.0,0.0,0.0,41069.593526975375,35094.0,0.0,0.0,0.0,0.0,195.60920197020096,17824.533174037122,19981.84636755673,19981.84636755673,0.0,0.0,0.0,0.0,0.0,0.0,15856.0,20.525364125001943,0.0
20260811,4.0,no_zone_coordinated,100000.0,8612874101.0,3846.0,8022711738.0,1495.6049554306321,1493.3673794831284,2824.3899419539034,3076.107446483456,18085.559449716337,3157.463449716337,3169.2934497163387,5.529273245764507,1467.6436324519204,27.96132297871181,9.611498918144692,3.0,3.5064705987349116,0.840785823370662,4.030811109658542,6.971756528802855,62907.337862641056,3288.0000000000036,24310.707356114268,2728.5719765165827,27050.86366887436,23076.0,0.8049921996879875,7.175950950627736,22.528520178994313,10.191546291031859,443.1483051821597,36658.83517201087,13124.251345315093,13124.251345315093,16791.8693644208,2119.3040108673786,7094.329963441238,1055.7862671511764,433.27428132651437,104.14346890716638,25648.0,28.879763083001308,0.0
20260811,4.0,no_zone_virtual_ideal,100000,8612874101,5851,7837458876,896.2795336181858,893.3683899849184,1707.571855521795,1841.8109969630505,16789.125277972093,1861.029277972093,1881.9413219278085,5.956236453319186,882.6948615863072,13.584672031878645,3.0595356261766304,3.0,3.506710598734911,1.8739743339130187e-05,4.01840706722356,0.0,57716.58425388696,0.0,0.0,1.8739743339130186,41083.62090393219,35106.0,0,0.0,0.0,0.0,210.42263484556315,17718.374551976507,19999.104850955227,19999.104850955227,0.0,0.0,0.0,0.0,0.0,0.0,15602,16.66224162499566,59.111177437240976
20260811,8.0,static_zone,100000.0,8612874101.0,5274.0,8119556647.0,1011.4558086811757,1010.7104673390254,1921.778929958798,2064.8190550321074,17036.073731140168,2107.9777311401685,2121.9177311401672,5.8698971123381805,996.060495063574,15.395313617601746,3.8145750702112418,3.0,4.558462995789572,0.0,4.022275551600778,0.0,66989.42647950759,0.0,0.0,0.0,37048.902777247495,31644.0,0.0,0.0,0.0,0.0,242.86682513005871,19986.559020865578,23501.433729321005,23501.433729321005,0.0,0.0,0.0,0.0,0.0,0.0,17810.0,18.982796000000235,0.0
20260811,8.0,no_zone_coordinated,100000.0,8612874101.0,3767.0,8021457235.0,1518.6735095919162,1520.4692473863588,2863.6993881709923,3040.2716919850473,17985.999135431706,3057.9031354317067,3068.7578591308065,5.559880173851669,1491.0028143254945,27.6706952664218,9.950790946659994,3.0,4.558462995789577,0.5811183269140676,4.029584994878131,5.550738002179897,71576.98474985606,4128.0,16695.233637408866,2023.3732654653675,26497.816079086177,22602.0,0.7613485532253783,5.527802930026245,18.02878563957037,8.636762188887957,257.4648937846141,38033.30751941032,16771.838615222867,16771.838615222867,10819.744164535867,1492.8030952515846,7329.260291567243,758.8845631580086,271.3033126206309,151.23821027553038,26098.0,26.7356330420007,0.0
20260811,8.0,no_zone_virtual_ideal,100000,8612874101,5277,8119555711,1011.774940173966,1011.7221167062835,1921.107772223599,2065.177483584089,17020.353252537185,2092.257252537185,2120.1372525371826,5.875318714968106,996.3893451362318,15.38559503773414,3.8046734882345943,3.0,4.558582995789575,4.4224536092972994e-05,4.0222943291737225,0.0,67030.80825552317,0.0,0.0,4.4224536092973,37069.903812370176,31662.0,0,0.0,0.0,0.0,227.0321192375668,19984.93126341745,23522.93849605286,23522.93849605286,0.0,0.0,0.0,0.0,0.0,0.0,17802,16.051476374996128,76.38741159234156
20260811,16.0,static_zone,100000.0,8612874101.0,4473.0,8064822161.0,1229.3930484020502,1224.3112388986165,2334.4905952430217,2519.64770370995,17530.92707215255,2602.8310721525504,2614.6310721525497,5.704204893924153,1210.584703294543,18.808345107507176,5.179780534480068,3.0,6.6035321684259785,0.0,4.025032404601104,0.0,80944.99801843977,0.0,0.0,0.0,31440.75244602216,26838.0,0.0,0.0,0.0,0.0,366.44419299462606,23024.753378365178,28960.122320037295,28960.122320037295,0.0,0.0,0.0,0.0,0.0,0.0,21289.0,18.36611241599894,0.0
20260811,16.0,no_zone_coordinated,100000.0,8612874101.0,3412.0,7712942774.0,1716.4160256901057,1707.5719156294417,3234.066003059038,3458.787473590341,18478.86883461728,3550.772834617279,3559.1728346172804,5.411586655816594,1685.702714486721,30.71331120338457,11.562329313792791,3.0,6.60353216842599,0.5025112639227373,4.032062127034509,5.0128763302084876,83483.75608317506,4296.000000000003,12672.970356106924,2175.1669094307936,24007.78812379125,20472.0,0.7189331770222743,4.973320737428759,17.85074445541406,8.706500952338084,307.0287962471084,39329.03413267153,22077.36097525177,22077.36097525177,8081.939755103791,1206.7068534986786,6790.616848101537,631.8993379533441,187.66892455284557,70.13863689673144,28873.0,29.025547291003022,0.0
20260811,16.0,no_zone_virtual_ideal,100000,8612874101,4475,8064821037,1228.9538104776914,1223.7411616676504,2333.338764446711,2519.536214641938,17499.172595893746,2571.0765958937463,2585.116595893747,5.71455589982954,1210.150837847836,18.802972629855322,5.174562786708838,3.0,6.603592168425977,0.00023233904140441156,4.024585335679068,0.0,80982.9906749727,0.0,0.0,18.17511714876673,31454.753128156663,26850.0,0,0.0,0.0,0.0,334.689716735822,23033.738915743274,28974.625879614712,28974.625879614712,0.0,0.0,0.0,0.0,0.0,0.0,21240,15.990350917003525,86.91833260932509
20260811,32.0,static_zone,100000.0,8612874101.0,3505.0,7715458827.0,1664.4401307916999,1657.015836783101,3151.311806636866,3365.5420341188587,18408.895274310787,3480.799274310788,3502.8792743107897,5.432156493363718,1638.9390479719316,25.5010828197683,7.8065379640758525,3.0,10.66493574727256,0.0,4.029609108419889,0.0,100563.02422109939,0.0,0.0,0.0,24658.860665376662,21030.0,0.0,0.0,0.0,0.0,424.1742479640525,27208.03293239084,36677.495644354276,36677.495644354276,0.0,0.0,0.0,0.0,0.0,0.0,28023.0,18.05935645899808,0.0
20260811,32.0,no_zone_coordinated,100000.0,8612874101.0,2854.0,7688893485.0,2180.330372587163,2184.6497281255433,4109.610322880063,4384.312793991573,19467.99157519803,4539.89557519803,4560.73557519803,5.13663669997673,2142.1629301536427,38.16744243352026,14.455754480507212,3.0,10.664935747272537,0.4586592840796616,4.042044838559016,5.546048083101812,100612.15726377188,6090.000000000001,9459.008902833748,1433.2880258321175,20101.21057063713,17124.0,0.6878065872459705,5.448146076676156,19.557206913062494,10.352202997891975,374.88140158767783,40823.61682132793,29894.270221221977,29894.270221221977,6098.360801310271,1058.5478029047893,7480.4488495586165,490.7114185902903,318.8675206326337,102.07250983714727,36112.0,26.202683625000645,0.0
20260811,32.0,no_zone_virtual_ideal,100000,8612874101,3504,7715479917,1663.424876575718,1656.5961437407022,3150.6362132789586,3364.9963530070145,18353.413404591294,3425.3174045912947,3443.717404591296,5.448577754750731,1638.0184820413056,25.406394534412165,7.712096295670752,3.0,10.665175747272567,8.043136734773725e-05,4.029042060101501,0.0,100559.77185249086,0.0,0.0,2.6810455782579083,24651.860650593186,21024.0,0,0.0,0.0,0.0,368.6923782445592,27200.140563782305,36679.815644354276,36679.815644354276,0.0,0.0,0.0,0.0,0.0,0.0,27909,16.09782420800184,91.05979589711328
20260811,64.0,static_zone,100000.0,8612874101.0,2527.0,7658625669.0,2521.2555569107426,2516.8060449376007,4806.58072865742,5091.577701149476,20102.05485552105,5173.958855521052,5211.198855521054,4.974615815085933,2482.1521995318867,39.10335737885551,13.290974837395256,3.0,18.770797495172733,0.0,4.04158504628751,0.0,126600.03573970511,0.0,0.0,0.0,17811.615026658248,15162.0,0.0,0.0,0.0,0.0,582.1917830978891,33161.0463877976,46719.494675953756,46719.494675953756,0.0,0.0,0.0,0.0,0.0,0.0,40405.0,21.67987549999816,0.0
20260811,64.0,no_zone_coordinated,100000.0,8612874101.0,2216.0,7637368136.0,3074.056266419459,3075.3095555937844,5809.919941252074,6095.4263844817115,21146.22290918128,6218.126909181281,6255.486909181282,4.728976916089442,3021.7888766243987,52.26738979506029,19.843929695487418,3.0,18.770797495172705,0.7640820233431417,4.051744684207243,5.83683589684975,125061.863935021,6468.000000000005,6557.076032256849,1738.2808860482432,15634.168297270711,13296.0,0.6385379061371841,5.87774189181266,23.809621042215213,12.38125098123275,174.99937979199603,43331.36825210193,40865.24784145954,40865.24784145954,4875.382874995007,1134.6633866955199,6368.9515755825605,300.23164135099904,276.8797544219986,68.96679921076884,45089.0,21.309313084002497,0.0
20260811,64.0,no_zone_virtual_ideal,100000,8612874101,2526,7658625073,2525.694544104773,2521.9138023830837,4820.1541277062315,5089.546475180442,20049.57480263966,5121.478802639662,5201.958802639665,4.987636944142792,2486.4416943324904,39.252849772282424,13.440562022230651,3.0,18.771397495172742,0.00024040876122526244,4.040649846117795,0.0,126787.96915158388,0.0,0.0,4.8081752245052485,17804.614667185084,15156.0,0,0.0,0.0,0.0,529.7117302164988,33353.299799676366,46717.33467595376,46717.33467595376,0.0,0.0,0.0,0.0,0.0,0.0,40442,15.926194207997469,168.3056406460551
20260812,4.0,static_zone,100000.0,8612874101.0,5895.0,7844571095.0,883.0862477418054,870.221232757955,1717.6569043546424,1907.7939766376574,16874.094552662442,1945.9985526624423,1955.291089558863,5.926243905289823,869.7454559582909,13.34079178351456,3.039180978986063,3.0,3.2840533642404632,0.0,4.017557440287901,0.0,56982.533699294356,0.0,0.0,0.0,41391.74934960874,35370.0,0.0,0.0,0.0,0.0,484.3194981493252,17882.227541249515,19550.15307902242,19550.15307902242,0.0,0.0,0.0,0.0,0.0,0.0,15471.0,23.939948833001836,0.0
20260812,4.0,no_zone_coordinated,100000.0,8612874101.0,3869.0,8042833992.0,1472.1670155720672,1469.5302559602826,2783.532757015038,2972.007530855517,17976.498626195582,3048.4026261955823,3059.4302669300323,5.562818548784508,1444.5886161041947,27.578399467872323,9.334888816895031,3.0,3.284053364240455,0.7113011093343259,4.029571754017174,7.218584423385152,61882.24745087604,3504.000000000009,24849.953211155935,2675.166956862491,27212.19155348816,23214.0,0.8084776428017576,7.328496565302648,22.341837412417952,10.276894965986207,180.48615188501935,36217.37430542034,12832.436572727855,12832.436572727855,17408.6793558993,2213.656669427308,7106.8933028717,1014.9275412925006,462.6274488870772,147.1688927780571,24982.0,27.296344582999154,0.0
20260812,4.0,no_zone_virtual_ideal,100000,8612874101,5888,7841439355,882.8687998549601,871.2794878958734,1719.3226037544125,1903.0911924974314,16755.484052063806,1827.3880520638068,1850.2880520638082,5.9681952302465895,869.5227774271802,13.346022427779907,3.0426592893808966,3.0,3.284053364240462,0.0016308102467347272,4.01767896391168,0.0,57049.321578745956,0.0,0.0,15.957855529224616,41342.69712194201,35328.0,0,0.0,0.0,0.0,365.7089975506897,18006.70559719406,19521.30799077595,19521.30799077595,0.0,0.0,0.0,0.0,0.0,0.0,15667,15.880235500000708,175.1033542374726
20260812,8.0,static_zone,100000.0,8612874101.0,5307.0,8123030794.0,1001.4618032107647,994.8897788749587,1926.9317114977455,2125.1410801778216,17079.114978878537,2151.0189788785374,2161.958050821502,5.855104326170786,986.3834872953303,15.078315915434468,3.7368802385367146,3.0,4.321441811733483,0.0,4.019993865164135,0.0,66238.82287955104,0.0,0.0,0.0,37279.96954732692,31842.0,0.0,0.0,0.0,0.0,496.4887416785459,19878.567507596596,23180.12768597722,23180.12768597722,0.0,0.0,0.0,0.0,0.0,0.0,17574.0,21.020081124999706,0.0
20260812,8.0,no_zone_coordinated,100000.0,8612874101.0,3759.0,8043611888.0,1517.5321406789014,1513.805361187915,2874.259589955004,3052.9661786231386,17996.30943654504,3068.213436545042,3078.9134365450427,5.556694851941718,1489.8285587453975,27.703581933503973,10.261358902259639,3.0,4.321441811733478,0.5737721030261423,4.031524488098303,5.51548462838623,71570.79802935461,3918.0,16676.12195031348,2502.3312590534338,26442.16541781209,22554.0,0.7480712955573291,5.47861717220364,18.252861852729986,8.66755974339793,124.75553022137319,38726.901155935,16421.948436709812,16421.948436709812,10795.493434052178,1367.455719058217,7450.2037994020075,704.3601209207327,214.48076189715675,62.128114983189676,25947.0,26.717010249998566,0.0
20260812,8.0,no_zone_virtual_ideal,100000,8612874101,5306,8124385259,1000.8182411859322,993.5331725677597,1930.1763483694676,2125.510801443093,16989.63628149906,2061.540281499061,2068.4783646510277,5.885941190447699,985.731658990891,15.086582195041153,3.744873756729306,3.0,4.321441811733477,0.00016194910069654726,4.0201046774775335,0.0,66317.34242317418,0.0,0.0,9.103946717441431,37272.990725968295,31836.0,0,0.0,0.0,0.0,407.0100442990697,19955.511890160986,23180.915266506596,23180.915266506596,0.0,0.0,0.0,0.0,0.0,0.0,17569,15.877320125000551,149.3498473234988
20260812,16.0,static_zone,100000.0,8612874101.0,4490.0,8068618788.0,1224.641275314116,1212.1855495849304,2359.7331885016865,2598.3827525894208,17611.848478280946,2683.752478280947,2694.2328452887396,5.677995704046665,1206.187608650946,18.453666663169958,5.0960440110328316,3.0,6.333530512244757,0.0,4.024092139892257,0.0,80557.64589963357,0.0,0.0,0.0,31559.818741783143,26940.0,0.0,0.0,0.0,0.0,627.0442545200967,23006.680221204697,28775.48283921444,28775.48283921444,0.0,0.0,0.0,0.0,0.0,0.0,21256.0,21.030183750001015,0.0
20260812,16.0,no_zone_coordinated,100000.0,8612874101.0,3392.0,7740505092.0,1726.3109206966938,1728.5207215491328,3236.5336403425754,3438.084615865747,18314.410369838406,3386.3143698384065,3396.0071901614338,5.460181244201439,1695.9124994380124,30.398421258681278,11.46956376714428,3.0,6.333530512244758,0.5544211941628565,4.03431916834054,5.006586616788755,82809.44388263242,4829.999999999998,12754.558873588667,1789.95404595063,23868.219215037538,20352.0,0.7243514150943396,5.184127026411753,18.258031052289798,9.022349345094236,175.74826799519724,39433.03705637426,21688.203413129082,21688.203413129082,7671.938234831255,1180.401711182573,7915.771690512165,520.4608779121482,200.32395314841722,95.66240600210676,29230.0,24.607084791998204,0.0
20260812,16.0,no_zone_virtual_ideal,100000,8612874101,4492,8069897762,1222.4184451032825,1211.739702820014,2357.8282702110773,2588.220553867429,17420.25460862725,2492.158608627249,2515.0386086272465,5.740444226944637,1203.9569094486708,18.461535654611676,5.103052073346041,3.0,6.334250512244763,0.00015066032996553986,4.0240824086907985,0.0,80524.62010836802,0.0,0.0,4.185737138242985,31573.839770527396,26952.0,0,0.0,0.0,0.0,435.45038486639896,22970.244161105864,28777.187973631077,28777.187973631077,0.0,0.0,0.0,0.0,0.0,0.0,21165,15.88866450000205,229.784762592717
20260812,32.0,static_zone,100000.0,8612874101.0,3490.0,7743464337.0,1661.1997828648093,1651.3981377763394,3192.8086646603756,3470.3405661246074,18522.045189793564,3593.949189793564,3609.6691897935652,5.398971818463345,1635.9486704073995,25.251112457409835,7.89107504568713,3.0,10.327220482581621,0.0,4.032816929141077,0.0,100522.58282101256,0.0,0.0,0.0,24554.300550970078,20940.0,0.0,0.0,0.0,0.0,930.3984328234692,27684.15398841808,36419.21441629724,36419.21441629724,0.0,0.0,0.0,0.0,0.0,0.0,28631.0,19.905862374998833,0.0
20260812,32.0,no_zone_coordinated,100000.0,8612874101.0,2841.0,7685778442.0,2156.6165120811775,2160.307439427156,4051.06722634596,4263.808341561609,19287.919776802948,4359.8237768029485,4383.663776802949,5.184592281447959,2119.3191212447723,37.29739083640508,14.189294791052335,3.0,10.3272204825816,0.5969381243730544,4.036579027304199,5.14735841109384,99803.32849955212,5676.0,9535.086573631444,1598.3336632106725,20010.15650836207,17046.0,0.6825061598028863,5.354131141721734,19.593204139906447,10.284710326998947,232.04229635886804,40377.11974819282,29713.10437567965,29713.10437567965,6015.128109590926,1080.7521320761066,7340.753328184243,401.30335308159135,248.15890694521806,124.99074375335863,35863.0,22.630457415998535,0.0
20260812,32.0,no_zone_virtual_ideal,100000,8612874101,3490,7746713174,1660.1088579300053,1653.553925658287,3186.4796821294976,3447.7679459436563,18335.35608119156,3407.26008119156,3423.4600811915607,5.453943711656638,1634.9721093227893,25.13674860721601,7.774783621806596,3.0,10.328840482581615,0.00012065587594013778,4.033003846951843,0.0,100483.15749995834,0.0,0.0,3.921939414649387,24554.352189843496,20940.0,0,0.0,0.0,0.0,743.7093242214651,27669.334554814166,36406.91147257209,36406.91147257209,0.0,0.0,0.0,0.0,0.0,0.0,28482,15.907997124995745,256.54704513897644
20260812,64.0,static_zone,100000.0,8612874101.0,2531.0,7658869668.0,2510.65292055077,2484.9042261857103,4836.669635784228,5251.078577183574,20371.43592311345,5443.339923113452,5485.179923113452,4.90883413311773,2472.417169324818,38.235751225951724,12.889902372240703,3.0,18.29992279454608,0.0,4.04592605916484,0.0,126710.41891259282,0.0,0.0,0.0,17839.62030491791,15186.0,0.0,0.0,0.0,0.0,1228.5789103777133,32926.31911147063,46892.0499005611,46892.0499005611,0.0,0.0,0.0,0.0,0.0,0.0,40464.0,18.439143625000725,0.0
20260812,64.0,no_zone_coordinated,100000.0,8612874101.0,2195.0,8233130059.0,3073.385684640506,3097.288364235058,5769.5948482459935,6056.229938847336,21002.329193886337,6074.233193886337,6085.91213049878,4.761376658599821,3022.1525535900105,51.23313105049528,19.060176847727945,3.0,18.29992279454609,1.1764483517407143,4.054404436602545,5.642178619877947,123751.60925758704,6540.000000000002,6881.8747934708235,1997.7516310093217,15496.63032801501,13170.0,0.6432801822323463,6.114749336433178,24.0,12.918070061088379,281.12180283791895,42472.534135397174,40639.537561094934,40639.537561094934,4382.7043985988585,1316.252263249388,7152.24304290564,327.4388297825526,114.33802949892538,128.89822943546102,46748.0,19.09238974999971,0.0
20260812,64.0,no_zone_virtual_ideal,100000,8612874101,2533,7660219223,2510.285568891539,2484.79619802468,4836.285701175163,5235.77200289887,20123.068072175338,5194.972072175338,5226.892072175337,4.969421145986803,2472.1887689218206,38.096799969718276,12.745035448605455,3.0,18.301782794546092,0.0041762486155907394,4.045805477951046,0.0,126958.44876636025,0.0,0.0,18.157602676481474,17853.642455516943,15198.0,0,0.0,0.0,0.0,980.2110594395999,33064.82896523805,46946.8099005611,46946.8099005611,0.0,0.0,0.0,0.0,0.0,0.0,40299,14.565379874999053,389.4656406460551
20260813,4.0,static_zone,100000.0,8612874101.0,5869.0,8133355682.0,894.1622117112069,891.0369756349351,1719.9392989118498,1908.9714303614849,16918.700899547082,1990.6048995470828,2001.5127779499144,5.910619295993171,880.7746228400985,13.38758887110837,3.0122881907954016,3.0,3.3544536718535785,0.0,4.020847008459257,0.0,57329.5426839698,0.0,0.0,0.0,41214.33035700201,35214.0,0.0,0.0,0.0,0.0,425.03477375051443,17755.818378973057,19786.86215249837,19786.86215249837,0.0,0.0,0.0,0.0,0.0,0.0,15706.0,20.182968124998297,0.0
20260813,4.0,no_zone_coordinated,100000.0,8612874101.0,3841.0,8025624954.0,1481.7079364136296,1475.6468200100007,2803.786727021187,2991.8305585558205,17938.004152253085,3009.908152253085,3021.3381522530854,5.574756207615193,1453.7159716892581,27.99196472437138,9.519942101328002,3.0,3.354453671853567,0.6214319544037366,4.03535194765107,7.46078504913488,62527.56401961361,3588.0000000000023,24532.937462051843,2738.4418778481804,27015.90822319565,23046.0,0.801614162978391,7.321254220789338,23.16982652801744,10.516431362023877,101.71238769455522,36671.3501953627,12928.106912125451,12928.106912125451,16618.165519997114,1896.9461448328948,8177.302450768098,925.6849447482921,319.18130508550195,183.6570966199415,25288.0,26.964342374998523,0.0
20260813,4.0,no_zone_virtual_ideal,100000,8612874101,5865,8126853124,894.6517887414567,891.6797248168853,1718.8191616816612,1906.9803021584432,16802.21067011664,1874.1146701166417,1885.1246701166401,5.951597796464589,881.287358973315,13.36442976814173,2.988332945876576,3.0,3.3545736718535797,0.00022816096779210984,4.021294989443618,0.0,57427.95144604838,0.0,0.0,9.024925688457206,41186.22560162608,35190.0,0,0.0,0.0,0.0,280.6611440282686,17859.682077034475,19784.134684506953,19784.134684506953,0.0,0.0,0.0,0.0,0.0,0.0,15726,16.017361332997098,170.64273660386084
20260813,8.0,static_zone,100000.0,8612874101.0,5303.0,7834515023.0,1008.2547002829348,1000.9399341159575,1943.0156245792691,2141.4088861713713,17126.93123942409,2198.835239424092,2207.015239424092,5.838757603569534,993.1380050099525,15.11669527298229,3.7265692758606637,3.0,4.3668153234151195,0.0,4.023310673706383,0.0,66548.64204185689,0.0,0.0,0.0,37247.3823126489,31818.0,0.0,0.0,0.0,0.0,421.7752788702601,19944.2828643024,23302.179588777246,23302.179588777246,0.0,0.0,0.0,0.0,0.0,0.0,17493.0,20.204073583001446,0.0
20260813,8.0,no_zone_coordinated,100000.0,8612874101.0,3747.0,7728924830.0,1524.1327285676548,1517.4008419312086,2877.3407964807593,3043.450488736947,17960.934287133907,3032.838287133907,3045.418287133909,5.567639099466767,1496.3326251795966,27.800103388058112,10.065901510934816,3.0,4.366815323415123,0.46784622543342685,4.032665690792097,5.866874637482479,70870.23587708833,4194.000000000001,17679.517617369656,2114.6621818640833,26353.159401730092,22482.0,0.7648785695222845,5.83760811779281,19.392438597266572,9.186693665421947,88.6950365302946,37973.191254676945,16448.522311205696,16448.522311205696,10951.495119723533,1541.9103452916954,8437.257203592531,616.2184428122882,234.0870386099736,92.54946733963436,26161.0,26.616844165997463,0.0
20260813,8.0,no_zone_virtual_ideal,100000,8612874101,5302,7829382819,1007.158955048666,1000.418106568774,1942.0821446694945,2138.245054554441,17010.56657556119,2082.470575561192,2102.1676318360387,5.878698957838853,992.0669464285849,15.092008620081193,3.700715622359344,3.0,4.366995323415116,0.0007956501136458281,4.0235020241929815,0.0,66509.5388032983,0.0,0.0,32.028239742973135,37240.30038846321,31812.0,0,0.0,0.0,0.0,317.79647474287776,19957.477010217644,23276.03089654033,23276.03089654033,0.0,0.0,0.0,0.0,0.0,0.0,17551,16.236383666997426,191.69740256420982
20260813,16.0,static_zone,100000.0,8612874101.0,4495.0,7792074182.0,1224.1045119147027,1213.8491760129848,2361.538134426667,2598.840806870636,17591.212577733604,2663.1165777336046,2675.9565777336047,5.684656447536585,1205.6588889343645,18.44562298033817,5.094643717807335,3.0,6.321560228241833,0.0,4.0294190342888845,0.0,80429.99712022288,0.0,0.0,0.0,31590.424933648428,26970.0,0.0,0.0,0.0,0.0,547.2745547288469,23096.838849049574,28666.579135586646,28666.579135586646,0.0,0.0,0.0,0.0,0.0,0.0,21301.0,20.50545187500029,0.0
20260813,16.0,no_zone_coordinated,100000.0,8612874101.0,3416.0,7724656436.0,1710.340608150356,1705.5476312758456,3218.880915538346,3426.826986392913,18444.862224981298,3516.7662249812984,3527.2084454914857,5.421563944487604,1679.9884886062332,30.35211954412274,11.469866809248478,3.0,6.3215602282418155,0.5969668122090502,4.0362636786251045,4.927462015798207,83404.57496931627,4458.000000000001,12542.471950537394,2042.4299600129864,24035.97570743459,20496.0,0.6908665105386417,4.9767189550753494,18.0,8.980703618878708,200.82187012455324,39756.15337249505,21824.21079841061,21824.21079841061,7465.205993748576,1112.1525257780604,7581.04210753691,552.6675834132675,248.34308808049343,41.060651980088295,29016.0,24.410051582999586,0.0
20260813,16.0,no_zone_virtual_ideal,100000,8612874101,4495,7796798066,1224.842357182393,1213.7965586489745,2361.3675936722607,2594.38072620485,17457.22681703999,2529.1308170399916,2548.274865390902,5.728286688833649,1206.3840324175628,18.458324764830124,5.106803389561614,3.0,6.321980228241833,0.00024316422799590553,4.029297982798574,0.0,80380.73517969999,0.0,0.0,6.2025652442273405,31590.5000177625,26970.0,0,0.0,0.0,0.0,387.3669266045363,23064.195089244855,28658.270045227568,28658.270045227568,0.0,0.0,0.0,0.0,0.0,0.0,21289,15.933031207998283,272.44
20260813,32.0,static_zone,100000.0,8612874101.0,3508.0,7722065741.0,1665.6644458503756,1651.3650726453288,3207.0861673895392,3474.9446543085924,18483.74926556467,3555.6532655646715,3579.013265564672,5.410157785807048,1640.4811073167884,25.183338533587207,7.946685138672482,3.0,10.202743025117925,0.0,4.033910369796737,0.0,100273.41423560856,0.0,0.0,0.0,24679.96672944654,21048.0,0.0,0.0,0.0,0.0,644.7748675818075,27584.52609753798,36344.44406903529,36344.44406903529,0.0,0.0,0.0,0.0,0.0,0.0,28862.0,19.175600000002305,0.0
20260813,32.0,no_zone_coordinated,100000.0,8612874101.0,2848.0,7972040363.0,2186.3973165596126,2196.13687745311,4107.059969536203,4358.467417236617,19338.368424920478,4410.272424920478,4426.432424920478,5.171067062262323,2148.870230637786,37.52708592182647,14.245306167046444,3.0,10.20274302511793,0.5466388188172153,4.045798203135632,5.486599707709134,99203.63995910471,6402.0,9534.015082669664,1718.641797293578,20063.708969059116,17088.0,0.6811797752808989,5.59551091385873,20.1970027448012,10.616932100379524,218.91368779864933,40301.86350382455,29450.88822764008,29450.88822764008,6026.106517102154,1244.2121296576097,7860.640876359039,457.3628977687865,241.79680897700817,105.89585280506708,36661.0,19.905180292000296,0.0
20260813,32.0,no_zone_virtual_ideal,100000,8612874101,3505,7724175398,1661.372723883276,1648.7507829500373,3198.8208678055394,3476.287999547943,18317.27948385822,3389.18348385822,3432.0634838582173,5.459325992602954,1636.2780714968221,25.094652386453824,7.855964166785354,3.0,10.204423025117915,0.00019148675088595567,4.034073707799583,0.0,100102.04507869888,0.0,0.0,12.425261599062154,24658.999211541493,21030.0,0,0.0,0.0,0.0,536.954260667284,27470.18671029438,36315.92918420225,36315.92918420225,0.0,0.0,0.0,0.0,0.0,0.0,28517,13.713155458994152,371.71390662663566
20260813,64.0,static_zone,100000.0,8612874101.0,2548.0,7667795447.0,2525.0342935670246,2503.7576623561563,4888.3515952472735,5291.891741539568,20450.621929798373,5522.525929798374,5545.146985485209,4.889826839656701,2487.0627668448824,37.9715267221423,12.96442192977754,3.0,17.953048655219405,0.0,4.054056137145339,0.0,126391.71289280581,0.0,0.0,0.0,17958.768126354345,15288.0,0.0,0.0,0.0,0.0,1187.4289624167395,33491.31484022317,46450.19902629132,46450.19902629132,0.0,0.0,0.0,0.0,0.0,0.0,41245.0,18.18587341699822,0.0
20260813,64.0,no_zone_coordinated,100000.0,8612874101.0,2210.0,7663319120.0,3047.6871256209447,3060.386731920791,5748.307605143633,6061.738233557769,21089.22242046441,6161.126420464412,6183.766420464412,4.741758515618039,2996.6692317910665,51.01789382987814,19.40560591558211,3.0,17.95304865521942,0.984746696123312,4.062225850304303,5.612266712649011,123962.85650564969,6510.0,6183.90734463585,2188.1113572458235,15592.578677052816,13260.0,0.63710407239819,5.743849477210792,24.0,12.384299848425218,382.4747370732148,43300.516704527494,40331.1699005611,40331.1699005611,4374.5203747263495,965.1002462759947,6701.7395485007255,357.9134895099965,246.9440702876015,47.68961533518183,45552.0,17.426241208999272,0.0
20260813,64.0,no_zone_virtual_ideal,100000,8612874101,2545,7668339200,2528.4879075750573,2505.86092519062,4873.445051269112,5278.89523469659,20093.089079216945,5164.993079216945,5196.7930792169445,4.976835548070796,2490.4503450239426,38.03756255111491,13.029127553637549,3.0,17.95466865521942,0.0005223785517134563,4.053243963706138,0.0,126421.01200215948,0.0,0.0,8.924952902464764,17937.775719075522,15270.0,0,0.0,0.0,0.0,867.7819895809007,33593.49394957684,46413.75902629132,46413.75902629132,0.0,0.0,0.0,0.0,0.0,0.0,41299,13.252931208000518,538.9856406460551
