length_m,policy,runs,logical_requests_mean,logical_requests_std,logical_bytes_mean,logical_bytes_std,physical_services_mean,physical_services_std,physical_bytes_mean,physical_bytes_std,latency_mean_s_mean,latency_mean_s_std,latency_p50_s_mean,latency_p50_s_std,latency_p95_s_mean,latency_p95_s_std,latency_p99_s_mean,latency_p99_s_std,last_read_s_mean,last_read_s_std,read_drain_s_mean,read_drain_s_std,system_return_drain_s_mean,system_return_drain_s_std,observed_request_throughput_mean,observed_request_throughput_std,request_queue_mean_s_mean,request_queue_mean_s_std,dispatch_to_read_mean_s_mean,dispatch_to_read_mean_s_std,request_fetch_mean_s_mean,request_fetch_mean_s_std,request_pick_mean_s_mean,request_pick_mean_s_std,request_delivery_mean_s_mean,request_delivery_mean_s_std,request_reader_queue_mean_s_mean,request_reader_queue_mean_s_std,request_reader_read_mean_s_mean,request_reader_read_mean_s_std,request_coordination_mean_s_mean,request_coordination_mean_s_std,movement_s_mean,movement_s_std,detour_s_mean,detour_s_std,conflict_wait_s_mean,conflict_wait_s_std,reader_queue_s_mean,reader_queue_s_std,reader_service_s_mean,reader_service_s_std,pick_place_s_mean,pick_place_s_std,conflict_affected_fraction_mean,conflict_affected_fraction_std,conflict_delay_mean_s_mean,conflict_delay_mean_s_std,conflict_delay_p95_s_mean,conflict_delay_p95_s_std,conflict_delay_affected_mean_s_mean,conflict_delay_affected_mean_s_std,zone_completion_spread_s_mean,zone_completion_spread_s_std,fetch_direct_s_mean,fetch_direct_s_std,delivery_direct_s_mean,delivery_direct_s_std,return_direct_s_mean,return_direct_s_std,fetch_coordination_s_mean,fetch_coordination_s_std,pick_coordination_s_mean,pick_coordination_s_std,delivery_coordination_s_mean,delivery_coordination_s_std,reader_coordination_s_mean,reader_coordination_s_std,return_coordination_s_mean,return_coordination_s_std,place_coordination_s_mean,place_coordination_s_std,max_dispatch_backlog_mean,max_dispatch_backlog_std,cpu_wall_s_mean,cpu_wall_s_std,reposition_s_mean,reposition_s_std
4.0,static_zone,10,100000.0,0.0,8612874101.0,0.0,5869.0,25.171412356083636,8074456575.9,174391003.65444264,893.6339682424516,6.162597314304976,887.6445046073126,8.689523392367681,1719.7302283046856,11.463997646861486,1899.658197761638,24.10785318279215,16919.17409569335,59.477829220458595,1991.0780956933515,59.477829220458595,2000.3412605121198,58.71725917601312,5.910527060221336,0.02078656174389832,880.229633204827,6.078119415959504,13.404335037624682,0.11620548409977727,3.0098234156049353,0.05085756199818795,3.0,0.0,3.37487572162664,0.0804845366927612,0.0,0.0,4.019635900392951,0.0011159144178925016,0.0,0.0,57416.06757866098,415.6629683429015,0.0,0.0,0.0,0.0,0.0,0.0,41213.39418092289,176.31901821003393,35214.0,151.0284741365018,0.0,0.0,0.0,0.0,0.0,0.0,0.0,0.0,395.4829954083558,86.62574959605072,17745.384242996122,160.0315921155791,19835.34166783243,248.82597103969894,19835.34166783243,248.82597103969894,0.0,0.0,0.0,0.0,0.0,0.0,0.0,0.0,0.0,0.0,0.0,0.0,15818.1,168.07882079548273,20.631553779300155,1.2632779058625658,0.0,0.0
4.0,no_zone_coordinated,10,100000.0,0.0,8612874101.0,0.0,3859.2,19.244739540975868,8001346407.4,159231431.19690344,1477.2647357636115,11.887396350005211,1474.60255670175,13.849582425533095,2790.330340576291,19.941696932563026,2987.6535014755696,35.786162122000306,17979.652192872854,64.13344160768776,3051.556192872854,64.13344160768776,3062.1816615480598,63.65865499050961,5.561913628662548,0.019842675923097342,1449.6279822550207,11.715717365750315,27.636753508590736,0.26793394276965676,9.439028284630545,0.1957822804128662,3.0,0.0,3.374875721626635,0.08048453669276158,0.6870125938957337,0.07734303468904484,4.030298319879179,0.0020560596431865837,7.105538588558498,0.22077750085362063,62193.731943668245,471.5925757333841,3519.600000000004,135.9023178610282,24620.357836057585,309.9210690306207,2617.9657908594436,164.5238991730452,27142.928696090115,134.20119587601283,23155.2,115.4684372458552,0.807319713559952,0.005452808426609922,7.291848460446255,0.09806895219982896,22.527253371911517,0.29050611209147986,10.300431656822955,0.12008223778941997,216.7755316880026,116.52148211539362,36103.96062159971,444.02331412357626,13044.885661034266,177.3073971520162,13044.885661034266,177.3073971520162,17127.378691032747,418.41735094515127,2069.1180746284895,103.2257205740517,7507.844069585887,338.84060507758693,919.2940023431428,77.46666544398329,372.1082347804594,55.16469766124685,144.2147636868641,29.04449994393872,25198.5,317.04234732918565,27.458627666499886,1.0275539780377012,0.0,0.0
4.0,no_zone_virtual_ideal,10,100000.0,0.0,8612874101.0,0.0,5865.8,24.20661066733631,8073382887.9,173297722.65202293,893.5985573701766,6.154970590840399,887.5108068146674,8.593139022718969,1720.1855748441042,10.470691134169922,1898.442080624713,24.398780537489838,16813.038763258646,31.57692096280022,1884.9427632586467,31.57692096280022,1899.180146936808,30.274377634423626,5.9477857857340215,0.011178153178625454,880.1877004870446,6.0845798632255965,13.41085688313209,0.10356912619534527,3.015342973049981,0.036472459129250935,3.0,0.0,3.3750377216266405,0.08055852588970801,0.0006902020740101584,0.0006199337794758441,4.019785986381294,0.0011326416802559453,0.0,0.0,57504.85820109767,399.73553966413596,0.0,0.0,0.0,0.0,17.83550673865688,9.167206878342132,41190.97599511173,169.6509964752622,35194.8,145.23966400401787,0.0,0.0,0.0,0.0,0.0,0.0,0.0,0.0,300.9116701755309,62.797018647184466,17842.199070967792,138.0537547171532,19831.329565064938,251.3570022771513,19831.329565064938,251.3570022771513,0.0,0.0,0.0,0.0,0.0,0.0,0.0,0.0,0.0,0.0,0.0,0.0,15783.5,126.03987464290815,16.298810887499712,0.27112016475200634,139.19087562936502,33.734033435181175
8.0,static_zone,10,100000.0,0.0,8612874101.0,0.0,5289.8,23.344378338263798,7977531509.5,146653005.28925464,1010.8974184893943,7.775661344707628,1004.6143949181616,9.254437854180399,1938.5766685392164,15.032712439821335,2132.4639041064206,29.74302232413867,17142.683670530412,72.31013174072291,2214.587670530414,72.31013174072291,2225.7885937707642,72.1691064623835,5.8334959510715665,0.024558120603825853,995.6988648258495,7.683818731855237,15.198553663544947,0.13976641467703274,3.76509484673942,0.056291852709312064,3.0,0.0,4.412177145304271,0.09680585032493205,0.0,0.0,4.021281671501132,0.0011005110473393009,0.0,0.0,66718.81909149713,417.92637785238963,0.0,0.0,0.0,0.0,0.0,0.0,37157.2508784822,162.26285209558068,31738.8,140.0662700295828,0.0,0.0,0.0,0.0,0.0,0.0,0.0,0.0,444.77328494195535,103.92794086256762,19939.239037257226,180.38597959680556,23389.79002711995,225.60189501186903,23389.79002711995,225.60189501186903,0.0,0.0,0.0,0.0,0.0,0.0,0.0,0.0,0.0,0.0,0.0,0.0,17777.3,233.7738437036958,20.120686550200116,0.8821335343931326,0.0,0.0
8.0,no_zone_coordinated,10,100000.0,0.0,8612874101.0,0.0,3769.4,20.66010648568879,7852556837.4,146323823.39270884,1515.5013236702614,9.644950246999853,1512.2125598657067,8.403822329301734,2862.3991196980282,19.433976002371313,3049.9374969363125,34.92316164661201,18010.85928293764,56.65429955428235,3082.7632829376394,56.65429955428235,3093.6943002823564,56.06562598385559,5.552260731093586,0.017416821530613077,1487.958144654052,9.325202252077693,27.543179016209354,0.3322970508976732,10.067975359653882,0.22029976403965357,3.0,0.0,4.412177145304272,0.09680585032493,0.5152292964847769,0.0479723183095772,4.030014014540253,0.0017741324195024392,5.5177832002260505,0.21263731441282607,71407.56223228137,441.48162260002505,3968.400000000002,203.80932265232582,17134.84342375046,412.05546315334874,1991.2894003665924,262.68421754563684,26511.93231956581,143.7735783061094,22616.4,123.96063891413274,0.7610852349043782,0.00542496643243889,5.599077376802362,0.16115412004611204,18.883514695091986,0.5459333060902274,8.765444412843427,0.2086558255719661,193.9440588129597,77.86994351885757,38059.1176200245,420.3871996425541,16674.222306128435,249.07414191372058,16674.222306128435,249.07414191372058,10931.168462120631,301.02453175134957,1476.0586390812846,81.65388717771087,7677.133270973183,407.44520924539927,648.4009029135927,81.21167265414121,286.765663902844,40.32953017371789,83.71648475892542,28.650449644480876,25989.5,352.64748687605874,27.422113266698943,2.072942501802732,0.0,0.0
8.0,no_zone_virtual_ideal,10,100000.0,0.0,8612874101.0,0.0,5289.8,22.107917133913816,7977123861.1,145389932.90984824,1011.1171932295679,7.58950359555974,1004.7438616391516,8.89466376815313,1939.6381717144857,13.868143913838807,2131.0428452863534,29.09969332585834,17046.279517052655,39.49710714348216,2118.1835170526556,39.49710714348216,2133.8037712963874,38.05145938936703,5.866414210639501,0.013580697490152378,995.9136833978985,7.493393327238853,15.203509831669365,0.1478578093360064,3.7690054802024235,0.0659713853859352,3.0,0.0,4.412411145304271,0.09672522040893221,0.0006719513262780635,0.0005110212155781326,4.0214212548362624,0.0011102880307463667,0.0,0.0,66801.68524948429,402.11720616928284,0.0,0.0,0.0,0.0,19.798906312411756,9.268770663834701,37157.24439908538,153.6794603619749,31738.8,132.6475028034829,0.0,0.0,0.0,0.0,0.0,0.0,0.0,0.0,332.4710031075683,71.15855995134199,20017.662411710087,215.43863004355057,23392.0114188871,231.9650082828257,23392.0114188871,231.9650082828257,0.0,0.0,0.0,0.0,0.0,0.0,0.0,0.0,0.0,0.0,0.0,0.0,17767.5,195.32754542050642,16.11327100829876,0.3493733488093922,153.01981874418476,32.30467321026806
16.0,static_zone,10,100000.0,0.0,8612874101.0,0.0,4479.0,22.982602115513377,7987133735.9,182765504.3978055,1232.5307610020307,8.9639958263592,1224.6724837693775,10.266327841082184,2362.6702301843598,21.291800148895895,2589.993051060612,34.92206718664358,17638.20568675271,82.32252007621959,2710.109686752711,82.32252007621959,2722.65772345349,83.04781067446923,5.66963398332741,0.02636447878381741,1213.917463555132,8.844746634606024,18.61329744689865,0.17697996581055245,5.163737259413758,0.049868607551373526,3.0,0.0,6.423528529883969,0.15016638953114372,0.0,0.0,4.026031657600864,0.00219161891062158,0.0,0.0,80824.94490627451,429.5326625320749,0.0,0.0,0.0,0.0,0.0,0.0,31481.519721760495,162.27468970421515,26874.0,137.89561269308027,0.0,0.0,0.0,0.0,0.0,0.0,0.0,0.0,530.4446278842257,111.76384409158324,23105.670921965775,184.45837898089806,28859.636992154374,228.21928436858644,28859.636992154374,228.21928436858644,0.0,0.0,0.0,0.0,0.0,0.0,0.0,0.0,0.0,0.0,0.0,0.0,21411.4,259.98430721872427,19.58872645400006,0.9316566555497264,0.0,0.0
16.0,no_zone_coordinated,10,100000.0,0.0,8612874101.0,0.0,3409.9,20.95924616965028,7801145150.0,189698331.26574448,1718.0261245223123,17.53698419337839,1715.5780910086885,18.11506399321765,3234.3507771197887,35.06368152397414,3449.096540737728,62.054853094641885,18427.799984148514,69.9113837973879,3499.703984148513,69.9113837973879,3510.8333422931905,69.0934505921324,5.426661924407671,0.02060511247724934,1687.4989544038694,17.257133380218935,30.52717011844292,0.31957488505841153,11.44802627595023,0.21194853190159316,3.0,0.0,6.423528529883963,0.15016638953114883,0.5232498281845335,0.07080956801317023,4.033576470485279,0.0021549874622663074,5.098789013938857,0.11072222680412051,82928.53979855488,582.2398421115846,4635.600000000001,154.96270519063572,13004.323410347128,343.169032254888,1821.5480698854517,168.1220175663959,23994.48932780187,146.7201263722745,20459.4,125.75547701790168,0.721396494352986,0.012861755182868603,5.173376194731378,0.12736602436241617,18.108539933835004,0.19662853665238647,8.977048686407858,0.16096079082122536,215.17148037989756,89.04185385421836,38996.429253033806,557.1779919096304,21966.05527276054,225.11931224796515,21966.05527276054,225.11931224796515,7894.592042150532,292.2701463555213,1254.0439675174675,86.54254144117603,7661.859565222936,364.8931110432576,517.416668939099,52.893797869465985,236.511366408557,52.65937403988314,75.49980010853835,22.39501661129191,29281.7,390.52632433678525,26.04221532920019,2.4181386665331828,0.0,0.0
16.0,no_zone_virtual_ideal,10,100000.0,0.0,8612874101.0,0.0,4478.6,23.90062760682238,7930873262.6,142831153.30988348,1232.3297003298514,9.610735035182854,1224.0185799595536,11.06140534452484,2362.0701052641666,22.164535051261506,2586.3747167146053,31.94811815344977,17498.45520383665,56.193390280331265,2570.3592038366482,56.193390280331265,2585.8176086717385,54.343924750726266,5.714849108055014,0.018349452067867592,1213.7164030212846,9.479424109800927,18.613297308566896,0.19235476973950102,5.163468711597611,0.06235920186375366,3.0,0.0,6.423894529883969,0.14996979493795126,0.0005897206255679459,0.0005561282774484052,4.025344346459683,0.0019026144078482148,0.0,0.0,80862.54202756159,461.1287044710612,0.0,0.0,0.0,0.0,16.55752264700143,11.686905814750347,31477.825345620244,168.3556529270014,26871.6,143.40376564093427,0.0,0.0,0.0,0.0,0.0,0.0,0.0,0.0,384.9800035506938,80.87003723611465,23155.395429066146,220.98669136156408,28853.57329924772,218.42738687886626,28853.57329924772,218.42738687886626,0.0,0.0,0.0,0.0,0.0,0.0,0.0,0.0,0.0,0.0,0.0,0.0,21385.6,226.72282637617238,15.846862546100601,0.3596365032269931,200.93917035637077,47.63405873091137
32.0,static_zone,10,100000.0,0.0,8612874101.0,0.0,3497.9,24.618895182359424,7752249730.6,95339996.92325872,1666.8512817307062,13.760338564765503,1655.4290745110427,15.371393883224897,3193.0333162502675,28.477698967571946,3486.7994167301986,59.89402010151799,18586.426414942936,116.12410384917386,3658.330414942936,116.12410384917386,3675.7561205704205,116.38307028338767,5.380479718717836,0.0335025408764714,1641.5890255809104,13.55458333784503,25.26225614979584,0.3331476499942334,7.813023908109293,0.12827108577507096,3.0,0.0,10.416659755437157,0.2792788139622298,0.0,0.0,4.032572486249341,0.0017937559954442654,0.0,0.0,100487.1732708155,584.4963172798366,0.0,0.0,0.0,0.0,0.0,0.0,24609.742956040674,172.88637413739963,20987.4,147.71337109415654,0.0,0.0,0.0,0.0,0.0,0.0,0.0,0.0,728.40791046224,161.1295053807055,27372.136960436237,306.82581771549746,36557.51815518964,306.0599799449127,36557.51815518964,306.0599799449127,0.0,0.0,0.0,0.0,0.0,0.0,0.0,0.0,0.0,0.0,0.0,0.0,28427.3,482.9265057956542,19.46119425010038,1.5931553859217702,0.0,0.0
32.0,no_zone_coordinated,10,100000.0,0.0,8612874101.0,0.0,2847.7,19.65222633698279,7809761614.5,195428478.04375494,2170.228888635452,21.435454698705534,2172.994612921418,22.57736627328507,4088.852183429903,46.61984904334932,4345.870376589264,80.72606869033508,19357.790851732356,87.66623284934249,4429.694851732356,87.66623284934249,4449.018860820872,87.6020887050329,5.165984835938023,0.023430059575217623,2132.7391489935394,20.930882976517594,37.48973964191254,0.5891908558645037,14.031384257666158,0.3314019221068602,3.0,0.0,10.416659755437156,0.2792788139622204,0.5898548255093854,0.11768709553072454,4.040404835084243,0.0028528076770963353,5.411435968215561,0.28838172733262274,99567.31666188822,579.6830082696599,6112.800000000001,346.06843253899984,9518.635396244066,327.4813183327435,1663.7145175908056,148.99193622703646,20059.029512816734,136.5999353794837,17086.2,117.91335802189674,0.6831978613452466,0.010648793037011465,5.490088472326839,0.1965680844465269,19.882402695387707,0.5391614263326475,10.45313041673931,0.2474528264545299,298.4417486572569,113.19309240164924,40044.565759246885,578.099626030223,29761.37545132067,286.1073082178018,29761.37545132067,286.1073082178018,6064.559471691916,245.1581419346571,1150.1107014714412,75.29111474384925,7604.705460689831,336.2464060722512,435.48560080990654,63.48311298407432,260.3384713628522,33.58949333817848,116.23569021812001,28.994151596062622,36138.7,461.4538005044492,23.058355299899993,1.8686376352067828,0.0,0.0
32.0,no_zone_virtual_ideal,10,100000.0,0.0,8612874101.0,0.0,3495.9,23.670445707675213,7752195631.2,94082541.06260598,1666.3770540265095,14.903537275771745,1656.2218502676014,16.400578499193482,3189.765133177111,30.185557875112448,3481.122518069544,54.34384894387556,18382.33695094625,74.3919419952052,3454.2409509462495,74.3919419952052,3481.1552468582727,73.34357999677093,5.440093638239997,0.021968877798895572,1641.116513476756,14.672311394227766,25.26054054975364,0.35525161509247977,7.809966391872464,0.1705375355015295,3.0,0.0,10.417295755437156,0.2792008780618051,0.0005587486085205224,0.0005018750121970913,4.032719653835461,0.0019643508284414315,0.0,0.0,100513.5975523332,570.4535596084775,0.0,0.0,0.0,0.0,10.6796103672556,7.322105156141904,24595.74139615387,166.31263673933077,20975.4,142.02267424605128,0.0,0.0,0.0,0.0,0.0,0.0,0.0,0.0,540.43389059113,148.07060274917134,27407.90222416674,322.62788047949624,36552.84766408323,307.26923395307716,36552.84766408323,307.26923395307716,0.0,0.0,0.0,0.0,0.0,0.0,0.0,0.0,0.0,0.0,0.0,0.0,28428.7,474.63903126481284,15.377543958400201,0.6466484976647328,277.2860604568464,81.63051630315876
64.0,static_zone,10,100000.0,0.0,8612874101.0,0.0,2529.6,24.94874746355015,7698571363.6,87330097.24070981,2540.939117625803,34.07976875402354,2527.663181223946,36.63374855740892,4870.074351099458,63.23092213206517,5295.020866091507,107.95527319455239,20476.008931681736,193.65662048060395,5547.912931681736,193.65662048060395,5576.29103725042,183.47856487647616,4.884201332656121,0.04621951805941571,2502.26440476194,33.489755068475326,38.6747128638633,0.9177134139566039,13.239728617321775,0.4276485734748001,3.0,0.0,18.38781268263541,0.552306663326129,0.0,0.0,4.047171563906071,0.00348649654123743,0.0,0.0,126907.25877536945,843.9391993287076,0.0,0.0,0.0,0.0,0.0,0.0,17830.450856374766,174.1196266212595,15177.6,149.6924847813009,0.0,0.0,0.0,0.0,0.0,0.0,0.0,0.0,1072.4813656030565,201.55012998085795,33514.06582857919,471.2218543358955,46696.59647339513,332.11055257564254,46696.59647339513,332.11055257564254,0.0,0.0,0.0,0.0,0.0,0.0,0.0,0.0,0.0,0.0,0.0,0.0,40950.9,796.8101969729053,19.606179512399468,1.9924916366506134,0.0,0.0
64.0,no_zone_coordinated,10,100000.0,0.0,8612874101.0,0.0,2206.7,14.906709898565813,7736606221.7,187397020.9580933,3075.2820069041213,26.64165374774721,3087.0043540563306,31.623112329877056,5797.539500932024,52.040874235548415,6134.010098550685,106.02661081544993,21162.490886661177,138.58220011509016,6234.394886661175,138.58220011509016,6260.917249020293,144.15901695910713,4.7255436827725985,0.030849628888987218,3023.6958012471528,26.099119738313913,51.58620565696854,0.8769968668840908,19.397919777944896,0.401004475843506,3.0,0.0,18.387812682635406,0.5523066633261395,0.9428855331078603,0.1723956583496145,4.052772806108218,0.00424138267333061,5.80481485717213,0.389975599696356,124238.13314724017,849.251722124247,6600.000000000001,280.6820264997384,6580.929525019672,370.2364957202728,2055.107023728249,296.64555242942924,15570.642389163067,103.96550501777048,13240.2,89.44025939139487,0.6455349731052518,0.006973589475753927,5.972962573209697,0.2375668947929707,23.85977493065356,0.3616969104891826,12.530742095840736,0.2689810357895373,390.0153109312858,203.151296280638,42791.749153129436,549.7189327719155,40723.191997055364,444.5929796321347,40723.191997055364,444.5929796321347,4535.620136358064,328.0703196739663,1086.0811870541481,118.97385106768725,6776.6061626342225,291.20219788744924,359.0521261569457,28.957250233235463,289.003554080328,71.2651481816454,134.5663587359647,55.41859422930297,45613.6,541.1961197200143,20.177524037600598,1.4984226422998888,0.0,0.0
64.0,no_zone_virtual_ideal,10,100000.0,0.0,8612874101.0,0.0,2529.3,25.452111896658007,7699147367.4,86336039.4343471,2539.152735384978,32.50984356140204,2525.5447595779924,34.229842870846994,4865.464148884025,60.49419332916045,5277.002695739655,105.87795928663614,20172.081651475797,111.49703732730777,5243.9856514757985,111.49703732730777,5290.308118652149,112.62935381610384,4.957497738210623,0.02734771420950299,2500.507333487437,31.787134095779475,38.64540189754112,0.9612135946500684,13.207780462268122,0.455475992863298,3.0,0.0,18.38910868263541,0.55212928238978,0.0017418049907545702,0.0015410676241060504,4.046770947646782,0.003495965521940415,0.0,0.0,126986.93037102962,805.1445642681068,0.0,0.0,0.0,0.0,17.59018318726175,15.635322881058709,17828.359906708603,177.62258094631855,15175.8,152.71267137994803,0.0,0.0,0.0,0.0,0.0,0.0,0.0,0.0,782.418324124422,190.38929319284182,33575.55119511575,497.78653690668335,46705.689587956935,320.889339660695,46705.689587956935,320.889339660695,0.0,0.0,0.0,0.0,0.0,0.0,0.0,0.0,0.0,0.0,0.0,0.0,40915.4,868.4806503313704,14.95820049160029,0.6823027840835313,400.38770576122755,89.0535993852319
