scenario,storage_rack_count,run_count,half_panel_length_m_mean,half_panel_length_m_std,half_panel_length_m_ci95,slots_per_half_mean,slots_per_half_std,slots_per_half_ci95,platter_slot_count_mean,platter_slot_count_std,platter_slot_count_ci95,reader_count_mean,reader_count_std,reader_count_ci95,shuttle_count_mean,shuttle_count_std,shuttle_count_ci95,physical_task_count_mean,physical_task_count_std,physical_task_count_ci95,logical_request_count_mean,logical_request_count_std,logical_request_count_ci95,logical_bytes_mean,logical_bytes_std,logical_bytes_ci95,physical_unique_bytes_mean,physical_unique_bytes_std,physical_unique_bytes_ci95,unique_blob_versions_mean,unique_blob_versions_std,unique_blob_versions_ci95,drive_makespan_s_mean,drive_makespan_s_std,drive_makespan_s_ci95,system_drain_s_mean,system_drain_s_std,system_drain_s_ci95,throughput_req_per_s_mean,throughput_req_per_s_std,throughput_req_per_s_ci95,throughput_physical_tasks_per_s_mean,throughput_physical_tasks_per_s_std,throughput_physical_tasks_per_s_ci95,throughput_mib_per_s_mean,throughput_mib_per_s_std,throughput_mib_per_s_ci95,latency_p95_s_mean,latency_p95_s_std,latency_p95_s_ci95,latency_p99_s_mean,latency_p99_s_std,latency_p99_s_ci95,avg_cycle_s_mean,avg_cycle_s_std,avg_cycle_s_ci95,avg_shuttle_movement_s_mean,avg_shuttle_movement_s_std,avg_shuttle_movement_s_ci95,avg_fixed_mechanical_s_mean,avg_fixed_mechanical_s_std,avg_fixed_mechanical_s_ci95,avg_reader_transfer_s_mean,avg_reader_transfer_s_std,avg_reader_transfer_s_ci95,movement_time_share_mean,movement_time_share_std,movement_time_share_ci95,reader_utilization_mean,reader_utilization_std,reader_utilization_ci95,shuttle_utilization_mean,shuttle_utilization_std,shuttle_utilization_ci95,horizontal_distance_m_per_task_mean,horizontal_distance_m_per_task_std,horizontal_distance_m_per_task_ci95,busiest_lane_work_over_mean_mean,busiest_lane_work_over_mean_std,busiest_lane_work_over_mean_ci95,capacity_efficiency_mean,capacity_efficiency_std,capacity_efficiency_ci95,normalized_throughput_mean,normalized_throughput_std,normalized_throughput_ci95,throughput_loss_mean,throughput_loss_std,throughput_loss_ci95
fixed_footprint_control,1,10,2.0,0.0,0.0,100.0,0.0,0.0,1600.0,0.0,0.0,8.0,0.0,0.0,8.0,0.0,0.0,640.0,0.0,0.0,100000.0,0.0,0.0,8612874101.0,0.0,0.0,7569589037.0,0.0,0.0,79751.0,0.0,0.0,1784.35058103503,11.788768546552568,7.306754445469132,1792.5359163553082,11.593263876950893,7.185579395837697,56.045248861862575,0.37089907560295327,0.22988562874743906,0.3586895927159205,0.002373754083858894,0.0014712680239836057,4.0458631645268595,0.02677491737859296,0.01659526572351901,1654.496792212498,5.7945290492046455,3.591486313645327,1732.2242668154297,8.846722613436954,5.483255484090908,21.756497145223072,0.09838192249382231,0.060977747310659726,8.568154367870543,0.0983819224938214,0.06097774731065915,12.0,0.0,0.0,1.1883427773525317,0.0,0.0,0.39380809997724525,0.002740002310617752,0.0016982710267525465,0.3208256656783995,0.002079382061511777,0.0012888143542544182,0.9179791281853944,0.006591021025799746,0.004085157155326976,2.6890656565656568,0.007222980972187247,0.0044768499881611265,1.029900209225975,0.0073085388522141186,0.004529879311602553,0.9710165075100707,0.006855646212492384,0.0042491735453013945,1.0,0.0,0.0,0.0,0.0,0.0
fixed_footprint_control,2,10,2.0,0.0,0.0,200.0,0.0,0.0,3200.0,0.0,0.0,8.0,0.0,0.0,8.0,0.0,0.0,640.0,0.0,0.0,100000.0,0.0,0.0,8612874101.0,0.0,0.0,7569589037.0,0.0,0.0,79751.0,0.0,0.0,1786.0106326732305,11.63677358325807,7.212546991199808,1794.2942567246876,11.583980340281384,7.179825400196698,55.99308955730294,0.36551117326742305,0.22654617228203908,0.35835577316673883,0.0023392715089114984,0.0014498955026050445,4.0420978246757455,0.02638596887651536,0.016354192944340123,1656.1023868163236,5.769056192817497,3.575698073685351,1733.8685603408405,8.881349607698821,5.5047175174879515,21.77868437869546,0.09822023866657292,0.06087753463629516,8.59034160134293,0.09822023866657237,0.06087753463629481,12.0,0.0,0.0,1.1883427773525317,0.0,0.0,0.3944257292734663,0.0027299302299010446,0.0016920282864475425,0.320511220828957,0.0020736355947930545,0.0012852526572818329,0.9180686508681792,0.006570647914434591,0.004072529770079098,2.6853784547738693,0.007161105170042852,0.004438498968663187,1.029860073061549,0.007285499873969167,0.004515599604943999,0.9710540476598456,0.0068345314048045575,0.004236086451910002,0.9990699441986931,0.00017159590645675826,0.00010635624470665172,0.0009300558013068505,0.00017159590645675826,0.00010635624470665172
fixed_footprint_control,4,10,2.0,0.0,0.0,400.0,0.0,0.0,6400.0,0.0,0.0,8.0,0.0,0.0,8.0,0.0,0.0,640.0,0.0,0.0,100000.0,0.0,0.0,8612874101.0,0.0,0.0,7569589037.0,0.0,0.0,79751.0,0.0,0.0,1785.8932010979279,11.637111496796471,7.212756432180785,1794.1762138251286,11.584961804335189,7.180433717919612,55.996771852397345,0.3655718102978244,0.22658375550285603,0.358379339855343,0.002339659585906082,0.0014501360352182824,4.042363646710369,0.02639034621683756,0.016356906047980443,1655.9967720571049,5.769221474852752,3.5758005165521425,1733.7566505215989,8.891568979232954,5.511051549587407,21.7772761620473,0.09822897607126815,0.060882950135831566,8.588933384694771,0.09822897607126842,0.06088295013583173,12.0,0.0,0.0,1.1883427773525317,0.0,0.0,0.39438656635012753,0.0027305224897981924,0.0016923953729349281,0.32053231205610083,0.0020740904743423985,0.0012855345945474766,0.9180662532523062,0.006569341166506769,0.004071719839322291,2.68375234962406,0.007129633634616469,0.004418992708914818,1.02985889883067,0.00728414620068293,0.004514760589548721,0.9710551367457365,0.006833242911746348,0.004235287835638603,0.9991356422358885,0.0001715949904436598,0.0001063556769558512,0.0008643577641115119,0.0001715949904436598,0.0001063556769558512
fixed_footprint_control,8,10,2.0,0.0,0.0,800.0,0.0,0.0,12800.0,0.0,0.0,8.0,0.0,0.0,8.0,0.0,0.0,640.0,0.0,0.0,100000.0,0.0,0.0,8612874101.0,0.0,0.0,7569589037.0,0.0,0.0,79751.0,0.0,0.0,1785.9237956437246,11.634559839963119,7.211174898890283,1794.2074429572428,11.582531483230818,7.178927389293077,55.995811449601355,0.3654791783116522,0.22652634160300014,0.35837319327744865,0.002339066741194571,0.0014497685862591989,4.042294315975394,0.026383659185406347,0.01635276138295932,1656.029861881469,5.766872064272198,3.574344336787827,1733.7864430647433,8.893136462194564,5.512023085592437,21.77768201957812,0.09822142949521802,0.060878272719536164,8.589339242225595,0.09822142949521712,0.06087827271953561,12.0,0.0,0.0,1.1883427773525317,0.0,0.0,0.3943978551761087,0.002730206007471225,0.0016921992151564165,0.3205267269351981,0.0020735828427700395,0.0012852199612392269,0.9180683517039377,0.006567634964584907,0.004070662324414929,2.6852049436795995,0.0071166170332775105,0.004410924935820218,1.0298576252523903,0.007282184197157611,0.004513544527164933,0.9710563118916364,0.006831447451206528,0.004234174997666665,0.9991185163342164,0.0001731249605814769,0.00010730396227180979,0.0008814836657835667,0.0001731249605814769,0.00010730396227180979
fixed_footprint_control,16,10,2.0,0.0,0.0,1600.0,0.0,0.0,25600.0,0.0,0.0,8.0,0.0,0.0,8.0,0.0,0.0,640.0,0.0,0.0,100000.0,0.0,0.0,8612874101.0,0.0,0.0,7569589037.0,0.0,0.0,79751.0,0.0,0.0,1785.8505518518712,11.634372111899413,7.211058543830922,1794.1339214433278,11.582593183768765,7.178965631682699,55.99810814545,0.36550313018672703,0.2265411871289759,0.35838789213087996,0.00233922003319505,0.001449863597625444,4.042460112672221,0.02638538825274115,0.016353833069996455,1655.9613939667388,5.76763675344855,3.5748182960497,1733.715507250577,8.893927045623556,5.512513094278374,21.77677098537142,0.09822106981939976,0.06087804979015439,8.588428208018897,0.0982210698193997,0.06087804979015435,12.0,0.0,0.0,1.1883427773525317,0.0,0.0,0.39437251878223956,0.0027304255134488085,0.001692335266370857,0.3205398629796788,0.0020737628748131935,0.0012853315462556302,0.918065351363775,0.006567831543459873,0.004070784165263943,2.683638602251407,0.007114209247946735,0.004409432575010868,1.0298585076668034,0.007282445202953292,0.004513706300233116,0.9710554831401228,0.00683166637015749,0.004234310685038235,0.9991594945310805,0.00017258182103288571,0.00010696732089188046,0.0008405054689194058,0.00017258182103288571,0.00010696732089188046
fixed_footprint_control,32,10,2.0,0.0,0.0,3200.0,0.0,0.0,51200.0,0.0,0.0,8.0,0.0,0.0,8.0,0.0,0.0,640.0,0.0,0.0,100000.0,0.0,0.0,8612874101.0,0.0,0.0,7569589037.0,0.0,0.0,79751.0,0.0,0.0,1785.8139523970783,11.634278829595669,7.211000726860059,1794.097183182974,11.582624528300014,7.178985059224443,55.999255860499815,0.36551511621680716,0.22654861614738658,0.3583952375071988,0.002339296743787565,0.0014499111433432738,4.042542965333913,0.02638625351498154,0.016354369365089237,1655.9271652183068,5.768023645682405,3.57505809434063,1733.6800612512156,8.89432233562132,5.512758097557301,21.776315747616522,0.09822089107657822,0.06087793900420582,8.58797297026398,0.09822089107657841,0.06087793900420594,12.0,0.0,0.0,1.1883427773525317,0.0,0.0,0.3943598575595259,0.002730535237019319,0.0016924032737444376,0.3205464273871111,0.002073852935689339,0.0012853873665649815,0.9180638520482525,0.006567929926841706,0.004070845143915761,2.6828561659893717,0.007113008389471078,0.004408688275216471,1.0298589486035943,0.007282575811374934,0.004513787252171537,0.9710550690213428,0.006831775932494035,0.004234378592477969,0.9991799723365815,0.00017231507963947983,0.00010680199286339618,0.0008200276634185433,0.00017231507963947983,0.00010680199286339618
growing_footprint,1,10,2.0,0.0,0.0,100.0,0.0,0.0,1600.0,0.0,0.0,8.0,0.0,0.0,8.0,0.0,0.0,640.0,0.0,0.0,100000.0,0.0,0.0,8612874101.0,0.0,0.0,7569589037.0,0.0,0.0,79751.0,0.0,0.0,1784.35058103503,11.788768546552568,7.306754445469132,1792.5359163553082,11.593263876950893,7.185579395837697,56.045248861862575,0.37089907560295327,0.22988562874743906,0.3586895927159205,0.002373754083858894,0.0014712680239836057,4.0458631645268595,0.02677491737859296,0.01659526572351901,1654.496792212498,5.7945290492046455,3.591486313645327,1732.2242668154297,8.846722613436954,5.483255484090908,21.756497145223072,0.09838192249382231,0.060977747310659726,8.568154367870543,0.0983819224938214,0.06097774731065915,12.0,0.0,0.0,1.1883427773525317,0.0,0.0,0.39380809997724525,0.002740002310617752,0.0016982710267525465,0.3208256656783995,0.002079382061511777,0.0012888143542544182,0.9179791281853944,0.006591021025799746,0.004085157155326976,2.6890656565656568,0.007222980972187247,0.0044768499881611265,1.029900209225975,0.0073085388522141186,0.004529879311602553,0.9710165075100707,0.006855646212492384,0.0042491735453013945,1.0,0.0,0.0,0.0,0.0,0.0
growing_footprint,2,10,4.0,0.0,0.0,200.0,0.0,0.0,3200.0,0.0,0.0,8.0,0.0,0.0,8.0,0.0,0.0,640.0,0.0,0.0,100000.0,0.0,0.0,8612874101.0,0.0,0.0,7569589037.0,0.0,0.0,79751.0,0.0,0.0,1904.4114362181942,12.369964995090848,7.666983736363966,1913.0830904755614,12.176027052015133,7.546779753893888,52.51188229143886,0.3418960622904934,0.2119093748566297,0.33607604666520874,0.0021881347986591453,0.0013562199990824226,3.790792164855099,0.024681212281299398,0.015297573859713197,1766.84241828484,6.723204737542997,4.167085468669004,1849.4617247218168,8.365662313211287,5.185091220933794,23.247510501988458,0.1008524883741791,0.06250901990777931,10.05916772463593,0.10085248837418086,0.0625090199077804,12.0,0.0,0.0,1.1883427773525317,0.0,0.0,0.43268803206116774,0.002460590300369491,0.001525089668586347,0.3006094106947195,0.0019184100097507126,0.001189042842908104,0.9224875043495923,0.006537039817987966,0.004051699256090685,5.3707569095477385,0.014322210340085705,0.008876997937326374,1.028663466117421,0.007215103892409975,0.004471967723533348,0.9721828281631343,0.0067854930821892295,0.004205692184658679,0.9369560996019323,0.000778199261585704,0.0004823328994541121,0.06304390039806775,0.000778199261585704,0.0004823328994541121
growing_footprint,4,10,8.0,0.0,0.0,400.0,0.0,0.0,6400.0,0.0,0.0,8.0,0.0,0.0,8.0,0.0,0.0,640.0,0.0,0.0,100000.0,0.0,0.0,8612874101.0,0.0,0.0,7569589037.0,0.0,0.0,79751.0,0.0,0.0,2126.6630654680057,14.237538329950253,8.824517681732168,2136.173625051061,13.488638732444977,8.360344902219765,47.02413714379862,0.31576628062584944,0.19571396839128624,0.30095447772031114,0.002020904196005438,0.001252569397704233,3.394636087399316,0.022794923554226784,0.01412843999407236,1977.2989803942492,7.588988332295413,4.703703700233269,2067.4757584386552,8.6053876227689,5.333674507168027,26.00233136572227,0.10600267368142186,0.06570113783257227,12.813988588369742,0.10600267368142173,0.06570113783257218,12.0,0.0,0.0,1.1883427773525317,0.0,0.0,0.49279309703932095,0.002067735764531991,0.0012815959046008968,0.2692152056091995,0.0017051294957238588,0.0010568502107562595,0.9293196509248365,0.006418331340433853,0.003978122979428858,10.73500939849624,0.028518534538465878,0.017675970835659274,1.026926540891781,0.0070393361876312805,0.004363025771438003,0.9738250334654553,0.006644567462224611,0.004118345580465819,0.8390398197143843,0.0016207881072681427,0.001004574876602205,0.16096018028561568,0.0016207881072681427,0.001004574876602205
growing_footprint,8,10,16.0,0.0,0.0,800.0,0.0,0.0,12800.0,0.0,0.0,8.0,0.0,0.0,8.0,0.0,0.0,640.0,0.0,0.0,100000.0,0.0,0.0,8612874101.0,0.0,0.0,7569589037.0,0.0,0.0,79751.0,0.0,0.0,2562.567576950754,18.228113802278344,11.297901984534532,2573.735867513838,16.351298064869837,10.134639538717297,39.02534258114817,0.2785639752531171,0.17265574063064335,0.24976219251934828,0.0017828094416199515,0.0011049967400361188,2.817209294962201,0.02010931790522702,0.012463884367492984,2388.4986998288855,9.439212860916514,5.850484744091468,2495.3177222939685,9.089924619990395,5.633993649448393,31.41416912004833,0.11479541041987465,0.07115093252468348,18.2258263426958,0.11479541041987813,0.07115093252468563,12.0,0.0,0.0,1.1883427773525317,0.0,0.0,0.5801729180906032,0.0015346928359773935,0.000951212474604626,0.2234458909914061,0.0014238859352087045,0.0008825336459735354,0.9395507038486886,0.006486928843645152,0.004020640152410748,21.481639549436796,0.056932936266220084,0.035287399486561746,1.0241245053485668,0.007037847790893826,0.004362103253582549,0.976489720102242,0.006685593939865186,0.004143774054754584,0.6963204897385135,0.0024936964653611547,0.0015456090822358764,0.30367951026148654,0.0024936964653611547,0.0015456090822358764
growing_footprint,16,10,32.0,0.0,0.0,1600.0,0.0,0.0,25600.0,0.0,0.0,8.0,0.0,0.0,8.0,0.0,0.0,640.0,0.0,0.0,100000.0,0.0,0.0,8612874101.0,0.0,0.0,7569589037.0,0.0,0.0,79751.0,0.0,0.0,3430.6860420443963,26.46864206484379,16.40543431734312,3445.8008655585472,22.2749594362202,13.80616289483793,29.15043068590733,0.2257727327596723,0.13993538953989115,0.18656275638980693,0.0014449454896619022,0.000895586493055303,2.1043470434558156,0.01629835894347333,0.010101827531332838,3206.020938475387,12.189148543234099,7.554912538409654,3348.394742981758,8.694519677939338,5.38891912731462,42.162708348116,0.13564602334731646,0.08407427630709186,28.97436557076347,0.13564602334732206,0.08407427630709534,12.0,0.0,0.0,1.1883427773525317,0.0,0.0,0.6872003747103411,0.0010070013729910517,0.0006241459173314237,0.1668963331473336,0.0010822880902632824,0.0006708091081423517,0.9513255896526571,0.006582083158965914,0.004079617408069811,42.938217636022515,0.11382734796714776,0.0705509212001739,1.0215865852266661,0.007056157596244802,0.00437345178851354,0.9789161008741183,0.006739912491344789,0.004177441041762409,0.5201269235952733,0.0028743666941086457,0.0017815509344467143,0.4798730764047267,0.0028743666941086457,0.0017815509344467143
growing_footprint,32,10,64.0,0.0,0.0,3200.0,0.0,0.0,51200.0,0.0,0.0,8.0,0.0,0.0,8.0,0.0,0.0,640.0,0.0,0.0,100000.0,0.0,0.0,8612874101.0,0.0,0.0,7569589037.0,0.0,0.0,79751.0,0.0,0.0,5178.572744232216,31.429652184381887,19.480300246028495,5198.7549728784,26.66982329317544,16.530127734526808,19.31105064381756,0.11710661353386788,0.07258343105587997,0.12359072412043237,0.0007494823266167496,0.0004645339587576289,1.3940498089446371,0.008453835849439269,0.005239741744884826,4834.35101887561,18.48459108023094,11.456868248350949,5052.454258704006,13.495152033305489,8.364381887917574,63.63019310860952,0.1840824593258745,0.11409549035599317,50.44185033125699,0.18408245932586498,0.11409549035598728,12.0,0.0,0.0,1.1883427773525317,0.0,0.0,0.792732780230883,0.0005999606736545152,0.00037185947811434,0.11061927878186223,0.000566328151276327,0.0003510138247766951,0.9608991557050017,0.005672954491536615,0.0035161336221246685,85.8513973116599,0.2276162684630745,0.14107802480692708,1.0212916344897796,0.006028099621781147,0.003736254854376683,0.9791862108786265,0.005754171976284312,0.0035664727407006794,0.344570679057672,0.0023019210879196075,0.0014267454718325386,0.655429320942328,0.0023019210879196227,0.001426745471832548
