seed,policy,logical_requests,logical_bytes,physical_services,physical_bytes,return_services,latency_mean_s,latency_p50_s,latency_p95_s,latency_p99_s,last_read_s,read_drain_s,system_return_drain_s,observed_request_throughput,request_queue_mean_s,reader_utilization,reader_starvation_s,movement_s,fetch_movement_s,return_movement_s,conflict_wait_s,buffer_full_wait_s,reader_queue_s,max_input_buffer_depth,cross_rack_fetch_fraction,max_request_backlog,rack_shuttle_count,reader_side_loader_count,buffer_slots_per_reader
20260804,static_8zone_end_to_end,100000,8612874101,3906,8040019709,3906,1454.9718309809425,1445.3969289022752,2794.5267090606826,3060.466660512218,18233.385180173413,3305.289180173413,3320.229180173412,5.484445099571408,1432.3351289556817,0.18833008448656122,115201.59884615146,91850.59684615147,60558.721733864,31291.875112287307,0.0,0.0,0.0,0,0.8509984639016898,25198,8,0,0
20260804,rack_local_zone,100000,8612874101,17318,8581749997,17318,290.2353720431456,267.3023650188252,601.9728632884957,689.2286390207419,15606.878939685419,678.7829396854195,766.1324921346877,6.407431004396299,252.05833306661313,0.9720750783335811,3070.1709495295436,286915.78952021804,159383.39629420007,127532.39322601794,0.0,29247.84817060526,331254.93674791744,4,0,5398,32,8,4
20260804,shared_no_zone,100000,8612874101,2728,7706356983,2728,2282.857324091383,2277.62948384441,4267.532000202255,4451.596120664517,19454.005981441078,4525.909981441078,4926.874443901028,5.140329456842924,2177.692827658078,0.12349284296379348,135676.3887686444,222764.98565196205,114713.20265920932,108051.78299275275,369942.56546666066,7878.548115222786,64428.35369939368,4,0.9567448680351907,36490,32,8,4
20260805,static_8zone_end_to_end,100000,8612874101,3909,7752107033,3909,1461.5176424251435,1435.79321088896,2844.8936616844103,3172.878026176354,18291.25662972992,3363.1606297299204,3381.98062972992,5.4670929408679205,1438.8313403482448,0.18784647447517455,115252.09435898329,91875.21357949347,60568.171282391,31307.0422971022,0.0,0.0,0.0,0,0.851880276285495,25288,8,0,0
20260805,rack_local_zone,100000,8612874101,17205,8577149362,17205,298.5369231134918,272.3850944911519,633.5547473473201,737.3496680928369,15642.813810296637,714.7178102966373,823.7573877379127,6.392711772493039,260.605559042364,0.9635203209748552,3946.0012869935817,286636.8437817604,159027.47633518995,127609.36744657047,0.0,26234.330555932782,320664.97578935523,4,0,5493,32,8,4
20260805,shared_no_zone,100000,8612874101,2731,7668017290,2731,2320.850698617007,2330.8705538573254,4312.553668446819,4494.461682582672,19244.393365212494,4316.297365212495,4773.421136680239,5.196318642122903,2217.204863265718,0.12497039616505357,134365.32735215971,217908.41739673083,112189.87983777009,105718.53755896074,371231.8263592519,7043.937493718097,58289.32494369488,4,0.965946539729037,38778,32,8,4
20260806,static_8zone_end_to_end,100000,8612874101,3926,7746479374,3926,1470.2659259404866,1444.1058601118207,2893.922979976792,3334.1069675389977,18510.898095723536,3582.8020957235367,3592.220428332863,5.402223030070184,1448.0257552092128,0.18642059484994913,114827.36585850631,91346.88625167159,59998.4819522721,31348.40429939942,0.0,0.0,0.0,0,0.8453897096281202,25053,8,0,0
20260806,rack_local_zone,100000,8612874101,17186,8575036358,17186,304.46051349880815,274.36465611325127,656.3087351712012,782.5937345088824,15704.02239584623,775.9263958462307,1006.2426021075953,6.367795299785764,266.2133394719829,0.9587059018724653,4266.4269636438285,285309.3705108393,158072.3719160396,127236.99859479969,0.0,29006.41201522069,322135.2120116126,4,0,5532,32,8,4
20260806,shared_no_zone,100000,8612874101,2705,7660811788,2705,2329.9024276873856,2317.770581202503,4377.843376815077,4579.423980957808,19577.04651935141,4648.950519351411,5169.333259644189,5.108022801148914,2217.7473761431393,0.12168403476518985,136801.31858366117,223670.44802682186,114320.93075843663,109349.51726838521,375501.80200361484,6640.918642114158,59122.45368561178,4,0.9582255083179297,37345,32,8,4
20260807,static_8zone_end_to_end,100000,8612874101,3888,7741732125,3888,1455.082601584504,1433.0382869909201,2841.243879109474,3100.6609463914515,18133.490768702253,3205.3947687022537,3218.8947687022537,5.514658003554195,1432.471926094749,0.18846627951380437,115538.09175957266,92305.46075957267,60690.26257353019,31615.198186042453,0.0,0.0,0.0,0,0.856224279835391,24965,8,0,0
20260807,rack_local_zone,100000,8612874101,17161,8562962419,17161,296.46759276084407,267.12580565683766,626.3786820852048,784.3377449989623,15653.34384731304,725.2478473130413,910.924056451322,6.3884113819658666,259.53975698055615,0.9604106967920611,4323.232483018081,291260.3788230882,161094.23161746192,130166.14720562627,0.0,23622.49536037824,307306.6826482548,4,0,5546,32,8,4
20260807,shared_no_zone,100000,8612874101,2669,7677536022,2669,2366.1312428823567,2350.315754222814,4427.0201785251,4650.189020349181,19549.11419782839,4621.018197828389,5156.850054738998,5.115321287094864,2259.916407592615,0.12024819327052606,136897.28952693267,216453.39711216747,110954.44542528465,105498.95168688284,381253.5969696644,8132.525272013455,57029.46828795984,4,0.9587860621955788,38053,32,8,4
20260808,static_8zone_end_to_end,100000,8612874101,3930,8022950901,3930,1453.187137882676,1436.3353210172554,2834.1045250736743,3162.452103839031,18210.0988308755,3282.002830875501,3299.062830875502,5.491458389585919,1430.9715015465788,0.18972231512141574,114763.2541976069,91259.35552840932,59899.02161459507,31360.33391381418,0.0,0.0,0.0,0,0.8521628498727736,24866,8,0,0
20260808,rack_local_zone,100000,8612874101,17330,8574299487,17330,298.49745444339027,271.73739448744254,619.8004547115967,779.7288634562766,15680.271642004243,752.1756420042439,975.7752005468792,6.377440536943278,260.80266060599683,0.9681939277975106,2962.618388140237,286724.9324637568,158956.5425978748,127768.38986588203,0.0,28960.517601160085,331097.9229656142,4,0,5396,32,8,4
20260808,shared_no_zone,100000,8612874101,2712,7697184798,2712,2403.582024872013,2414.1359622655955,4444.217927123988,4701.251477351262,19524.81350513106,4596.7175051310605,5063.45065067912,5.1216878447376875,2300.6356405993306,0.12232698568725607,136422.77968128584,218958.45446865392,110811.15618479012,108147.2982838638,378321.0572737599,5942.106127460496,55120.963529022956,4,0.9638643067846607,39300,32,8,4
20260809,static_8zone_end_to_end,100000,8612874101,3896,8043751772,3896,1468.156709350355,1455.2724418894136,2819.8794732912415,3148.879886048232,18345.06586960142,3416.969869601422,3427.9898696014225,5.451057015047539,1445.4282325478891,0.1867069855866082,115378.11460425051,92093.59360425052,60627.768789666356,31465.824814584194,0.0,0.0,0.0,0,0.8554928131416838,25120,8,0,0
20260809,rack_local_zone,100000,8612874101,17310,8573394386,17310,292.35736125984505,265.855612997726,608.4411094579473,736.4893237291589,15672.678692149973,744.5826921499738,928.6052115312159,6.380530218493367,255.31584975693588,0.9675462257977099,3076.3823205358226,293941.289213835,162740.09542164073,131201.19379219427,0.0,23997.807817620447,319270.54395337834,4,0,5483,32,8,4
20260809,shared_no_zone,100000,8612874101,2724,7975566757,2724,2315.7136184756105,2299.600794220335,4359.002821524791,4545.7142994047745,19792.010771202225,4863.914771202226,5047.314853393613,5.052543733732301,2215.5372981058576,0.1212340287293624,137659.99977457465,219130.45968739505,110526.08369372712,108604.37599366793,378935.71096340084,7399.026219855432,53947.259130100516,4,0.974669603524229,36437,32,8,4
20260810,static_8zone_end_to_end,100000,8612874101,3951,7733445076,3951,1435.7297651850822,1422.4043767997018,2768.789961516991,3017.1918394373265,18096.135938592302,3168.039938592303,3186.6199385923046,5.526041600225677,1413.7067251778265,0.19190079268426988,114385.36154376119,90764.63154376119,59670.868617747794,31093.762926013394,0.0,0.0,0.0,0,0.8526955201214882,24763,8,0,0
20260810,rack_local_zone,100000,8612874101,17168,8581638423,17168,290.7127926374673,268.71102491897545,593.6924230690641,700.7437689929578,15571.975266337226,643.879266337226,746.657102933319,6.421792886877708,252.45677254952838,0.9658248890346071,3926.4226626777954,287850.0422629381,159573.3964610224,128276.6458019157,0.0,27347.517104830567,320935.0673224063,4,0,5246,32,8,4
20260810,shared_no_zone,100000,8612874101,2736,7708316674,2736,2357.3393184877004,2368.9295258271463,4391.992241393491,4592.650679407559,19390.250858679832,4462.154858679833,4796.270791557183,5.157230854248391,2253.492905158998,0.12426011230073611,135462.4121669428,214541.03688717584,108753.79010207354,105787.24678510231,377334.19776130223,7617.8713293721485,57372.10475966496,4,0.9641812865497076,37580,32,8,4
20260811,static_8zone_end_to_end,100000,8612874101,3917,8029571694,3917,1445.2629676277845,1440.7031297964495,2758.3548005053904,2958.614671314036,18043.71626734798,3115.62026734798,3134.360267347982,5.542095570465194,1422.7536859588017,0.1908420440305134,115052.89772522356,91627.96937513971,60289.238766009585,31338.730609130183,0.0,0.0,0.0,0,0.8524380903752872,25019,8,0,0
20260811,rack_local_zone,100000,8612874101,17301,8581977694,17301,293.1817999569239,267.7969047729912,605.7802369900922,734.9527558143257,15604.427141877211,676.3311418772118,818.3304479822527,6.408437752362757,255.1423753884851,0.9712745388650912,3040.2955787250385,288141.52625942434,159403.02704728878,128738.49921213555,0.0,27614.78750035571,328086.435200169,4,0,5416,32,8,4
20260811,shared_no_zone,100000,8612874101,2718,7988739011,2718,2327.6431290453993,2321.0717630967138,4366.008560253114,4548.336143052722,19591.382837027784,4663.286837027785,5189.2443247125975,5.104284921174611,2219.9786037723634,0.12220888799845243,136962.401237778,216879.9287538525,109793.04455366165,107086.88420019085,384978.0638020524,6143.710186501602,56288.04142534424,4,0.9610007358351729,36887,32,8,4
20260812,static_8zone_end_to_end,100000,8612874101,3897,8351915628,3897,1469.240232407322,1444.6668930043588,2909.441326428891,3228.376385785089,18304.3900274119,3376.294027411901,3385.537586989316,5.463170302328792,1446.4581831189953,0.18720313837783029,115191.30030630373,91875.58540865582,60239.82317480934,31635.76223384632,0.0,0.0,0.0,0,0.8434693353861945,25316,8,0,0
20260812,rack_local_zone,100000,8612874101,17056,8564549714,17056,296.9618591620798,273.03634710070554,617.4772588424287,764.0363773851215,15633.483229195628,705.3872291956286,885.8777162350743,6.396527154821734,260.70975097901675,0.9557538913363617,4888.95419535282,292270.92621203844,161712.81601090115,130558.11020113732,0.0,21391.476712151878,296393.28883621504,4,0,5513,32,8,4
20260812,shared_no_zone,100000,8612874101,2734,7678243163,2734,2372.628870215437,2384.6230638253146,4402.7766111739265,4669.698841595315,19517.327189639767,4589.231189639768,4882.305271671785,5.123652384793869,2267.799960147234,0.12335833117144293,136137.0645743555,219024.9333718554,110830.51531387221,108194.4180579832,374959.0562112488,6929.172692367671,61209.5892272668,4,0.9656181419166057,38624,32,8,4
20260813,static_8zone_end_to_end,100000,8612874101,3905,7742967133,3905,1456.8668666741792,1446.8956737818128,2806.9549506810763,3038.5368937636495,18220.119709798022,3292.0237097980225,3301.8437097980222,5.488438143807813,1434.2225194421137,0.18838678295949124,115280.5078497683,91941.4358497683,60470.39528382645,31471.04056594163,0.0,0.0,0.0,0,0.8440460947503201,24961,8,0,0
20260813,rack_local_zone,100000,8612874101,17168,8581585498,17168,295.97428260023395,270.87422870293835,610.7141528084887,716.949973429533,15616.816539001831,688.7205390018316,815.0128194641948,6.403353702097831,258.4459576069763,0.963051665552097,4031.7570492566183,286661.2754459871,158663.0533836361,127998.22206235104,0.0,25037.4815852494,311783.6492742041,4,0,5525,32,8,4
20260813,shared_no_zone,100000,8612874101,2618,7683527255,2618,2432.9663223118905,2426.521022745401,4534.417562252928,4791.199442788395,19677.89728436332,4749.8012843633205,5343.3678917817615,5.081843784166064,2325.9086293493597,0.11719394106305595,137640.03937976935,218652.72906649773,111846.8749682188,106805.85409827891,383072.63059189863,7468.328898902512,56155.96243861594,4,0.9663865546218487,40292,32,8,4
