seed,length_m,no_zone_speedup,no_zone_throughput_change,static_idle_capacity_share,no_zone_coordination_s,no_zone_conflict_affected_fraction
20260804,2.0,0.5646475863303366,-0.4353524136696634,0.07565896288937783,7401.8226520193275,0.859375
20260804,16.0,0.7690053568335061,-0.23099464316649387,0.0837802207386092,3179.5888766241933,0.71875
20260804,64.0,0.9162440859393695,-0.08375591406063054,0.10005023837965679,4058.7069516115826,0.6421875
20260805,2.0,0.5611959133008058,-0.43880408669919424,0.08199738206132746,6949.561869057549,0.8609375
20260805,16.0,0.7385394829926366,-0.2614605170073634,0.07785575438861818,3414.736372671262,0.71875
20260805,64.0,0.8434665636230313,-0.1565334363769687,0.07222600997594715,4038.3448926205847,0.625
20260806,2.0,0.60581567257091,-0.39418432742909015,0.13079395610209082,7207.274985326215,0.875
20260806,16.0,0.8251947959301354,-0.17480520406986455,0.1334268278138824,3240.282016110553,0.7046875
20260806,64.0,0.9284589530486608,-0.07154104695133912,0.13862145154110186,3697.1973963176724,0.6453125
20260807,2.0,0.5649997291746388,-0.4350002708253611,0.08040365852323239,7914.0886136211075,0.8734375
20260807,16.0,0.765399813814204,-0.23460018618579603,0.07894194164354108,3850.4644624961757,0.753125
20260807,64.0,0.8830640845487504,-0.1169359154512496,0.08085196205592197,4108.596318173608,0.6578125
20260808,2.0,0.61473558941809,-0.38526441058190997,0.1467725878523327,7220.235406725065,0.871875
20260808,16.0,0.8382694948982565,-0.16173050510174347,0.14519027762212353,3333.530421309969,0.746875
20260808,64.0,0.9420362206801274,-0.05796377931987262,0.14377697817562307,4063.9038054849243,0.659375
20260809,2.0,0.5729506977991439,-0.42704930220085613,0.10398539894065992,7367.848363430173,0.8640625
20260809,16.0,0.7620907896464223,-0.2379092103535776,0.08277414430580086,3418.6560950442904,0.7140625
20260809,64.0,0.8594605781963409,-0.14053942180365897,0.08834224652953737,3921.658027639061,0.66875
20260810,2.0,0.583173735965555,-0.416826264034445,0.09093526549804473,6925.309543238922,0.83125
20260810,16.0,0.7714789557597382,-0.22852104424026176,0.0887502102404548,3278.9916172185854,0.7109375
20260810,64.0,0.879867381319542,-0.12013261868045799,0.08655852010881508,3387.194858713777,0.63125
20260811,2.0,0.5329706146667241,-0.46702938533327587,0.05597690387118207,6994.462083417167,0.859375
20260811,16.0,0.737160746187509,-0.26283925381249096,0.05350911603911749,3118.1689527032668,0.7265625
20260811,64.0,0.8433235459488027,-0.15667645405119734,0.05138445043856153,3705.5574821019377,0.671875
20260812,2.0,0.5951430617580296,-0.40485693824197044,0.09594196205250188,6996.272343431872,0.840625
20260812,16.0,0.7862723975721572,-0.21372760242784283,0.08252629550664377,3173.9456656836246,0.68125
20260812,64.0,0.897706743998119,-0.10229325600188088,0.08342293800029565,3964.32412917015,0.640625
20260813,2.0,0.573253462012454,-0.426746537987546,0.08888961179800181,7108.955885669091,0.83125
20260813,16.0,0.7728253146320608,-0.22717468536793928,0.08921506369325409,3355.428802120169,0.7171875
20260813,64.0,0.8931015970755303,-0.10689840292446984,0.09086536215194659,3728.8553220411977,0.6109375
