placement,placement_display_name,placement_family,window_kind,window_size,window_count,mean_requests_per_window,logical_share_p50,logical_share_p95,work_share_p50,work_share_p95,work_share_max,task_share_p95,work_jain_fairness_mean,capacity_proxy_mean,capacity_proxy_p05,hot_window_fraction,severe_window_fraction,critical_zone_switch_rate,hotspot_run_windows_p95,requests_per_physical_task_mean
contiguous_lba,Contiguous LBA,contiguous_lba,request_count,100.0,13991,99.99678364662998,0.66,1.0,0.5257274211010728,1.0,1.0,1.0,0.32764517789216496,0.24688788578264997,0.125,0.9945679365306268,0.7916517761418055,0.3133666904932094,10.0,10.009504106062886
contiguous_lba,Contiguous LBA,contiguous_lba,request_count,500.0,2798,500.0,0.595,0.962,0.46258652047565396,0.8140300107163266,1.0,0.8133522727272733,0.3907271762831851,0.27801970511651763,0.15355699303933998,0.9885632594710507,0.684060042887777,0.31390775831247764,11.5,15.042763563713175
contiguous_lba,Contiguous LBA,contiguous_lba,request_count,1000.0,1399,1000.0,0.563,0.9320999999999999,0.42828336300323316,0.7336362751419921,1.0,0.7252962723550959,0.43109480540756817,0.2996029250090851,0.17038462074021002,0.9764117226590422,0.5889921372408864,0.3497854077253219,10.0,17.899177551501616
contiguous_lba,Contiguous LBA,contiguous_lba,request_count,5000.0,280,4996.625,0.518,0.84667,0.32579357073158477,0.5563467433748661,0.7260082413152698,0.5406563706563707,0.575171730800726,0.39099844557940744,0.2246877124670696,0.825,0.2642857142857143,0.45161290322580644,7.0,26.717075517555685
contiguous_lba,Contiguous LBA,contiguous_lba,request_count,10000.0,140,9993.25,0.49575,0.8031649999999995,0.2892231343805963,0.4612827650884292,0.6036693283346026,0.44867228794361935,0.6486726343318785,0.43741095917524,0.27098700873777715,0.7071428571428572,0.12142857142857143,0.5467625899280576,4.0,30.86970899497027
contiguous_lba,Contiguous LBA,contiguous_lba,request_count,20000.0,70,19986.5,0.4656,0.8057124999999999,0.26374900852381344,0.3923055860904655,0.4571078006839795,0.39752545248868776,0.7147594414466909,0.481975329965391,0.31862933128328574,0.6142857142857143,0.02857142857142857,0.4782608695652174,3.75,37.35444291588002
contiguous_lba,Contiguous LBA,contiguous_lba,request_count,50000.0,28,49966.25,0.39118464274793596,0.704803,0.23546070755870782,0.32635936639736757,0.3629402431131217,0.32053598696935764,0.7811861400853405,0.5281186004011406,0.38313274184029006,0.32142857142857145,0.0,0.2962962962962963,3.5999999999999996,51.02368798563802
contiguous_lba,Contiguous LBA,contiguous_lba,time,1.0,3569,392.0019613337069,0.6191950464396285,0.9755051499971858,0.4973205913320183,0.880242264336327,1.0,0.875,0.36035301446733636,0.2610009749739024,0.14200636080445855,0.9910339030540768,0.7394228075091062,0.35201793721973096,10.450000000000045,10.902882361801018
contiguous_lba,Contiguous LBA,contiguous_lba,time,5.0,720,1943.1319444444443,0.5567235121397037,0.907283273828749,0.39432556003454833,0.6665474829690057,0.913555327749583,0.6563046328671328,0.4834394152282159,0.32905516156418135,0.18753353412458845,0.9486111111111111,0.4777777777777778,0.41168289290681503,8.0,16.355589550848197
contiguous_lba,Contiguous LBA,contiguous_lba,time,15.0,240,5829.395833333333,0.5208067939173825,0.8516905448418939,0.3121712054904547,0.5238232788789348,0.6376795872928249,0.5015013054830282,0.601466216743047,0.40442629558393234,0.23866576252247254,0.8125,0.23333333333333334,0.5606694560669456,4.0,22.57941568520524
contiguous_lba,Contiguous LBA,contiguous_lba,time,30.0,120,11658.791666666666,0.5058738947282966,0.8052590661201522,0.2813496809033281,0.4261155577297251,0.6151582982037185,0.42154496047672946,0.6784243130388232,0.4566718325912715,0.2933525536939815,0.625,0.1,0.6134453781512605,3.0,27.86890347702642
contiguous_lba,Contiguous LBA,contiguous_lba,time,60.0,60,23317.583333333332,0.44282235486277566,0.7918291406597969,0.24404554139853263,0.3816004577332677,0.4989935670570678,0.3687835114809463,0.7474939038078907,0.50916569278072,0.3275682005819175,0.4666666666666667,0.016666666666666666,0.423728813559322,6.199999999999996,35.00915049049948
contiguous_lba,Contiguous LBA,contiguous_lba,time,120.0,30,46635.166666666664,0.4362520021787929,0.7433669904426083,0.22563911916808455,0.32571815122988323,0.3792914734364568,0.33315789168166243,0.7775855407969517,0.5314135123642927,0.3840735191245276,0.3,0.0,0.4482758620689655,3.5999999999999996,47.883348435505795
contiguous_lba,Contiguous LBA,contiguous_lba,time,300.0,12,116587.91666666667,0.36834205838596656,0.5504472054767766,0.22922839493669458,0.2704313331789455,0.27335188959613677,0.2676743912408036,0.8153825763479057,0.5526800077750531,0.46226857127172283,0.3333333333333333,0.0,0.45454545454545453,1.9,73.85008709877837
contiguous_lba,Contiguous LBA,contiguous_lba,time,600.0,6,233175.83333333334,0.3333227533221773,0.47880414730781884,0.22259396553426464,0.23175909052883975,0.2324087414006533,0.22899393752794822,0.8521813006250989,0.5830626122157021,0.5393659552865993,0.0,0.0,0.2,0.0,106.92980597885521
contiguous_lba,Contiguous LBA,contiguous_lba,time,900.0,4,349763.75,0.33439585343055955,0.4511491890663375,0.2122337578084312,0.2190931048031295,0.22020254150392662,0.20917392920541372,0.8701876373034882,0.600718332546717,0.5706186207025951,0.0,0.0,0.3333333333333333,0.0,137.787264701798
hash_seed_1,Hash seed 1,randomized_hash,request_count,100.0,13991,99.99678364662998,0.39,0.88,0.24111911464598085,0.4661271749144159,1.0,0.45454545454545453,0.718744698481351,0.5083375653128607,0.2681672004461483,0.44657279679794154,0.08255306983060538,0.7295925661186562,3.0,7.879030472023559
hash_seed_1,Hash seed 1,randomized_hash,request_count,500.0,2798,500.0,0.294,0.6163000000000002,0.184913871474578,0.2708155132489696,0.5619492267926799,0.2702702702702703,0.8917788759214751,0.6652088881052065,0.46156884516188545,0.07827019299499642,0.004288777698355968,0.7590275294958885,2.0,9.68268401113651
hash_seed_1,Hash seed 1,randomized_hash,request_count,1000.0,1399,1000.0,0.262,0.47609999999999986,0.16985859910347134,0.227975273901809,0.3800630570846563,0.22950819672131148,0.9327754732272584,0.723389234812962,0.5483050822628578,0.029306647605432452,0.0,0.7331902718168812,2.0,10.685634727477648
hash_seed_1,Hash seed 1,randomized_hash,request_count,5000.0,280,4996.625,0.20129999999999998,0.2998700000000001,0.1486795684190773,0.17981249317091846,0.2221371644105795,0.17709236512524085,0.9802020952277288,0.8288595378828345,0.6951818743718097,0.0,0.0,0.7347670250896058,0.0,14.191992035675035
hash_seed_1,Hash seed 1,randomized_hash,request_count,10000.0,140,9993.25,0.18275,0.2722399999999998,0.14249618793288185,0.1617231544785216,0.19697452392044437,0.1609390202025983,0.9889989834706743,0.8626846104241227,0.7729346140110118,0.0,0.0,0.7553956834532374,0.0,15.64868547875742
hash_seed_1,Hash seed 1,randomized_hash,request_count,20000.0,70,19986.5,0.171825,0.231425,0.13830970577936236,0.15018899753247095,0.17050699582290568,0.14904107937775785,0.9938922398569436,0.8964894627912682,0.8323860515364501,0.0,0.0,0.7681159420289855,0.0,17.74996811061777
hash_seed_1,Hash seed 1,randomized_hash,request_count,50000.0,28,49966.25,0.16013,0.18093599999999999,0.13287623235823873,0.1427316568951908,0.14570825495816878,0.14076989738264667,0.9977420455920115,0.9358776685543625,0.8764172893873214,0.0,0.0,0.5925925925925926,0.0,22.552016103326938
hash_seed_1,Hash seed 1,randomized_hash,time,1.0,3569,392.0019613337069,0.30227272727272725,0.6919975186104217,0.19611110494328315,0.3883320574049425,1.0,0.36363636363636365,0.8329229131008793,0.6134672958021881,0.32188950440936004,0.18604651162790697,0.04623143737741665,0.7858744394618834,2.0,7.301524233515882
hash_seed_1,Hash seed 1,randomized_hash,time,5.0,720,1943.1319444444443,0.23074042062806108,0.42372624167591566,0.16127643793813157,0.2132087792342392,0.43235842921373646,0.21338095238095234,0.9520945035481488,0.7614327577512868,0.5862830466629699,0.020833333333333332,0.001388888888888889,0.7329624478442281,1.0,9.50048380371726
hash_seed_1,Hash seed 1,randomized_hash,time,15.0,240,5829.395833333333,0.198042191878592,0.3022019999986715,0.1475162426005696,0.17756139937837218,0.2302657991195474,0.17794697633654685,0.9818853016183321,0.834116408934229,0.703982602374615,0.0,0.0,0.7238493723849372,0.0,11.847966135092863
hash_seed_1,Hash seed 1,randomized_hash,time,30.0,120,11658.791666666666,0.18212948468165824,0.26612940189291046,0.14070150295454312,0.16821091880319883,0.17748364936349817,0.1667708333333333,0.990358766887151,0.8721503253265394,0.7431148784762491,0.0,0.0,0.773109243697479,0.0,13.721959591057248
hash_seed_1,Hash seed 1,randomized_hash,time,60.0,60,23317.583333333332,0.1741604217871403,0.22745419818252172,0.13797429841357722,0.15106347148857702,0.1594208871095968,0.15093988034914513,0.9946877327437728,0.9004824568675381,0.8274679275746272,0.0,0.0,0.7288135593220338,0.0,16.45705776793316
hash_seed_1,Hash seed 1,randomized_hash,time,120.0,30,46635.166666666664,0.1604563984594859,0.19374630061463016,0.13387439475802168,0.14213583839491853,0.1451669246429119,0.13990950846226316,0.9972208405286305,0.9278142720650593,0.8794447680560693,0.0,0.0,0.6896551724137931,0.0,21.435665262211245
hash_seed_1,Hash seed 1,randomized_hash,time,300.0,12,116587.91666666667,0.15273031692113154,0.16310950488439757,0.1303994186148054,0.13465596697804674,0.1356649823381982,0.13427484834688427,0.998773400561882,0.9529444663022925,0.9283341674156058,0.0,0.0,0.7272727272727273,0.0,32.964073542116985
hash_seed_1,Hash seed 1,randomized_hash,time,600.0,6,233175.83333333334,0.15172039169146695,0.15388787704476678,0.12861269637860728,0.13142513374019676,0.13145922539053148,0.13149589615879598,0.9994421492367409,0.9688301430142975,0.9511120262072272,0.0,0.0,0.6,0.0,50.283315902037565
hash_seed_1,Hash seed 1,randomized_hash,time,900.0,4,349763.75,0.14129819160795637,0.15229556586915308,0.12812050656825666,0.12997337717942029,0.1302697823516096,0.13010858779506373,0.9997219951155913,0.9733135928354252,0.9617640649746675,0.0,0.0,1.0,0.0,67.70693463715678
hash_seed_2,Hash seed 2,randomized_hash,request_count,100.0,13991,99.99678364662998,0.39,0.88,0.24132745853473528,0.4757451116927831,1.0,0.47058823529411764,0.7196471303829644,0.5078174148002851,0.2627457512992863,0.4457151025659352,0.08562647416196126,0.7323087919942817,3.0,7.8788836329028005
hash_seed_2,Hash seed 2,randomized_hash,request_count,500.0,2798,500.0,0.3,0.62,0.1850976233584386,0.2720536626493229,0.5928332622168255,0.2692307692307692,0.8913281015767769,0.6628545860380289,0.45946833929255104,0.0864903502501787,0.005360972122944961,0.7565248480514837,2.0,9.6824257418151
hash_seed_2,Hash seed 2,randomized_hash,request_count,1000.0,1399,1000.0,0.269,0.4761999999999998,0.16950408615226198,0.231598524905551,0.4364424181690508,0.22740259740259727,0.9343970490535364,0.72249714163921,0.5397274933656434,0.02573266619013581,0.0007147962830593281,0.759656652360515,1.0,10.691630144796916
hash_seed_2,Hash seed 2,randomized_hash,request_count,5000.0,280,4996.625,0.2008,0.31681,0.14763785478285021,0.17934823011584825,0.2349141833633447,0.1771047008547009,0.9810438991781818,0.8342945228174435,0.6969682600448729,0.0,0.0,0.8136200716845878,0.0,14.220171016512214
hash_seed_2,Hash seed 2,randomized_hash,request_count,10000.0,140,9993.25,0.1845,0.2556249999999998,0.14103308506233642,0.15898678846191364,0.17825834334844096,0.15629464285714284,0.9912238139234085,0.8797604342222091,0.7862297661635247,0.0,0.0,0.7050359712230215,0.0,15.68323058243605
hash_seed_2,Hash seed 2,randomized_hash,request_count,20000.0,70,19986.5,0.1664,0.23319,0.13679458353416712,0.1474639566885358,0.15271314616169454,0.14593571706949315,0.9955936680381616,0.9072731022127056,0.847681632622012,0.0,0.0,0.7681159420289855,0.0,17.822899486700624
hash_seed_2,Hash seed 2,randomized_hash,request_count,50000.0,28,49966.25,0.15509,0.21002299999999996,0.13272041680351515,0.14160683308787766,0.14489099992514853,0.1421968543886352,0.9980927713123894,0.9352849021172078,0.8829815081685912,0.0,0.0,0.7037037037037037,0.0,22.66199388056645
hash_seed_2,Hash seed 2,randomized_hash,time,1.0,3569,392.0019613337069,0.30434782608695654,0.6832868183769858,0.1971073068509599,0.3900392555765675,1.0,0.375,0.8312986765696044,0.6098972769802644,0.3204806652498804,0.1992154665172317,0.047072008966096944,0.7872757847533632,2.0,7.304110392546167
hash_seed_2,Hash seed 2,randomized_hash,time,5.0,720,1943.1319444444443,0.23657454218627122,0.4183425925925926,0.16078426135968896,0.2166416717478899,0.6000573213716566,0.21381773399014775,0.95282817808939,0.7634669172616527,0.5769896670323241,0.011111111111111112,0.002777777777777778,0.7816411682892906,1.0,9.514216761922986
hash_seed_2,Hash seed 2,randomized_hash,time,15.0,240,5829.395833333333,0.19647762282160355,0.30913542197422533,0.14576848375042595,0.17160339036152603,0.21697828254380863,0.171789860222696,0.9834123826157846,0.8442223919859003,0.7284238794637508,0.0,0.0,0.7824267782426778,0.0,11.873420982056194
hash_seed_2,Hash seed 2,randomized_hash,time,30.0,120,11658.791666666666,0.17835345595957341,0.2729508063381052,0.14070276002576876,0.1580490987670084,0.17602634255610744,0.15716614906832296,0.9914144842925227,0.8775207384928914,0.7908934711101575,0.0,0.0,0.7983193277310925,0.0,13.748685586583331
hash_seed_2,Hash seed 2,randomized_hash,time,60.0,60,23317.583333333332,0.16964767962888938,0.23162255755492928,0.13736270467904044,0.14771161518292686,0.14913342037019156,0.14743009243009242,0.9957281519692834,0.9088466530807544,0.8462435749124655,0.0,0.0,0.7796610169491526,0.0,16.520290060571128
hash_seed_2,Hash seed 2,randomized_hash,time,120.0,30,46635.166666666664,0.1568323126647755,0.20287786407345132,0.13360609125021397,0.13900680123383166,0.14110523623670002,0.13833141157907514,0.997657312086713,0.9331064040130453,0.8992740819914399,0.0,0.0,0.7241379310344828,0.0,21.551448336147804
hash_seed_2,Hash seed 2,randomized_hash,time,300.0,12,116587.91666666667,0.14573254798574695,0.16843843871697925,0.1305438886231458,0.1335814878218818,0.13378680992280473,0.13355818633967112,0.9991876803644275,0.9566098036049455,0.9357602134426388,0.0,0.0,0.6363636363636364,0.0,33.05274182284181
hash_seed_2,Hash seed 2,randomized_hash,time,600.0,6,233175.83333333334,0.14257600528072034,0.16046068783777695,0.12952232231428765,0.13127514472839935,0.13144976060200997,0.13062582229419256,0.9995428307062829,0.9646413163854628,0.9522035989440811,0.0,0.0,0.4,0.0,50.42713708602805
hash_seed_2,Hash seed 2,randomized_hash,time,900.0,4,349763.75,0.13662016030210228,0.148066757822622,0.12789290952389828,0.1284535583417332,0.12852728685608888,0.12810298078461932,0.999743366086026,0.9767033509676801,0.9731161642810824,0.0,0.0,0.0,0.0,67.93203248474246
hash_seed_3,Hash seed 3,randomized_hash,request_count,100.0,13991,99.99678364662998,0.39,0.875,0.24229290129141298,0.47046442166208624,1.0,0.5,0.7187936732129488,0.506297952725662,0.26569491732827466,0.4504324208419698,0.08412550925595025,0.7260900643316655,3.0,7.880767450134477
hash_seed_3,Hash seed 3,randomized_hash,request_count,500.0,2798,500.0,0.296,0.6100000000000001,0.1857693844458856,0.26945506428134197,0.5857190074070555,0.2657812500000001,0.8910461027380435,0.6616711375412863,0.4638993159725279,0.08077197998570407,0.005003573981415297,0.7601001072577762,2.0,9.683391995055993
hash_seed_3,Hash seed 3,randomized_hash,request_count,1000.0,1399,1000.0,0.262,0.4790999999999999,0.1692989716577473,0.2298989796060166,0.44768124632419065,0.22727272727272727,0.9339943090006033,0.724811246311514,0.5437171595561212,0.021443888491779844,0.0007147962830593281,0.765379113018598,1.0,10.684945522382332
hash_seed_3,Hash seed 3,randomized_hash,request_count,5000.0,280,4996.625,0.199,0.30150000000000005,0.14760586666155356,0.1711555875232122,0.19925764059639575,0.1681544716942947,0.9810851530032859,0.8366386258123896,0.7303297094228207,0.0,0.0,0.7921146953405018,0.0,14.201357078046161
hash_seed_3,Hash seed 3,randomized_hash,request_count,10000.0,140,9993.25,0.18595,0.2598449999999999,0.14123875959510568,0.1591508267994712,0.18536130085660707,0.16059768022590956,0.9894374367623915,0.8728335537486013,0.785427979662682,0.0,0.0,0.7913669064748201,0.0,15.637074108126761
hash_seed_3,Hash seed 3,randomized_hash,request_count,20000.0,70,19986.5,0.17215000000000003,0.23300500000000002,0.1375878907274523,0.14571420344431596,0.15335585541533958,0.14584650533552368,0.9941981404383576,0.9058651749855108,0.8578452369521115,0.0,0.0,0.8405797101449275,0.0,17.736515023756336
hash_seed_3,Hash seed 3,randomized_hash,request_count,50000.0,28,49966.25,0.1615,0.17930999999999997,0.13299650217600542,0.13979010886502238,0.13995834833920176,0.14001532981419296,0.9971320136784474,0.9312871447593966,0.8941984880783531,0.0,0.0,0.8518518518518519,0.0,22.552821991432065
hash_seed_3,Hash seed 3,randomized_hash,time,1.0,3569,392.0019613337069,0.3055555555555556,0.6781935781935777,0.1955510462183371,0.39804177647259853,1.0,0.36363636363636365,0.8340220955359483,0.6142516698899751,0.314038989563712,0.191650322219109,0.04959372373213786,0.7917600896860987,2.0,7.303031013915108
hash_seed_3,Hash seed 3,randomized_hash,time,5.0,720,1943.1319444444443,0.23149560723514212,0.4118639719805251,0.16082062405948874,0.21716235936147527,0.38374185536422567,0.21428571428571427,0.950563991188037,0.7634681967606273,0.5756062012399952,0.022222222222222223,0.0,0.7746870653685675,1.299999999999999,9.511862414719593
hash_seed_3,Hash seed 3,randomized_hash,time,15.0,240,5829.395833333333,0.19803745771118247,0.31152401369569305,0.14697154410141006,0.17118762591414285,0.21464286002488805,0.16959734964322118,0.9820169680533589,0.8403726148420374,0.7301931843249567,0.0,0.0,0.7489539748953975,0.0,11.841905358043713
hash_seed_3,Hash seed 3,randomized_hash,time,30.0,120,11658.791666666666,0.18392363706110423,0.2655275062220918,0.141740245340159,0.15395539311040296,0.1723426108282159,0.1542132498009761,0.9904999195321761,0.8792685121730506,0.8119235614730824,0.0,0.0,0.7563025210084033,0.0,13.704955253231656
hash_seed_3,Hash seed 3,randomized_hash,time,60.0,60,23317.583333333332,0.16486388702524601,0.23309257175006112,0.137256314973761,0.14618164221713342,0.14916584306655195,0.14563766801263126,0.9948254784777902,0.9097309553936396,0.8551005624982774,0.0,0.0,0.711864406779661,0.0,16.450082354982307
hash_seed_3,Hash seed 3,randomized_hash,time,120.0,30,46635.166666666664,0.16232709476758383,0.1895734151392123,0.13311282008005396,0.14151471463939308,0.14452905354058543,0.14193877551020406,0.996865161772996,0.9291523603681074,0.8833073745146761,0.0,0.0,0.7586206896551724,0.0,21.47466093512816
hash_seed_3,Hash seed 3,randomized_hash,time,300.0,12,116587.91666666667,0.14965874986929079,0.16583533969388026,0.1307569780075394,0.1362412226369236,0.13626477328873576,0.13606457117134527,0.9985434818437265,0.946615306729628,0.9174903207452119,0.0,0.0,0.9090909090909091,0.0,33.08721988398703
hash_seed_3,Hash seed 3,randomized_hash,time,600.0,6,233175.83333333334,0.14540067677718377,0.1505795723636195,0.12954538148151692,0.1304714249621525,0.13047285346139972,0.1311646043561985,0.9994120131616336,0.9660857334903343,0.9580641897734659,0.0,0.0,1.0,0.0,50.4662020703354
hash_seed_3,Hash seed 3,randomized_hash,time,900.0,4,349763.75,0.1409794454050733,0.14271756841893424,0.12860339900388973,0.12943727625547835,0.12955072626270017,0.12932062895217644,0.999631922996353,0.9717100864126359,0.9657229355809227,0.0,0.0,1.0,0.0,67.81529798940042
