seed,shuttles,yield_penalty_s,requests,returned,p99_s,mean_s,read_span_s,drain_span_s,throughput_req_s,reader_busy_fraction,reader_optical_fraction,reader_idle_demand_s,restricted_idle_s,input_occupancy_s,max_input,max_output,max_dock,pair_evaluations,route_queries,reservation_checks,prefetch_hit_fraction,prefetch_lead_mean_s,route_motion_s,movement_s,traffic_wait_s,delivery_wait_s,output_block_s,queue_mean_s,fetch_delivery_mean_s,delivery_wait_mean_s,handoff_mean_s,buffer_wait_mean_s,load_read_mean_s,workload_sha256
101,1,3.0,384,384,18732.52870163385,9546.687866663682,18925.946701633846,18960.196701633846,0.020289605907367895,0.22317387302809746,0.1623082712931618,14702.946701633846,0.0,394.0122775476175,1,2,1,384,2688,9121,0.018229166666666668,1.4303253639453553,15102.558596208992,17424.196701633846,0.0,0.0,0.0,9507.630391543877,28.03140148035857,0.0,1.0,0.026073639446920538,10.0,5b073b8326870880ca0e70552657d4ad4070853782331d635e60f5e5bff2cc81
101,2,3.0,384,384,11323.007675873729,5734.414538096625,11425.899175863724,11441.249175873725,0.033607858260395695,0.3696540885669205,0.2688393371395785,7202.899175863724,0.0,613.4545435357815,1,2,2,385,2690,16530,0.17447916666666666,3.424694679638529,15026.805707199677,17785.65232935261,3544.2460223948383,0.9999999900001058,0.0,5690.191916068066,32.622479988126535,0.0026041666406252753,1.0,0.5975378737910976,10.0,5b073b8326870880ca0e70552657d4ad4070853782331d635e60f5e5bff2cc81
101,4,3.0,384,384,7208.146392128119,3690.8515893655267,7286.684892194718,7305.934892194718,0.05269886178436637,0.5796079361943878,0.42153304450500934,3063.6848921947176,0.0,1664.3528026863717,3,3,2,390,2705,30793,0.4661458333333333,7.152808953555149,15175.752020329648,17729.671592810253,9818.528951973984,2.549193298483374,0.0,3633.2317463463983,43.278952404584366,0.006638524214800452,1.0,3.334252090329093,10.0,5b073b8326870880ca0e70552657d4ad4070853782331d635e60f5e5bff2cc81
101,8,3.0,384,384,4893.306446172644,2479.2743606176455,4947.886446272643,4967.136446272643,0.07760889506453326,0.8535253426922724,0.6207457037761981,724.8864462726433,0.0,5332.691298168268,5,5,2,412,2759,56946,0.8020833333333334,16.06717953950736,15245.231110385386,17718.426473086172,20125.39577483375,9.453092824578903,0.0,2397.1865300557665,58.17599621033526,0.024617429230674226,1.0,12.887216922313195,10.0,5b073b8326870880ca0e70552657d4ad4070853782331d635e60f5e5bff2cc81
101,16,3.0,384,384,4216.02000007,2151.65000007,4258.15000007,4280.40000007,0.09018000774836195,0.9917471795852641,0.7212706760620103,35.150000070000004,0.0,33199.46616024873,8,3,12,505,3131,54893,0.9973958333333334,85.68006830352148,15548.086636669708,16065.720351779477,19941.053018923703,28327.5950964488,0.0,1917.419152120229,64.00412592712118,73.76977889700208,1.0,85.45694312564773,10.0,5b073b8326870880ca0e70552657d4ad4070853782331d635e60f5e5bff2cc81
101,32,3.0,384,384,4236.12000011,2171.7500001099997,4278.25000011,4297.85000011,0.08975632559811297,0.987088859003662,0.7178828065481178,55.25000011,0.0,33240.78663815801,8,3,27,890,4402,76418,0.9973958333333334,85.78795466881989,15535.151700473538,15974.125891337748,22069.103492962582,89415.24311980305,0.0,1774.0530291944206,68.28022675422231,232.8521956244871,1.0,85.56454853686984,10.0,5b073b8326870880ca0e70552657d4ad4070853782331d635e60f5e5bff2cc81
202,1,3.0,384,384,19403.283114261747,9808.21874715948,19567.94948189746,19594.53269785408,0.01962392637793975,0.21585215925399942,0.15698338854836322,15344.94948189746,0.0,406.2902400634457,1,2,1,384,2688,9338,0.018229166666666668,3.1843200090636725,15617.219689232912,18058.53269785408,0.0,0.0,0.0,9768.110646264435,29.050053394880464,0.0,1.0,0.0580475001652232,10.0,30e66a31a4f434367f39926fc66bce12f182e2490a706e0a619154d3117a327f
202,2,3.0,384,384,11327.683106439874,5615.544661660314,11404.230244936161,11434.680244946163,0.033671715824091515,0.37035639871237364,0.26935010815445354,7181.230244936161,0.0,709.5786104309362,2,2,2,385,2690,16051,0.16927083333333334,5.008901698937481,15505.765221183658,18427.596604576607,2889.7971012523367,0.40000001000043994,0.0,5570.642918888184,33.05284014077313,0.001041666692709479,1.0,0.8478609646638966,10.0,30e66a31a4f434367f39926fc66bce12f182e2490a706e0a619154d3117a327f
202,4,3.0,384,384,6943.2327331914585,3450.8609014727067,7001.579165134698,7034.962733261457,0.05484477015016548,0.6032063187562334,0.43869550454998796,2778.579165134699,0.0,1516.3501501857172,3,4,2,390,2701,28782,0.4192708333333333,7.033230746495137,15568.945806743852,18110.674399862037,8378.132773422985,4.29597216482307,0.0,3395.8657472452974,41.03513828378824,0.011187427512560078,1.0,2.9488285161086383,9.999999999999998,30e66a31a4f434367f39926fc66bce12f182e2490a706e0a619154d3117a327f
202,8,3.0,384,384,4835.320510528069,2426.3605898528785,4881.8179357024865,4898.267935702486,0.07865922184268082,0.8650742369717902,0.6291448996158474,658.8179357024869,0.0,7652.3470962191095,8,5,2,412,2761,54375,0.8307291666666666,22.784787135483082,15328.941923710187,17720.267681814512,19601.04576420234,10.484004423355742,0.0,2338.930191615796,57.475108912492686,0.027302094852488912,1.0,18.927987229737248,10.0,30e66a31a4f434367f39926fc66bce12f182e2490a706e0a619154d3117a327f
202,16,3.0,384,384,4210.37000005,2146.00000005,4252.50000005,4267.632574875583,0.09029982363209524,0.9930645350770768,0.7222287527833287,29.50000005,0.0,33190.55127142898,8,3,11,504,3137,58924,0.9973958333333334,85.65679183140723,16398.958851874,16836.14311928987,21223.983827958516,26097.082393804045,0.0,1913.4344361606134,68.17068455284227,67.96115206719803,1.0,85.43372726934628,10.000000000000002,30e66a31a4f434367f39926fc66bce12f182e2490a706e0a619154d3117a327f
202,32,3.0,384,384,4232.37000007,2168.00000007,4274.50000007,4292.83321602662,0.08983506842758487,0.9879546251738611,0.718512454671899,51.50000007000001,0.0,33225.715321618496,8,3,28,880,4371,78145,0.9973958333333334,85.74860397289427,15987.140702175655,16492.5964914943,23537.849101823263,87455.6692264416,0.0,1771.39931968973,72.32624145303033,227.74913861052502,1.0,85.52530031671486,10.0,30e66a31a4f434367f39926fc66bce12f182e2490a706e0a619154d3117a327f
303,1,3.0,384,384,18792.43900200369,9435.395075638231,18951.623447118694,18989.07344711869,0.02026211638657169,0.22287152022967885,0.16208837834885736,14728.623447118696,0.0,394.9030345583842,1,2,1,384,2688,9292,0.010416666666666666,2.7257586395960516,15151.539985232035,17453.07344711869,0.0,0.0,0.0,9396.187663682409,28.179018636659755,0.0,1.0,0.02839331916245887,9.999999999999995,f747aa6930b2af5d61a1e4bef0152b31476cb33badbd1755d04c859095ce619d
303,2,3.0,384,384,10893.43919431242,5377.590133141039,10989.619194322418,11006.91919433242,0.034942066072533834,0.3843277549077537,0.27951109447836636,6766.61919432242,0.0,651.8497954070938,1,2,2,385,2690,15755,0.15625,4.464163256784897,15015.584578742653,17695.57757075744,2751.9108178774013,2.250000009997507,0.0,5334.593536698275,31.293211558865508,0.005859375026035174,1.0,0.6975255088726401,9.999999999999996,f747aa6930b2af5d61a1e4bef0152b31476cb33badbd1755d04c859095ce619d
303,4,3.0,384,384,6956.691318779927,3510.9734177738856,7019.467525378077,7028.217525378077,0.05470500413481396,0.6016693310995015,0.437577695345092,2796.4675253780765,0.0,1612.5909940412623,3,4,2,390,2704,30579,0.4453125,7.184742655212061,15024.23953679404,17466.573674965377,9012.296598434805,2.7326919386058535,0.0,3455.7470363044886,41.01980937049098,0.007116385256786077,1.0,3.1994557136491206,10.000000000000002,f747aa6930b2af5d61a1e4bef0152b31476cb33badbd1755d04c859095ce619d
303,8,3.0,384,384,4826.543159730393,2415.147026624549,4877.673159780393,4899.523159780393,0.07872606208352198,0.8658091783689272,0.6296794024501289,654.6731597803926,0.0,7983.815731265953,8,4,2,413,2759,57168,0.8697916666666666,22.75393931516751,15079.378762577111,17304.44018013708,19998.250218691897,8.80528609524169,0.0,2326.7951308262072,57.53777856563022,0.022930432539691903,1.0,19.79118680017174,10.0,f747aa6930b2af5d61a1e4bef0152b31476cb33badbd1755d04c859095ce619d
303,16,3.0,384,384,4209.82000009,2145.45000009,4251.95000009,4279.3916408865,0.09031150413148602,0.9931929601595628,0.7223221528433185,28.950000090000003,0.0,33210.489486104656,8,3,12,512,3150,61262,0.9973958333333334,85.70884983317141,15531.402584746735,16048.482438784198,21677.398525719826,26436.3838032009,0.0,1914.7574920551863,65.36210884391369,68.84474948750234,1.0,85.48564970339753,10.0,f747aa6930b2af5d61a1e4bef0152b31476cb33badbd1755d04c859095ce619d
303,32,3.0,384,384,4217.2700000800005,2152.90000008,4259.400000080001,4285.9916408665,0.09015354275080707,0.9914562012770357,0.7210590554742078,36.400000080000005,0.0,33027.78631908809,8,3,27,907,4444,90978,0.9973958333333334,85.23181806550413,15476.44756344806,15941.48384002732,25170.8971730579,85674.68953019477,0.0,1759.2895460533853,74.48942316910738,223.1111706515489,1.000000000000001,85.00986020595855,10.000000000000002,f747aa6930b2af5d61a1e4bef0152b31476cb33badbd1755d04c859095ce619d
404,1,3.0,384,384,19277.205234267185,9745.246893889562,19497.738234267184,19533.388234267186,0.01969459202837803,0.21662940182338158,0.15754865587155026,15274.738234267184,0.0,393.7335206051612,1,2,1,384,2688,9307,0.013020833333333334,1.946704121032235,15565.783508099941,17997.388234267186,0.0,0.0,0.0,9705.202102640927,29.01944353872401,0.0,1.0,0.025347709909273892,10.000000000000004,c9b54c1a6762db10b986b65280a30224d16f716832af81bdcdf62bfd52b87ba6
404,2,3.0,384,384,11340.724808737346,5688.043894273434,11474.304808767347,11491.804808767347,0.0334660797669059,0.3680947975144665,0.2677053072832484,7251.304808767347,0.0,616.3495357153521,1,2,2,385,2690,16553,0.1328125,4.555873249320629,15219.422777206353,18176.69227400736,3251.9795257344163,0.48781779291675775,0.0,5643.576231799052,32.86131519962014,0.0012703588357207234,1.0,0.605076915925396,10.0,c9b54c1a6762db10b986b65280a30224d16f716832af81bdcdf62bfd52b87ba6
404,4,3.0,384,384,7066.130985176359,3508.908437554974,7152.990985228059,7167.340985228059,0.05368383670453583,0.5904396593065241,0.4294106613138357,2929.990985228059,0.0,1600.167419870518,3,4,2,390,2705,29859,0.46875,6.756485665947322,15387.729136733711,18047.323866623607,8962.073033018303,2.6170412703243073,0.0,3452.4753794729936,42.25914021442648,0.00681521164146955,1.0,3.167102655912807,10.0,c9b54c1a6762db10b986b65280a30224d16f716832af81bdcdf62bfd52b87ba6
404,8,3.0,384,384,4912.210081253242,2419.470934896582,4979.872132260809,4998.572132290809,0.07711041364141775,0.8480442556718946,0.6167594586704688,756.8721322608083,0.0,6970.089253607738,8,5,2,412,2751,57503,0.8203125,20.908219852722965,15250.492736962926,17765.521976136588,20410.99014351873,4.359399466478976,0.0,2332.8874036038633,58.42090459200477,0.011352602777289,0.9999999999999994,17.151274097936806,10.000000000000002,c9b54c1a6762db10b986b65280a30224d16f716832af81bdcdf62bfd52b87ba6
404,16,3.0,384,384,4205.77000005,2141.40000005,4247.90000005,4274.600000050001,0.09039760822888489,0.9941396596649233,0.7230106615744898,24.90000005,0.0,33126.67595399087,8,3,10,504,3131,69291,0.9973958333333334,85.49001554566806,16008.3572199498,16581.01680157458,25573.46083682474,21991.257960098446,0.0,1914.2530667729632,73.61064704242938,57.26890093775637,1.0,85.26738529685122,10.0,c9b54c1a6762db10b986b65280a30224d16f716832af81bdcdf62bfd52b87ba6
404,32,3.0,384,384,4229.57000006,2165.20000006,4271.70000006,4296.50000006,0.08989395322578982,0.9886020548928508,0.7189833126493461,48.70000006000001,0.0,33235.62729547064,8,3,28,916,4472,78482,0.9973958333333334,85.77448380018446,15709.923072616102,16158.133005767557,22337.61134061768,88605.30342152048,0.0,1768.7792771188406,69.12663253232853,230.7429776602096,1.0,85.55111274862146,10.0,c9b54c1a6762db10b986b65280a30224d16f716832af81bdcdf62bfd52b87ba6
505,1,3.0,384,384,18720.79821570778,9414.911371299851,18911.581215707778,18932.381215707777,0.020305018158981506,0.22334338987487184,0.16243155627263406,14688.581215707778,0.0,393.4843747482769,1,2,1,384,2688,9120,0.010416666666666666,2.3710936870692194,15065.3624583816,17392.931215707777,0.0,0.0,0.0,9375.891335684462,27.99533672281474,0.0,1.0,0.024698892573637703,10.0,3089b45ae9ff48ca97fe5e5edee12922e010bff3f98b55c8cb432f43748d2296
505,2,3.0,384,384,10818.649080489222,5517.943189887089,10929.129080549224,10944.379080549224,0.035135462045499305,0.38645472243478296,0.2810579799525694,6706.1290805492235,0.0,844.765627547027,2,3,2,385,2690,15390,0.24739583333333334,4.850164500495021,14806.579553630245,17527.17011374402,2795.1660426021876,1.122004742241188,0.0,5474.505629026755,31.234728484581293,0.0029218873495864273,1.0,1.1999104884037162,10.000000000000004,3089b45ae9ff48ca97fe5e5edee12922e010bff3f98b55c8cb432f43748d2296
505,4,3.0,384,384,6837.3154703164855,3464.6567144974038,6925.7179703447855,6940.9679703447855,0.05544551505623657,0.6098126151640826,0.44350008375569644,2702.7179703447855,0.0,1523.3865701767895,2,3,2,390,2704,29344,0.46875,6.329925389871054,15088.369532245133,17753.93674059936,8297.612631531829,3.1353286810110603,0.0,3409.816968187892,40.86442886456939,0.00816491844013297,1.0,2.967152526502056,10.0,3089b45ae9ff48ca97fe5e5edee12922e010bff3f98b55c8cb432f43748d2296
505,8,3.0,384,384,4587.93809122811,2325.704407041653,4630.0680912281105,4651.5680912281105,0.08293614530799379,0.9121006033145671,0.6633458933196851,407.0680912281107,0.0,9518.86401963353,8,5,3,413,2774,51824,0.8697916666666666,27.349892274351813,14946.027836696152,17214.45005207824,17968.350179061694,62.38987825399739,0.0,2235.324309252793,55.42891576311171,0.16247364128645153,1.0,23.788708384462254,10.0,3089b45ae9ff48ca97fe5e5edee12922e010bff3f98b55c8cb432f43748d2296
505,16,3.0,384,384,4225.47000003,2161.10000003,4267.60000003,4293.400000029999,0.08998031680506621,0.9895516094200237,0.7196738977600172,44.600000030000004,0.0,33320.55892063234,8,2,12,513,3155,55904,0.9973958333333334,85.99623739068497,15735.120915573021,16213.00382688111,20066.285916027067,28110.243322165985,0.0,1926.2263544211423,64.89759810157051,73.20375865147392,1.0,85.77228885581339,10.0,3089b45ae9ff48ca97fe5e5edee12922e010bff3f98b55c8cb432f43748d2296
505,32,3.0,384,384,4245.970000079999,2181.60000008,4288.1000000799995,4311.900000079999,0.08955015041459762,0.9848219906090356,0.7162341749883896,65.10000008,0.0,33321.965520636855,8,3,29,899,4437,68113,0.9973958333333334,85.99990997555315,15216.981043428606,15709.496647846467,19400.922375982962,92545.07489281903,0.0,1780.6926668091844,63.128582194107594,241.00279920004954,1.0,85.77595187665848,9.999999999999998,3089b45ae9ff48ca97fe5e5edee12922e010bff3f98b55c8cb432f43748d2296
