shuttles,yield_penalty_s,runs,requests_mean,requests_sd,returned_mean,returned_sd,p99_s_mean,p99_s_sd,mean_s_mean,mean_s_sd,read_span_s_mean,read_span_s_sd,drain_span_s_mean,drain_span_s_sd,throughput_req_s_mean,throughput_req_s_sd,reader_busy_fraction_mean,reader_busy_fraction_sd,reader_optical_fraction_mean,reader_optical_fraction_sd,reader_idle_demand_s_mean,reader_idle_demand_s_sd,restricted_idle_s_mean,restricted_idle_s_sd,input_occupancy_s_mean,input_occupancy_s_sd,max_input_mean,max_input_sd,max_output_mean,max_output_sd,max_dock_mean,max_dock_sd,pair_evaluations_mean,pair_evaluations_sd,route_queries_mean,route_queries_sd,reservation_checks_mean,reservation_checks_sd,contended_steps_mean,contended_steps_sd,prefetch_hit_fraction_mean,prefetch_hit_fraction_sd,prefetch_lead_mean_s_mean,prefetch_lead_mean_s_sd,route_motion_s_mean,route_motion_s_sd,movement_s_mean,movement_s_sd,traffic_wait_s_mean,traffic_wait_s_sd,delivery_wait_s_mean,delivery_wait_s_sd,output_block_s_mean,output_block_s_sd,queue_mean_s_mean,queue_mean_s_sd,fetch_delivery_mean_s_mean,fetch_delivery_mean_s_sd,delivery_wait_mean_s_mean,delivery_wait_mean_s_sd,handoff_mean_s_mean,handoff_mean_s_sd,buffer_wait_mean_s_mean,buffer_wait_mean_s_sd,load_read_mean_s_mean,load_read_mean_s_sd,ideal_reader_busy_fraction,interference_gap_pct,traffic_wait_per_request_s,throughput_req_min,p99_min,marginal_busy_pct_per_added_shuttle
1,0.0,5,384,0.0,384,0.0,24979.913415974468,523.8291027241808,12603.005253885864,293.9106653261364,25218.977143995693,528.5873183516651,25264.331808006307,528.2090230326666,0.015231958519752644,0.0003178766086673931,0.16754489547241352,0.003496365892699377,0.1218508330708462,0.0025428115583268104,20995.977143995693,528.5873183516651,0.0,0.0,390.79930820903394,7.12574805934371,1,0.0,2,0.0,1,0.0,384,0.0,2688,0.0,9307.2,93.32041577275575,0,0.0,0.010416666666666666,0.00736569563735987,1.4939600035687313,0.7808404195595219,20503.18761208662,482.96998728157024,23728.251808006306,528.2422078518553,0.0,0.0,0.0,0.0,0.0,0.0,12553.968362444422,292.96919808808667,38.019184909646015,0.9519178385689482,0.0,0.0,1.0,0.0,0.017706531794359274,0.01855663557120758,9.999999999999998,2.3160859559832576e-15,0.16754489547241352,0.0,0.0,0.9139175111851586,416.33189026624115,16.754489547241352
2,0.0,5,384,0.0,384,0.0,13748.612805374454,278.4309672142974,6953.815983173889,160.5810478008927,13887.772133413002,285.3293996337669,13917.63746941239,289.4463948749806,0.027659581618041027,0.0005694365407042493,0.3042334763824888,0.006262898604262279,0.22126071009635548,0.004554835348554395,9664.772133413004,285.32939963376776,0.0,0.0,664.323707134131,22.525212935254444,1.2,0.4472135954999579,2,0.0,2,0.0,385,0.0,2690.4,0.5477225575051661,15946.2,387.45412631690994,0,0.0,0.14322916666666666,0.013405768412743492,5.1166992794391195,0.4494539703627855,20269.36099139686,374.85696997010797,23964.88437752609,494.36940342591083,2288.0600518545366,112.40302681987602,3.458178026003611,1.4476110119560759,0.0,0.0,6901.269278222248,159.77048740424289,40.8076896257036,0.8722396375149913,0.009005671942717737,0.0037698203436356144,1.0,0.0,0.730009653995133,0.05865940868555846,9.999999999999998,3.891802844472395e-15,0.33508979094482705,3.0856314562338225,5.958489718371189,1.6595748970824615,229.1435467562409,13.668858091007529
3,0.0,5,384,0.0,384,0.0,9784.288542545672,162.5609733985467,4911.597075475516,96.33482669529705,9868.676542560012,165.68944475538274,9899.896542564013,161.4875542738667,0.038919822723583616,0.0006574181796082799,0.4280746531047679,0.007230129834262809,0.3113270204398312,0.005258276243100218,5645.676542560012,165.68944475538342,0.0,0.0,1073.7237545071023,76.92574616384503,2,0.0,3,0.0,2,0.0,387,0.0,2695.2,1.0954451150103321,20745.6,624.7073714948464,0,0.0,0.3026041666666667,0.028728573688586688,5.935045980347229,0.2992583729062909,20297.98131305463,356.99710635667293,23844.93009350231,447.8872881429204,4242.085602641185,348.2486289204779,3.80803404972457,1.7243177117350308,0.0,0.0,4854.79977877962,95.65681380207536,43.991224329862476,0.9282435868155473,0.009916755337824401,0.004490410707643309,0.999999999999999,2.1349793717926548e-15,1.7961556106955796,0.20032746396834558,9.999999999999998,2.9188521333542966e-15,0.5026346864172406,7.456003331247274,11.047097923544753,2.335189363415017,163.07147570909453,12.384117672227907
4,0.0,5,384,0.0,384,0.0,7919.410553587487,207.57449362089173,3996.794542512679,115.60509384416912,7991.921225573579,223.2082416012614,8017.5612255775795,221.3159781850246,0.048078822894740615,0.0013561860872011913,0.5288008010574949,0.014914293318142337,0.38458240076908723,0.010846758776830768,3768.92122557358,223.2082416012616,0.0,0.0,1417.9340314816873,138.76675046416534,3,0.0,3.6,0.5477225575051661,2,0.0,390.2,0.4472135954999579,2703,1.8708286933869707,25772.6,937.2263867390845,0,0.0,0.3776041666666667,0.032369278371500124,7.11234625969241,0.5671829265193453,20329.598066083538,563.3929461999247,23775.03798406441,482.23621467345254,6640.415173343043,609.3545174970923,6.0610729540973125,0.8490895284653456,0.0,0.0,3935.055964650693,114.57137428865103,48.03025727751793,1.7148776604215343,0.015784044151295085,0.0022111706470451706,0.9999999999999993,1.0491460726782487e-15,2.692536540316895,0.3613717460004309,9.999999999999998,1.5888218580782547e-15,0.6701795818896541,14.137878083215917,17.292747847247508,2.884729373684437,131.99017589312479,10.072614795272706
5,0.0,5,384,0.0,384,0.0,6844.0282149727045,175.03912827746737,3444.9182717232998,98.41086198790174,6919.413986529261,189.0906262724954,6950.09398655126,186.983046127766,0.05552916907795254,0.001516018227435131,0.61073249088081,0.016671380154079627,0.44416908427695273,0.01212464011205789,2696.413986529261,189.09062627249475,0.0,0.0,1936.745279569233,173.54192630837937,3.2,0.4472135954999579,4,0.0,2,0.0,394,0.0,2714.8,2.16794833886788,30786.8,817.2922977735689,0,0.0,0.5078125,0.032578114591658346,7.9477886245932465,0.5194228583699391,20321.69676749718,471.1690239295233,23691.054847442803,448.609512891234,9300.60575142141,791.1492565082829,5.997844596551775,1.166434690339353,0.0,0.0,3377.7798940063412,97.075050375519,52.0791508311103,1.8404233325994777,0.015619386970186914,0.003037590339425398,1.0,0.0,4.0436074988782105,0.4519320997614045,10.0,1.5888218580782547e-15,0.8377244773620676,22.69919864812575,24.22032747765992,3.331750144677152,114.06713691621174,8.19316898233151
6,0.0,5,384,0.0,384,0.0,6113.204848039501,173.00830015716497,3070.5142170055537,98.74072303336112,6193.194730724647,186.41623246538742,6215.434730732647,186.30521048639264,0.06204729685862948,0.0018174758386233954,0.6824099249494906,0.019985859854609128,0.49629812723599315,0.014535170803352107,1970.1947307246473,186.41623246538748,0.0,0.0,2733.2339872360517,503.2797285822505,3.6,0.5477225575051661,4.4,0.5477225575051661,2.2,0.4472135954999579,399.6,0.8944271909999159,2726.8,2.6832815729997477,35553,1090.2880353374514,0,0.0,0.6072916666666667,0.038335243951479504,10.000333223442196,1.5515005271831652,20280.883691413354,447.5866315901935,23574.706590951177,450.7091227546616,11863.928217730308,816.6167724727114,14.405008296379535,16.6885658652832,0.0,0.0,2997.419398207461,98.38125060863315,55.93950891389351,1.9626914303994072,0.037513042438488374,0.04345980694084166,0.9999999999999996,1.0426643443638547e-15,6.117796841760552,1.3106242931829433,10.0,1.4862067603866002e-15,1.0,31.75900750505094,30.895646400339345,3.7228378115177687,101.88674746732501,7.167743406868055
8,0.0,5,384,0.0,384,0.0,5207.100170662352,104.60573780621961,2602.554256261292,48.060843784643936,5267.291233356099,117.20193171063602,5296.171233370098,117.76408789549315,0.0729322291447836,0.0016563781979012997,0.8021021163487043,0.018213168673692444,0.5833469937081486,0.013245940853594504,1044.2912333560985,117.20193171063615,0.0,0.0,4692.791296098727,411.12249262818887,4,0.0,4.6,0.5477225575051661,2.6,0.5477225575051661,412.6,0.8944271909999159,2763,8.803408430829505,44855,1354.768245863476,0,0.0,0.7572916666666667,0.027025679821082504,14.841310016830239,1.6400661243630081,20343.96262326058,477.9024506809266,23525.30644180142,493.6060913408669,16799.221818857386,771.8062468129846,90.06828392633598,77.72715354323768,0.0,0.0,2516.9676046129803,47.12474290217056,63.131288158662706,1.8303363663168442,0.2345528227248333,0.20241446235218147,0.9999999999999999,1.4895204919483638e-16,11.220810666923766,1.0706314912192425,10.0,7.944109290391273e-16,1.0,19.789788365129567,43.747973486607776,4.375933748687016,86.78500284437253,5.984609569960686
10,0.0,5,384,0.0,384,0.0,4705.340614611258,135.47392488521294,2370.462758460285,47.64043453612114,4749.670614613258,135.4940857082393,4786.230614617258,129.96147453668243,0.08089939790374501,0.0022655542322756426,0.8897058201329247,0.024910690161255442,0.6470587782784907,0.018116865571822124,526.6706146132582,135.49408570823925,0.0,0.0,7921.066889392786,1538.2655824671783,4,0.0,5.2,0.4472135954999579,4,1.0,429.2,0.4472135954999579,2817.6,12.198360545581526,52835.8,2694.2426950814956,0,0.0,0.8718750000000001,0.0328062990172365,22.418245537084935,3.926194696609503,20534.38901710543,316.4694191657241,23322.175507480115,687.878880571711,21636.887723541244,1363.141521604902,617.5848663478656,571.0114553242184,0.0,0.0,2266.4146819454063,50.43233337926914,71.81200423430431,1.8634114689431864,1.6082939227809,1.4870089982401522,1.0000000000000002,2.9790409838967276e-16,19.6277783577937,4.005899954341603,10.0,1.4862067603866002e-15,1.0,11.029417986707536,56.34606178005532,4.8539638742247,78.4223435768543,4.380185189211017
12,0.0,5,384,0.0,384,0.0,4442.708246485533,83.23406949913374,2238.825867554966,32.945150490949075,4486.1658478896,85.12530716161405,4517.7770465131525,83.55794790572925,0.08562099977746492,0.001615373353140795,0.9416209832740283,0.017761207928794938,0.6848152605629296,0.012917242130032666,263.1658478895992,85.12530716161429,0.0,0.0,11426.669115984258,1118.4481832746749,4,0.0,5.8,0.4472135954999579,5.4,1.140175425099138,450.8,0.8366600265340756,2880.8,20.203960007879644,58214.6,3494.953976807134,0,0.0,0.9338541666666667,0.02144290505233217,30.76225784377541,2.596818820765461,20838.31162561823,545.1203985387824,22941.73818473915,620.5708681722652,25409.057687675842,2222.541383760061,3337.5086578669434,1820.017970848552,0.0,0.0,2110.612292389387,34.41162637810411,79.76519554617504,4.274472409690528,8.691428796528498,4.739630132418104,0.9999999999999996,6.689036138936929e-16,28.75695082287566,2.912625477277803,10.0,1.4862067603866002e-15,1.0,5.837901672597168,66.16942106165584,5.137259986647895,74.04513744142555,2.5957581570551835
16,0.0,5,384,0.0,384,0.0,4227.662877036338,19.887048859203777,2151.8348003989063,8.871822440897834,4269.792877036338,19.887048859203777,4307.747014372171,16.392217711909367,0.08993566083262851,0.000417612243182433,0.9890606197983735,0.004591586903298833,0.7193168143988171,0.0033393359296718887,46.79287703633777,19.88704885920379,0.0,0.0,16352.94381163094,435.9820839326559,4,0.0,4,1.4142135623730951,10.6,1.140175425099138,506.2,3.898717737923586,3066.8,13.736811857195978,56040.6,7106.9447584739255,0,0.0,0.9921875,0.007592385279746511,41.90923247092569,0.8891415330911907,21476.980689149565,409.88424721152194,22199.158076184507,384.7928411466624,25714.95790936882,3670.0484295344695,17398.764923713603,3743.568870763443,0.0,0.0,1969.1517786866445,6.380906215117755,84.78794688063542,5.382399716953823,45.309283655504174,9.74887726761313,1.0,0.0,41.58579117612225,1.1353700102412845,10.0,0.0,1.0,1.0939380201626547,66.96603622231463,5.396139649957711,70.46104795060563,1.1859909131086281
24,0.0,5,384,0.0,384,0.0,4222.3094733772205,9.204841542461535,2157.920412248764,9.20923172674196,4264.439473377221,9.204841542461535,4295.221262732136,7.528745961137687,0.09004733920645738,0.00019389055886872468,0.9902885094585525,0.0021317974525150696,0.7202098250607655,0.001550398147283707,41.43947337722021,9.204841542461471,0.0,0.0,16704.669506932532,20.684428877764162,4,0.0,3,0.0,18.6,1.3416407864998738,663.6,4.505552130427524,3567.8,17.42699056062176,58610.2,3803.6315147500814,0,0.0,0.9963541666666667,0.0014263608268364105,42.65731765533874,0.06946799055837427,21235.478994429184,543.7801984349751,21787.27138249748,563.7804287390192,24482.882773331232,2209.2117175325966,50964.66675197724,2742.8314110388847,0.0,0.0,1888.3405268753793,7.072916724965712,83.35765553247379,5.077916544538459,132.72048633327407,7.1427901329137615,1.0000000000000002,2.9790409838967276e-16,42.5017435076368,0.05386570020250753,10.0,1.2560739669470201e-15,1.0,0.9711490541447487,63.75750722221675,5.402840352387443,70.37182455628701,0.015348620752238251
32,0.0,5,384,0.0,384,0.0,4229.82947339322,10.17263085465515,2165.4408965470857,10.193327344381276,4271.95947339322,10.17263085465515,4305.718420033661,11.38004258617603,0.08988890027403117,0.00021369601997788361,0.9885464973914443,0.0023495569997552266,0.7189429071937776,0.0017087687270947213,48.959473393220215,10.172630854655523,0.0,0.0,16692.50385700438,48.90309019494173,4,0.0,3,0.0,25.4,0.5477225575051661,890.6,10.08959860450355,4271,37.34300469967568,68875.6,5942.385489010285,0,0.0,0.9958333333333333,0.0023292374765623036,42.64773018668509,0.055656907929036874,21143.87113387106,620.8251465358505,21673.704959597133,674.8309112569406,25681.108457724506,2944.8251250345174,81470.13308574139,3513.632244711118,0.0,0.0,1814.0606459347682,8.684215245356508,85.74838357391715,6.582884537628193,212.16180491078484,9.150083970601878,1.0,0.0,42.47006212761558,0.12735179738266467,10.0,1.4862067603866002e-15,1.0,1.145350260855571,66.87788660865756,5.39333401644187,70.49715788988699,-0.021775150838852786
