seed,shuttles,yield_penalty_s,requests,returned,p99_s,mean_s,read_span_s,drain_span_s,throughput_req_s,reader_busy_fraction,reader_optical_fraction,reader_idle_demand_s,restricted_idle_s,input_occupancy_s,max_input,max_output,max_dock,pair_evaluations,route_queries,reservation_checks,contended_steps,prefetch_hit_fraction,prefetch_lead_mean_s,route_motion_s,movement_s,traffic_wait_s,delivery_wait_s,output_block_s,queue_mean_s,fetch_delivery_mean_s,delivery_wait_mean_s,handoff_mean_s,buffer_wait_mean_s,load_read_mean_s,workload_sha256
101,1,0.0,384,384,24614.235275347695,12397.393728874362,24826.11127534769,24878.11127534769,0.015467585548982523,0.17013658790800443,0.12373570029673049,20603.11127534769,0.0,385.80000000000064,1,2,1,384,2688,9163,0,0.0078125,0.6000000000002123,20207.44075171394,23342.11127534769,0.0,0.0,0.0,12349.020717996504,37.36832337785895,0.0,1.0,0.004687500000001658,10.0,5b073b8326870880ca0e70552657d4ad4070853782331d635e60f5e5bff2cc81
101,2,0.0,384,384,13687.145337650754,6925.553479883202,13826.209337667351,13862.109337677353,0.027773339070879817,0.30548463517459035,0.22217064376333845,9603.209337667351,0.0,675.2440131407968,1,2,2,385,2690,15969,0,0.1640625,4.622920843345983,20051.048995530677,23816.28584293231,2334.632832452396,3.399999960000059,0.0,6873.327673898358,40.4585038673943,0.008854166562500154,1.0,0.7584479508874917,10.0,5b073b8326870880ca0e70552657d4ad4070853782331d635e60f5e5bff2cc81
101,3,0.0,384,384,9909.5127385132,5010.407093112024,9974.550738513199,10012.1507385132,0.038497974501981315,0.4234352679589061,0.3079529221519317,5751.5507385132005,0.0,1033.1803278349523,2,3,2,387,2694,20656,0,0.2786458333333333,6.067105867616377,20210.064409411887,23625.42125724887,4831.430958300732,5.400000010000667,0.0,4952.560383354078,45.14207348751658,0.014062500026043404,1.0,1.6905737704035215,9.999999999999995,5b073b8326870880ca0e70552657d4ad4070853782331d635e60f5e5bff2cc81
101,4,0.0,384,384,8125.238130421906,4146.961372920235,8188.368130431906,8215.368130431907,0.04689579094189374,0.5157907097012168,0.3751205161463395,3965.368130431906,0.0,1172.0299226241468,3,4,2,390,2703,26745,0,0.3307291666666667,6.204960020583837,20129.680527124365,23649.532096865663,7577.240424891964,4.900000000001683,0.0,4085.4299953446844,48.46645590204953,0.012760416666671048,1.0,2.0521612568337155,10.0,5b073b8326870880ca0e70552657d4ad4070853782331d635e60f5e5bff2cc81
101,5,0.0,384,384,7059.302296446596,3577.3198749296976,7142.0180829542205,7169.0180829542205,0.053766315842365166,0.591346676005198,0.4300703098219622,2919.0180829542205,0.0,1989.0964863811878,3,4,2,394,2714,31318,0,0.5104166666666666,8.189267787659121,20530.66215140833,23636.79758610617,10462.195461978832,6.399999999999636,0.0,3507.358380392265,54.76488910414805,0.01666666666666572,1.0,4.179938766617676,10.0,5b073b8326870880ca0e70552657d4ad4070853782331d635e60f5e5bff2cc81
101,6,0.0,384,384,6087.795071571522,3071.517689761299,6154.125071621522,6181.125071621522,0.06239717190193888,0.6862573791513904,0.4990962757464658,1931.1250716215225,0.0,2384.662983613075,3,5,2,399,2723,34511,0,0.5963541666666666,8.736519579096399,20187.46905623413,23316.76749180281,11958.282938036324,7.799999970000854,0.0,2999.2221920118754,56.06512539634274,0.020312499921877225,1.0,5.21005985315905,9.999999999999998,5b073b8326870880ca0e70552657d4ad4070853782331d635e60f5e5bff2cc81
101,8,0.0,384,384,5235.947580544259,2648.4001443695693,5323.161580579158,5350.161580579158,0.07213758105727479,0.7933643515643484,0.5769922556831625,1100.1615805791582,0.0,4275.714605898206,4,4,2,414,2768,43910,0,0.7708333333333334,13.14768447938583,20153.302906769553,23398.37012520671,17390.42251953655,6.799999920001937,0.0,2564.0980323068893,63.14973027669502,0.017708333125005044,1.0,10.13467345285991,10.0,5b073b8326870880ca0e70552657d4ad4070853782331d635e60f5e5bff2cc81
101,10,0.0,384,384,4677.662102868279,2361.8025405890794,4719.7921028682795,4756.7921028682795,0.08135951576482324,0.8947650961866259,0.6507382517720915,496.79210286827987,0.0,7706.47702049072,4,5,3,429,2805,52035,0,0.8880208333333334,21.47353964953289,20491.36386050451,23123.228445537767,22204.455723440344,122.96002493155933,0.0,2258.7529423857027,72.66043923092286,0.3202083982592691,1.0000000000000007,19.06895057419457,9.999999999999998,5b073b8326870880ca0e70552657d4ad4070853782331d635e60f5e5bff2cc81
101,12,0.0,384,384,4383.440689459145,2224.2738247424863,4425.570689459145,4462.570689459145,0.08676847054202837,0.9542375568650648,0.6939909504473198,202.57068945914438,0.0,12024.54821596096,4,6,5,451,2867,58703,0,0.9479166666666666,31.979528065826795,20588.81571891601,22665.43240286687,26490.921825545825,1967.301948338692,0.0,2095.394127765451,82.44258717417202,5.12318215713201,0.9999999999999988,30.31392764573165,10.000000000000002,5b073b8326870880ca0e70552657d4ad4070853782331d635e60f5e5bff2cc81
101,16,0.0,384,384,4208.27000003,2143.9000000300002,4250.40000003,4292.40000003,0.09034443816988745,0.9935550642071301,0.7225855012415492,27.40000003,0.0,16667.97736089079,4,3,10,504,3056,55664,0,0.9973958333333334,42.51691216942765,21367.093959364818,22003.608172927194,26091.28494877893,17011.40781390754,0.0,1961.3321497977429,84.86111800621984,44.300541182050885,1.0,42.406191043986425,10.0,5b073b8326870880ca0e70552657d4ad4070853782331d635e60f5e5bff2cc81
101,24,0.0,384,384,4218.47000007,2154.0734375698958,4260.6000000700005,4288.514213632374,0.09012815096317209,0.9911770226981925,0.7208560165077763,37.60000007000001,0.0,16703.031881184965,4,3,18,660,3557,56436,0,0.9947916666666666,42.7199787465575,21111.12305296676,21658.430078240246,23988.791619636977,51527.63451004063,0.0,1883.8222304669098,82.56718004250291,134.1865482032308,1.0,42.49747885725252,10.0,5b073b8326870880ca0e70552657d4ad4070853782331d635e60f5e5bff2cc81
101,32,0.0,384,384,4224.47000007,2160.092708403255,4266.6000000700005,4303.200000070001,0.09000140627049638,0.9897834848464511,0.7198425344337827,43.60000007000001,0.0,16652.399999810004,4,3,25,880,4237,64547,0,0.9947916666666666,42.587434554476445,21080.852349095,21548.78480462703,24327.945141160202,82923.29128023317,0.0,1808.1739061814735,82.60710618000276,215.94607104227387,1.0,42.365624999505215,10.000000000000002,5b073b8326870880ca0e70552657d4ad4070853782331d635e60f5e5bff2cc81
202,1,0.0,384,384,25663.23830125534,12950.355267551111,25855.440941361474,25898.414261414546,0.014851806274388746,0.163363550675029,0.11880985503638473,21632.440941361474,0.0,402.880711487461,1,2,1,384,2688,9382,0,0.0234375,2.0978568319401094,21047.590406875224,24362.414261414546,0.0,0.0,0.0,12900.248031387191,39.05806764442064,0.0,1.0,0.04916851949859632,10.0,30e66a31a4f434367f39926fc66bce12f182e2490a706e0a619154d3117a327f
202,2,0.0,384,384,14093.052940894297,7074.653321849217,14216.491581050439,14259.918261027373,0.027010883649510573,0.29709882196307347,0.21607187051859886,9993.491581050443,0.0,654.8123548602672,1,2,2,385,2690,16220,0,0.14583333333333334,4.835934908219057,20769.930010457636,24587.171932663387,2362.144629252153,2.3999999799998477,0.0,7021.167248590568,41.77458275125185,0.00624999994791627,1.0,0.7052405074486126,9.999999999999991,30e66a31a4f434367f39926fc66bce12f182e2490a706e0a619154d3117a327f
202,3,0.0,384,384,9885.586131132904,4927.847332808407,9988.980131144604,10013.380131144604,0.03844236297985295,0.4228236637659893,0.30750811910253767,5765.980131144605,0.0,1077.6424405095731,2,3,2,387,2696,20423,0,0.3255208333333333,5.549139524076586,20646.273629308067,24399.703593906564,3983.5158951054186,2.0675445079664314,0.0,4870.555165994987,44.48042206077114,0.005384230489495915,1.0,1.806360522160347,9.999999999999996,30e66a31a4f434367f39926fc66bce12f182e2490a706e0a619154d3117a327f
202,4,0.0,384,384,8049.267877398657,4043.5088686768495,8133.045877366956,8157.445877366956,0.047214783463673096,0.519298767634605,0.3776718310069855,3910.0458773669566,0.0,1463.5876044324282,3,4,2,390,2702,25359,0,0.3645833333333333,7.7113400316602005,20997.492219368814,24314.17661924628,6635.698423386,5.82842704474956,0.0,3979.7321533631907,49.95011106502014,0.015178195429035313,1.0,2.8114260532094484,9.999999999999998,30e66a31a4f434367f39926fc66bce12f182e2490a706e0a619154d3117a327f
202,5,0.0,384,384,6835.949200385474,3415.00896961408,6920.860271585734,6948.860271605734,0.055484431838127034,0.6102405761265564,0.44381132809204094,2697.860271585735,0.0,1844.9462894231415,3,4,2,394,2717,30307,0,0.4921875,7.7298745471065695,20886.031025222976,24144.869427798727,8791.83047724001,5.994733142202222,0.0,3347.9366004233443,52.25221027780461,0.015611284224484953,1.0,3.8045476287060978,9.999999999999998,30e66a31a4f434367f39926fc66bce12f182e2490a706e0a619154d3117a327f
202,6,0.0,384,384,6124.448241830327,3042.204222245758,6205.378241920326,6233.378241940326,0.06188180398189019,0.680590166333956,0.49497466642469523,1982.3782419203267,0.0,2888.246090629023,4,4,2,399,2725,34925,0,0.6145833333333334,10.61121224838569,20815.732320159917,24054.8512600659,11466.67996074892,9.379095568171735,0.0,2968.4113904403257,56.2469328830438,0.024424728042113892,1.0,6.521474194346414,9.999999999999998,30e66a31a4f434367f39926fc66bce12f182e2490a706e0a619154d3117a327f
202,8,0.0,384,384,5287.395078779441,2640.6173632566483,5347.454392120275,5375.454392140275,0.0718098691156379,0.7897608711449607,0.5743715426508805,1124.4543921202744,0.0,5085.405658054889,4,5,3,413,2767,44460,0,0.7161458333333334,17.096020574708696,20977.793597596465,24130.11586512876,16679.981392505746,143.3139068266261,0.0,2551.8179451516235,65.18296090481282,0.37321329902767214,0.9999999999999997,12.243243901184613,10.000000000000002,30e66a31a4f434367f39926fc66bce12f182e2490a706e0a619154d3117a327f
202,10,0.0,384,384,4701.933876080426,2366.963853748637,4755.063876090426,4779.463876090425,0.08075601295932992,0.8881293670664927,0.6459122669574493,532.0638760904253,0.0,6848.645882545196,4,5,3,429,2817,52189,0,0.8645833333333334,19.47182494742529,20930.042742567224,24030.761010680504,21125.216727491934,389.8690176024094,0.0,2266.8983889293554,71.21516560014736,1.0152839000062746,1.0,16.835015319128114,10.000000000000002,30e66a31a4f434367f39926fc66bce12f182e2490a706e0a619154d3117a327f
202,12,0.0,384,384,4525.666494597869,2284.6274692676584,4567.796494597869,4608.596494607869,0.08406679247951168,0.9245323150187241,0.6723871381954357,344.796494597869,0.0,10017.081434591853,4,5,5,451,2897,60448,0,0.9114583333333334,27.523089813119597,21366.90151441154,23796.46131883856,26890.198750306143,1830.5538615013695,0.0,2161.6456024213467,82.12864992940223,4.767067347659816,1.0,25.08614956924963,10.0,30e66a31a4f434367f39926fc66bce12f182e2490a706e0a619154d3117a327f
202,16,0.0,384,384,4213.067366656101,2148.6968526805385,4255.197366656101,4291.370686719169,0.09024258263765615,0.9924351800721599,0.7217710400524799,32.19736665610103,0.0,16561.71565576116,4,3,12,504,3066,53866,0,0.9947916666666666,42.350040983667995,21995.387281547166,22506.04813521568,25920.2386662123,16590.86893531901,0.0,1966.058021417682,86.30397555691819,43.20538785239326,1.0,42.129467853544725,10.0,30e66a31a4f434367f39926fc66bce12f182e2490a706e0a619154d3117a327f
202,24,0.0,384,384,4218.27000003,2153.9000000300002,4260.40000003,4293.397366626102,0.09013238193533378,0.9912235415521338,0.7208898484015519,37.40000003,0.0,16684.437525215482,4,3,17,660,3553,60271,0,0.9973958333333334,42.559889099779326,22069.510369228876,22659.595269440422,26982.381904493315,47589.18699753609,0.0,1886.487532315296,90.03323718670525,123.93017447275024,1.0,42.449056055248654,10.0,30e66a31a4f434367f39926fc66bce12f182e2490a706e0a619154d3117a327f
202,32,0.0,384,384,4234.0673666761,2169.697366676101,4276.1973666761005,4316.394733272202,0.08979940986645436,0.9875625644281547,0.7182273195841125,53.19736667610103,0.0,16716.040354109784,4,3,25,880,4229,71466,0,0.9973958333333334,42.64240301334148,21961.265527890882,22544.264641664802,28187.43244331759,78494.52811106839,0.0,1818.9609147469496,92.7922632177499,204.4128336225739,1.0,42.531355088827574,9.999999999999998,30e66a31a4f434367f39926fc66bce12f182e2490a706e0a619154d3117a327f
303,1,0.0,384,384,24428.140121482975,12234.497807184993,24663.068121482975,24712.468121482976,0.015569839004155105,0.17126128500759363,0.12455366182370445,20440.068121482975,0.0,387.85335989386294,1,2,1,384,2688,9384,0,0.0078125,1.2844532979543146,19957.01445610334,23176.468121482976,0.0,0.0,0.0,12186.544970939281,36.942801454320325,0.0,1.0,0.010034791390268083,9.999999999999998,f747aa6930b2af5d61a1e4bef0152b31476cb33badbd1755d04c859095ce619d
303,2,0.0,384,384,13387.893213109328,6691.649180368086,13509.62321310933,13535.82321310933,0.028424182817132757,0.31264286875393443,0.22737663182104323,9286.62321310933,0.0,654.5838132325033,2,2,2,385,2691,16180,0,0.13802083333333334,5.105354966651006,19778.482824326227,23329.762763215735,2141.941966091388,1.7908902600197507,0.0,6640.431020067786,39.50885117662079,0.004663776718801434,1.0,0.704645346959644,10.0,f747aa6930b2af5d61a1e4bef0152b31476cb33badbd1755d04c859095ce619d
303,3,0.0,384,384,9616.29253348934,4750.667149128218,9677.022533509344,9725.422533509345,0.039681627139990086,0.43645279656817837,0.3174202156859479,5454.022533509344,0.0,1204.3680846612276,2,3,2,387,2694,21793,0,0.3411458333333333,6.262351791307081,19794.692016316196,23372.53862473544,4172.557403047339,4.999999949999619,0.0,4694.868481277932,42.64927179661119,0.013020833203124008,1.0,2.136375220471947,10.0,f747aa6930b2af5d61a1e4bef0152b31476cb33badbd1755d04c859095ce619d
303,4,0.0,384,384,7715.031591179983,3857.639167137925,7769.714951113846,7804.314951113845,0.049422662532162875,0.5435793265579169,0.3953304193148486,3546.714951113846,0.0,1508.9911724294368,3,4,2,390,2703,26766,0,0.4114583333333333,7.120197293857195,19746.024389628226,23199.895218747744,6358.943172608503,6.448092956069331,0.0,3797.7327686638646,45.95994205378583,0.016791908739763883,1.0,2.9296645115349915,10.0,f747aa6930b2af5d61a1e4bef0152b31476cb33badbd1755d04c859095ce619d
303,5,0.0,384,384,6690.034726664279,3313.746229891797,6736.064726664279,6781.264726714278,0.057006578110801204,0.6269792812412874,0.45598493181184535,2513.0647266642804,0.0,2094.751832964284,4,4,2,394,2712,31918,0,0.515625,8.640160772546889,19662.706107420072,23028.870986651218,9150.50141155291,4.624555390337278,0.0,3247.53196707804,50.74713680241713,0.012043112995669994,1.0,4.4550828983444895,9.999999999999998,f747aa6930b2af5d61a1e4bef0152b31476cb33badbd1755d04c859095ce619d
303,6,0.0,384,384,6000.691733632737,2942.8333712215726,6058.643146821871,6073.8431468218705,0.06338052773440395,0.6970707511407468,0.5069605462841795,1835.6431468218702,0.0,3414.629290907639,4,4,3,399,2729,36611,0,0.6614583333333334,11.93161138148677,19697.25631868257,23041.284147366587,11592.102797407084,44.01158012847553,0.0,2869.5032040263695,54.32328992687974,0.11461348991790503,1.0,7.892263778405311,10.000000000000002,f747aa6930b2af5d61a1e4bef0152b31476cb33badbd1755d04c859095ce619d
303,8,0.0,384,384,5194.68543778246,2556.1560695581647,5236.81543778246,5271.01543778246,0.07332700656767953,0.8064430773048238,0.58650405622169,1013.8154377824603,0.0,5073.028984099757,4,5,3,412,2771,47250,0,0.7708333333333334,15.841314135472146,19770.503261631256,22884.08130802793,17035.822715641563,192.10526589780034,0.0,2471.232042572136,61.21273987666015,0.5002741299421885,1.0,12.211012979426446,10.0,f747aa6930b2af5d61a1e4bef0152b31476cb33badbd1755d04c859095ce619d
303,10,0.0,384,384,4664.9522005379,2330.118906703442,4707.0822005379005,4743.2822005379,0.08157919994601295,0.8971805971266615,0.6524949797284811,484.08220053790035,0.0,9756.696249777295,4,5,5,429,2825,53964,0,0.890625,27.405544589992058,20104.709020440616,22536.011970618143,21091.921828178616,1448.0272950945912,0.0,2220.860578889785,70.07936024888669,3.7709044143088315,1.0,24.408063150461675,10.0,f747aa6930b2af5d61a1e4bef0152b31476cb33badbd1755d04c859095ce619d
303,12,0.0,384,384,4402.939825692763,2197.268739693567,4445.213832644997,4472.269825692763,0.0863850456821583,0.950021784599414,0.6909249342541193,222.21383264499627,0.0,10812.578383190637,4,6,7,450,2865,58946,0,0.9401041666666666,28.888028762300884,20053.172796698673,22235.01258298995,24219.423581953888,4915.774616091611,0.0,2071.467291403368,74.84219568790171,12.801496396071904,1.0,27.15775620622557,10.000000000000002,f747aa6930b2af5d61a1e4bef0152b31476cb33badbd1755d04c859095ce619d
303,16,0.0,384,384,4259.12174492852,2157.3771046570005,4301.25174492852,4330.849111524621,0.08927633692977008,0.9818114444323807,0.7140446868599132,78.25174492851967,0.0,15822.515956636653,4,6,9,513,3083,62491,0,0.9791666666666666,41.059882863395366,20925.20566903314,21837.470388093534,27865.400536697976,16066.815386380462,0.0,1977.6053568591349,86.72661409209188,41.84066506869912,1.0,40.20446863707463,10.0,f747aa6930b2af5d61a1e4bef0152b31476cb33badbd1755d04c859095ce619d
303,24,0.0,384,384,4221.4673666361,2157.0286234939235,4263.597366636101,4293.1947332322015,0.09006478965507217,0.9904803752509646,0.7203493638188833,40.59736663610103,0.0,16693.794287625376,4,3,20,669,3582,59908,0,0.9947916666666666,42.69579656446433,20581.378817705045,21122.102163467098,22897.978406976657,53150.58607848078,0.0,1887.221538358749,77.92067793177307,138.41298457937705,1.0,42.473422624024415,9.999999999999998,f747aa6930b2af5d61a1e4bef0152b31476cb33badbd1755d04c859095ce619d
303,32,0.0,384,384,4220.4700001,2156.014407536073,4262.6000001,4289.397366696101,0.09008586308614258,0.990712074280169,0.7205178722037593,39.6000001,0.0,16632.99999982,4,3,26,902,4314,69417,0,0.9921875,42.648293962782155,20470.5631181264,20922.563118126403,23584.488071839438,83772.67460695634,0.0,1804.1164943371234,80.42480224380294,218.15800678894882,1.0,42.31510416619792,10.0,f747aa6930b2af5d61a1e4bef0152b31476cb33badbd1755d04c859095ce619d
404,1,0.0,384,384,25384.268289172276,12819.093109480309,25691.664289172273,25743.464289172272,0.014946482083756497,0.16440490376780936,0.119567202740225,21468.664289172273,0.0,386.00000000000364,1,2,1,384,2688,9339,0,0.005208333333333333,1.000000000001819,20973.377445049933,24207.464289172272,0.0,0.0,0.0,12769.121969937403,38.96593120957192,0.0,1.0,0.005208333333342807,10.0,c9b54c1a6762db10b986b65280a30224d16f716832af81bdcdf62bfd52b87ba6
404,2,0.0,384,384,13952.618095392318,7086.739453524803,14123.058095412316,14144.858095422316,0.027189578730454786,0.29906419043773347,0.2175012294092607,9900.058095412316,0.0,697.5602466045694,1,2,2,385,2690,16087,0,0.140625,5.806671233417952,20350.020394067385,24321.165001095,2403.760299529612,5.399999959998922,0.0,7033.944208005213,40.96461987749531,0.014062499895830527,1.0,0.8165631421993996,10.0,c9b54c1a6762db10b986b65280a30224d16f716832af81bdcdf62bfd52b87ba6
404,3,0.0,384,384,9912.865268522111,4943.006900752301,10004.389268553814,10027.689268533812,0.038383152603528106,0.4221724799129719,0.3070345308457978,5781.389268553814,0.0,1010.5372243043591,2,3,2,387,2696,20702,0,0.2864583333333333,5.695792948130555,20640.737964244337,24240.524645351263,4237.879644269502,4.763516020676548,0.0,4886.383762910448,43.979125497256206,0.01240498963717851,0.9999999999999952,1.6316073549592733,10.0,c9b54c1a6762db10b986b65280a30224d16f716832af81bdcdf62bfd52b87ba6
404,4,0.0,384,384,8030.858375957206,4029.9618633605664,8140.0903759755065,8160.290375995506,0.047173923416542106,0.5188494175749595,0.37734503096360694,3917.090375975509,0.0,1462.072168055761,3,3,2,391,2706,25317,0,0.3776041666666667,7.434980469350083,20854.49254483831,24229.92727875517,6713.027505419131,7.206719747726197,0.0,3966.9140450973787,49.2215711595328,0.01876749934303697,0.9999999999999977,2.80747960431188,9.999999999999996,c9b54c1a6762db10b986b65280a30224d16f716832af81bdcdf62bfd52b87ba6
404,5,0.0,384,384,6977.141837460372,3495.977835866302,7070.8498375052695,7102.049837545269,0.054307474889819254,0.5972977505260628,0.43439836401895476,2847.849837505269,0.0,1680.8630774101543,3,4,2,394,2717,30496,0,0.4661458333333333,7.245045125196393,20470.769516219283,24070.497762628234,9660.248090883235,5.276654197946414,0.0,3428.973841501406,52.613005480500306,0.013741286973818786,1.0,3.377247597422277,10.000000000000002,c9b54c1a6762db10b986b65280a30224d16f716832af81bdcdf62bfd52b87ba6
404,6,0.0,384,384,6398.211428386278,3218.3055477758644,6504.341428436278,6523.341428456278,0.05903749122412201,0.6493125758989324,0.4722273279264963,2281.341428436278,0.0,2112.2616077667913,3,4,2,400,2728,36851,0,0.5546875,8.113904261815925,20631.099918680706,24032.40433297999,13214.702672265665,3.541565312012608,0.0,3143.8164623629777,58.97918131632726,0.009222826333366166,0.9999999999999977,4.500681270226021,10.0,c9b54c1a6762db10b986b65280a30224d16f716832af81bdcdf62bfd52b87ba6
404,8,0.0,384,384,5284.549250551414,2621.43135893889,5353.971250644412,5383.17125069441,0.0717224620796724,0.788799753031669,0.5736725476593957,1130.971250644412,0.0,4250.216007542696,4,5,2,412,2749,44328,0,0.7447916666666666,13.518237788610827,20671.906069666136,23896.955740356043,17370.142166006284,27.672099092959016,0.0,2535.5774327120594,64.71359261580014,0.07206275805458077,1.0,10.068270852975772,10.0,c9b54c1a6762db10b986b65280a30224d16f716832af81bdcdf62bfd52b87ba6
404,10,0.0,384,384,4926.076859049485,2451.419340326918,4968.2068590494855,5001.406859049485,0.07729146770540603,0.8500350498203995,0.6182073089602905,745.2068590494857,0.0,6105.835502464901,4,6,4,429,2807,56646,0,0.8177083333333334,18.222406058805408,20738.179938626618,24049.82328482402,23674.75657363426,168.41979424520173,0.0,2350.4402216866106,74.639912138458,0.43859321418021285,1.0,14.900613287669007,10.0,c9b54c1a6762db10b986b65280a30224d16f716832af81bdcdf62bfd52b87ba6
404,12,0.0,384,384,4539.0821357267505,2255.2016222054385,4587.706135794849,4607.906135834848,0.08370196098740959,0.9205209213660672,0.6694697609935034,364.7061357948492,0.0,11344.034602026288,4,6,4,450,2867,60797,0,0.9114583333333334,31.314384577217933,21317.70304363932,23341.930781270963,27371.546404317116,2288.870124272912,0.0,2125.7452152282244,83.9540509191433,5.960599281960708,1.0,28.541756776110095,9.999999999999998,c9b54c1a6762db10b986b65280a30224d16f716832af81bdcdf62bfd52b87ba6
404,16,0.0,384,384,4228.9852734770675,2144.700044536993,4271.115273477068,4311.715273477068,0.08990625993744014,0.988737365357207,0.719081720259787,48.11527347706814,0.0,15946.307453022178,4,5,11,504,3051,62692,0,0.9921875,40.8459513202682,21744.162867852843,22710.133554502016,29110.067353248225,13648.03558068995,0.0,1967.41035175496,90.22109113174105,35.54175932471341,1.0,40.526842325578606,10.0,c9b54c1a6762db10b986b65280a30224d16f716832af81bdcdf62bfd52b87ba6
404,24,0.0,384,384,4215.07000005,2150.70000005,4257.20000005,4292.80000007,0.09020013154079912,0.9919684373562542,0.7214315908045484,34.20000005,0.0,16703.08384059684,4,3,18,661,3556,63137,0,0.9973958333333334,42.608573996336396,21353.162216722143,21903.562216722137,26556.32426840901,48688.83699503378,0.0,1883.5138600978935,86.8946794426519,126.7938463412338,1.0000000000000007,42.497614168220935,10.0,c9b54c1a6762db10b986b65280a30224d16f716832af81bdcdf62bfd52b87ba6
404,32,0.0,384,384,4224.47000005,2160.10000005,4266.60000005,4302.80000005,0.09000140627091828,0.9897834848510898,0.7198425344371563,43.600000050000006,0.0,16708.520850833862,4,3,25,894,4276,77050,0,0.9973958333333334,42.62276984551923,21557.73849592916,22168.329386159177,29449.381507505495,77029.74121497737,0.0,1813.030934770902,92.95900781604782,200.5982844140036,1.0,42.511773049046525,10.0,c9b54c1a6762db10b986b65280a30224d16f716832af81bdcdf62bfd52b87ba6
505,1,0.0,384,384,24809.68509261405,12613.68635633854,25058.601092614055,25089.201092614054,0.015324079687480351,0.1685581500036312,0.12258774545718631,20835.601092614055,0.0,391.4624696638416,1,2,1,384,2688,9268,0,0.0078125,2.4874898879472007,20330.51500069067,23552.801092614052,0.0,0.0,0.0,12564.906121961732,37.76080086205824,0.0,1.0,0.019433514749587506,9.999999999999995,3089b45ae9ff48ca97fe5e5edee12922e010bff3f98b55c8cb432f43748d2296
505,2,0.0,384,384,13622.354439825578,6990.48448024414,13763.478439825576,13785.478439825576,0.027899923822227196,0.3068768655831123,0.22318317496953619,9540.478439825578,0.0,639.4181078325184,1,2,2,385,2691,15275,0,0.12760416666666666,5.2126144455616,20397.322732602377,23770.03634772402,2197.820531947133,4.299999969999476,0.0,6937.476240549315,41.33189045575576,0.011197916588540302,1.0,0.6651513224805168,9.999999999999996,3089b45ae9ff48ca97fe5e5edee12922e010bff3f98b55c8cb432f43748d2296
505,3,0.0,384,384,9597.1860410708,4926.05690157663,9698.440041079099,9720.8400411191,0.03959399639256564,0.4354890573177938,0.31671931441294093,5475.440041079098,0.0,1042.8906952253988,2,3,2,387,2696,20154,0,0.28125,6.1008397706055435,20198.13854599267,23586.462346269403,3985.0441124829313,1.8091097599795845,0.0,4869.631100360656,43.705228807157255,0.004711223333280168,1.0,1.7158611854828092,10.000000000000002,3089b45ae9ff48ca97fe5e5edee12922e010bff3f98b55c8cb432f43748d2296
505,4,0.0,384,384,7676.656792979685,3905.90144046782,7728.386792979683,7750.386792979683,0.049686954119431255,0.5464857838187763,0.3974442064136555,3505.3867929796843,0.0,1482.989289866664,3,3,2,390,2701,24676,0,0.4036458333333333,7.090253483010739,19920.30064945797,23481.65870670718,5917.166340409613,5.922125021939792,0.0,3845.4708607843463,46.55320620720138,0.015422200577968207,0.9999999999999988,2.8619512756944387,10.0,3089b45ae9ff48ca97fe5e5edee12922e010bff3f98b55c8cb432f43748d2296
505,5,0.0,384,384,6657.713013906801,3422.538448314623,6727.277013936799,6749.277013936799,0.05708104470865001,0.6277981705049455,0.45658048763996034,2504.2770139368004,0.0,2074.0687116673967,3,4,2,394,2714,29895,0,0.5546875,7.934594890457261,20058.31503721523,23574.238474029662,8438.253315452062,7.6932802522733255,0.0,3357.098680636651,50.01851249068139,0.02003458399029512,1.0,4.401220603300512,9.999999999999998,3089b45ae9ff48ca97fe5e5edee12922e010bff3f98b55c8cb432f43748d2296
505,6,0.0,384,384,5954.87776477664,3077.7102540232745,6043.485764823239,6065.485764823239,0.06353948945079237,0.6988187522224273,0.5082318197981289,1820.4857648232392,0.0,2866.36996326373,4,5,2,401,2729,34867,0,0.609375,10.608418646426195,20072.860843309452,23428.225722540596,11087.872720193549,7.292800503236947,0.0,3006.143742195757,54.083015046874046,0.01899166797717955,1.0,6.464505112665963,10.0,3089b45ae9ff48ca97fe5e5edee12922e010bff3f98b55c8cb432f43748d2296
505,8,0.0,384,384,5032.9235056541875,2546.1663451831864,5075.053505654188,5101.053505654188,0.07566422690365339,0.8321425286977197,0.6051945663256143,852.0535056541871,0.0,4779.591224898085,4,4,3,412,2760,44327,0,0.7838541666666666,14.603293105973693,20146.30728063949,23317.009170287656,15519.740300596794,80.4501478942925,0.0,2462.112570322194,61.39741711934542,0.20950559347472006,1.0,11.446852148172088,10.0,3089b45ae9ff48ca97fe5e5edee12922e010bff3f98b55c8cb432f43748d2296
505,10,0.0,384,384,4556.078034520199,2342.0091509333492,4598.208034520199,4650.208034540198,0.08351079314315289,0.9184189904644438,0.6679410839741409,375.2080345201999,0.0,9187.679791685816,4,5,5,430,2834,49345,0,0.8984375,25.51791243966903,20407.649523388187,22871.052825740135,20088.087764961074,958.6481998655663,0.0,2235.1212778355775,70.46514395310668,2.4964796871499124,1.0,22.926249457515144,9.999999999999998,3089b45ae9ff48ca97fe5e5edee12922e010bff3f98b55c8cb432f43748d2296
505,12,0.0,384,384,4362.412086951137,2232.7576818656803,4404.542086951137,4437.542086971137,0.08718272919621667,0.9587923385208712,0.6973035189242699,181.54208695113726,0.0,12935.102944151553,4,6,6,452,2908,52179,0,0.9583333333333334,34.106258000411835,20864.9650544256,22669.85383772942,22073.197876256247,5685.042739130133,0.0,2098.809225128545,75.45849402025596,14.804798799818055,0.9999999999999988,32.685163917061345,10.0,3089b45ae9ff48ca97fe5e5edee12922e010bff3f98b55c8cb432f43748d2296
505,16,0.0,384,384,4228.87000009,2164.50000009,4271.00000009,4312.400000109999,0.08990868648838872,0.9887640449229895,0.719101123580356,48.00000009,0.0,16766.202631843917,4,3,11,506,3078,45490,0,0.9973958333333334,42.77337501786923,21353.053667949847,21938.530130184117,19587.798041906666,23676.69690227106,0.0,1973.3530136037027,75.82693561620611,61.65806484966421,1.0,42.66198602042686,10.0,3089b45ae9ff48ca97fe5e5edee12922e010bff3f98b55c8cb432f43748d2296
505,24,0.0,384,384,4238.2700001,2173.9000001,4280.4000001,4308.200000100001,0.08971124193790973,0.9865931704352175,0.7175223057710672,57.4000001,0.0,16739.000000040003,4,3,20,668,3591,53299,0,0.9973958333333334,42.70234986955614,21062.220515523102,21592.667184617512,21988.9376671402,53867.089178794915,0.0,1900.6574731380483,79.37250305873577,140.27887806977841,1.0,42.5911458334375,10.000000000000002,3089b45ae9ff48ca97fe5e5edee12922e010bff3f98b55c8cb432f43748d2296
505,32,0.0,384,384,4245.670000069999,2181.30000007,4287.800000069999,4316.800000079999,0.0895564158761442,0.9848908785513566,0.7162842753100775,64.80000007000001,0.0,16752.55808044825,4,3,26,897,4299,61898,0,0.9973958333333334,42.73774955730613,20648.936178313852,21184.58284740826,22856.295124799803,85130.43021547163,0.0,1826.0209796373929,79.95873841198232,221.69382868612405,1.0,42.62645333450065,9.999999999999998,3089b45ae9ff48ca97fe5e5edee12922e010bff3f98b55c8cb432f43748d2296
