seed,length_m,clearance_multiplier,fetch_affected_fraction
20260804,2,0.5,0.428125
20260804,2,1,0.7265625
20260804,2,1.5,0.846875
20260804,16,0.5,0.2234375
20260804,16,1,0.521875
20260804,16,1.5,0.5984375
20260804,64,0.5,0.1375
20260804,64,1,0.3609375
20260804,64,1.5,0.425
20260805,2,0.5,0.4046875
20260805,2,1,0.75
20260805,2,1.5,0.8578125
20260805,16,0.5,0.2296875
20260805,16,1,0.49375
20260805,16,1.5,0.596875
20260805,64,0.5,0.1796875
20260805,64,1,0.40625
20260805,64,1.5,0.4734375
20260806,2,0.5,0.3671875
20260806,2,1,0.696875
20260806,2,1.5,0.8328125
20260806,16,0.5,0.2234375
20260806,16,1,0.478125
20260806,16,1.5,0.5609375
20260806,64,0.5,0.1875
20260806,64,1,0.396875
20260806,64,1.5,0.4578125
20260807,2,0.5,0.4171875
20260807,2,1,0.74375
20260807,2,1.5,0.853125
20260807,16,0.5,0.2359375
20260807,16,1,0.521875
20260807,16,1.5,0.6109375
20260807,64,0.5,0.171875
20260807,64,1,0.3875
20260807,64,1.5,0.44375
20260808,2,0.5,0.4
20260808,2,1,0.73125
20260808,2,1.5,0.8484375
20260808,16,0.5,0.225
20260808,16,1,0.475
20260808,16,1.5,0.55625
20260808,64,0.5,0.1921875
20260808,64,1,0.3875
20260808,64,1.5,0.44375
20260809,2,0.5,0.384375
20260809,2,1,0.734375
20260809,2,1.5,0.8359375
20260809,16,0.5,0.2171875
20260809,16,1,0.4921875
20260809,16,1.5,0.596875
20260809,64,0.5,0.178125
20260809,64,1,0.4203125
20260809,64,1.5,0.4765625
20260810,2,0.5,0.378125
20260810,2,1,0.7265625
20260810,2,1.5,0.85625
20260810,16,0.5,0.246875
20260810,16,1,0.484375
20260810,16,1.5,0.575
20260810,64,0.5,0.171875
20260810,64,1,0.3796875
20260810,64,1.5,0.4234375
20260811,2,0.5,0.3953125
20260811,2,1,0.728125
20260811,2,1.5,0.8421875
20260811,16,0.5,0.24375
20260811,16,1,0.4796875
20260811,16,1.5,0.5734375
20260811,64,0.5,0.2078125
20260811,64,1,0.40625
20260811,64,1.5,0.4578125
20260812,2,0.5,0.3921875
20260812,2,1,0.746875
20260812,2,1.5,0.83125
20260812,16,0.5,0.2328125
20260812,16,1,0.4890625
20260812,16,1.5,0.5828125
20260812,64,0.5,0.165625
20260812,64,1,0.3859375
20260812,64,1.5,0.4453125
20260813,2,0.5,0.3578125
20260813,2,1,0.7125
20260813,2,1.5,0.83125
20260813,16,0.5,0.2375
20260813,16,1,0.496875
20260813,16,1.5,0.5765625
20260813,64,0.5,0.18125
20260813,64,1,0.403125
20260813,64,1.5,0.45625
