seed,length_m,multiplier,interacting_task_pairs,estimated_extra_shuttle_s,extra_over_movement
20260804,2,0.5,898,1516.5,0.16179349967549939
20260804,2,1,898,3033,0.32358699935099877
20260804,2,2,898,6066,0.6471739987019975
20260804,16,0.5,634,1263.5,0.08065334386783699
20260804,16,1,634,2527,0.16130668773567397
20260804,16,2,634,5054,0.32261337547134794
20260804,64,0.5,543,1323.5,0.03657420380675453
20260804,64,1,543,2647,0.07314840761350906
20260804,64,2,543,5294,0.14629681522701812
20260805,2,0.5,931,1558.0,0.16726276922122366
20260805,2,1,931,3116,0.3345255384424473
20260805,2,2,931,6232,0.6690510768848946
20260805,16,0.5,668,1332.0,0.0851377822640289
20260805,16,1,668,2664,0.1702755645280578
20260805,16,2,668,5328,0.3405511290561156
20260805,64,0.5,570,1403.5,0.0380489212856576
20260805,64,1,570,2807,0.0760978425713152
20260805,64,2,570,5614,0.1521956851426304
20260806,2,0.5,867,1466.0,0.15913966711332314
20260806,2,1,867,2932,0.3182793342266463
20260806,2,2,867,5864,0.6365586684532926
20260806,16,0.5,650,1261.0,0.08113412974529846
20260806,16,1,650,2522,0.16226825949059692
20260806,16,2,650,5044,0.32453651898119384
20260806,64,0.5,548,1300.5,0.03520971110974064
20260806,64,1,548,2601,0.07041942221948128
20260806,64,2,548,5202,0.14083884443896255
20260807,2,0.5,931,1566.5,0.1704831603938174
20260807,2,1,931,3133,0.3409663207876348
20260807,2,2,931,6266,0.6819326415752696
20260807,16,0.5,692,1343.0,0.08741551654338127
20260807,16,1,692,2686,0.17483103308676254
20260807,16,2,692,5372,0.3496620661735251
20260807,64,0.5,612,1498.5,0.04233116864112158
20260807,64,1,612,2997,0.08466233728224316
20260807,64,2,612,5994,0.16932467456448633
20260808,2,0.5,909,1540.0,0.17122056786214604
20260808,2,1,909,3080,0.3424411357242921
20260808,2,2,909,6160,0.6848822714485842
20260808,16,0.5,635,1273.0,0.08437868945070422
20260808,16,1,635,2546,0.16875737890140843
20260808,16,2,635,5092,0.33751475780281687
20260808,64,0.5,564,1342.5,0.03812747225844206
20260808,64,1,564,2685,0.07625494451688412
20260808,64,2,564,5370,0.15250988903376825
20260809,2,0.5,915,1533.5,0.17046340298757298
20260809,2,1,915,3067,0.34092680597514596
20260809,2,2,915,6134,0.6818536119502919
20260809,16,0.5,673,1337.5,0.08733412189642457
20260809,16,1,673,2675,0.17466824379284915
20260809,16,2,673,5350,0.3493364875856983
20260809,64,0.5,594,1397.0,0.03900309660961133
20260809,64,1,594,2794,0.07800619321922266
20260809,64,2,594,5588,0.1560123864384453
20260810,2,0.5,883,1486.0,0.15471025344518813
20260810,2,1,883,2972,0.30942050689037626
20260810,2,2,883,5944,0.6188410137807525
20260810,16,0.5,660,1334.0,0.08376149421630058
20260810,16,1,660,2668,0.16752298843260116
20260810,16,2,660,5336,0.3350459768652023
20260810,64,0.5,558,1320.5,0.03586168082886929
20260810,64,1,558,2641,0.07172336165773859
20260810,64,2,558,5282,0.14344672331547717
20260811,2,0.5,881,1496.0,0.15949130616031754
20260811,2,1,881,2992,0.3189826123206351
20260811,2,2,881,5984,0.6379652246412701
20260811,16,0.5,636,1246.0,0.07967298595823682
20260811,16,1,636,2492,0.15934597191647365
20260811,16,2,636,4984,0.3186919438329473
20260811,64,0.5,554,1328.0,0.03632187744084474
20260811,64,1,554,2656,0.07264375488168948
20260811,64,2,554,5312,0.14528750976337895
20260812,2,0.5,885,1476.0,0.16091521785265245
20260812,2,1,885,2952,0.3218304357053049
20260812,2,2,885,5904,0.6436608714106098
20260812,16,0.5,635,1231.0,0.07963490776586668
20260812,16,1,635,2462,0.15926981553173336
20260812,16,2,635,4924,0.3185396310634667
20260812,64,0.5,542,1313.5,0.03657865349768301
20260812,64,1,542,2627,0.07315730699536602
20260812,64,2,542,5254,0.14631461399073203
20260813,2,0.5,886,1527.5,0.16216216818856674
20260813,2,1,886,3055,0.3243243363771335
20260813,2,2,886,6110,0.648648672754267
20260813,16,0.5,629,1242.0,0.08035513718501826
20260813,16,1,629,2484,0.16071027437003652
20260813,16,2,629,4968,0.32142054874007303
20260813,64,0.5,571,1330.5,0.03715659160424971
20260813,64,1,571,2661,0.07431318320849942
20260813,64,2,571,5322,0.14862636641699883
