length_m,policy,runs,physical_tasks_mean,physical_tasks_std,logical_requests_mean,logical_requests_std,unique_bytes_mean,unique_bytes_std,makespan_s_mean,makespan_s_std,logical_throughput_req_s_mean,logical_throughput_req_s_std,reader_utilization_mean,reader_utilization_std,shuttle_utilization_mean,shuttle_utilization_std,movement_s_mean,movement_s_std,conflict_wait_s_mean,conflict_wait_s_std,detour_s_mean,detour_s_std,reader_queue_s_mean,reader_queue_s_std,idle_capacity_s_mean,idle_capacity_s_std,idle_capacity_share_mean,idle_capacity_share_std,conflict_affected_tasks_mean,conflict_affected_tasks_std,conflict_affected_fraction_mean,conflict_affected_fraction_std,conflict_reservations_encountered_mean,conflict_reservations_encountered_std,zone_completion_min_s_mean,zone_completion_min_s_std,zone_completion_max_s_mean,zone_completion_max_s_std,zone_completion_spread_s_mean,zone_completion_spread_s_std,fetch_direct_s_mean,fetch_direct_s_std,delivery_direct_s_mean,delivery_direct_s_std,return_direct_s_mean,return_direct_s_std,reader_service_s_mean,reader_service_s_std,pick_place_s_mean,pick_place_s_std,fetch_coordination_s_mean,fetch_coordination_s_std,pick_coordination_s_mean,pick_coordination_s_std,delivery_coordination_s_mean,delivery_coordination_s_std,reader_coordination_s_mean,reader_coordination_s_std,return_coordination_s_mean,return_coordination_s_std,place_coordination_s_mean,place_coordination_s_std,cbs_windows_mean,cbs_windows_std,cbs_expanded_nodes_mean,cbs_expanded_nodes_std,cbs_fallback_windows_mean,cbs_fallback_windows_std
4.0,static_zone,10,640.0,0.0,100000.0,0.0,7569589037.0,0.0,2030.9576412977883,59.08855459255864,49.27863274839291,1.4022015226247477,0.2833853630357745,0.008063604150041844,0.9059724450916873,0.025554053845974842,6267.468310475394,66.71148371354197,0.0,0.0,0.0,0.0,0.0,0.0,1539.6534424012918,468.70895435224895,0.09402755490831267,0.025554053845974853,0.0,0.0,0.0,0.0,0.0,0.0,1628.4252937517253,51.355664424425875,2030.9576412977883,59.08855459255864,402.532347546063,84.06532533818557,1936.9080680450952,27.542515361309174,2165.28012121515,38.02908009455502,2165.28012121515,38.02908009455502,4600.53937750562,0.0,3840.0,0.0,0.0,0.0,0.0,0.0,0.0,0.0,0.0,0.0,0.0,0.0,0.0,0.0,0.0,0.0,0.0,0.0,0.0,0.0
4.0,no_zone_coordinated,10,640.0,0.0,100000.0,0.0,7569589037.0,0.0,3065.860191856772,80.1777062992729,32.639247179709024,0.8407601019722044,0.18769767737798837,0.004834937445198472,0.9726822614453414,0.017530213686101748,10905.05250724071,251.19094207630278,4070.7289595125467,159.25664302127961,619.2000000000004,77.5278014650228,431.86482671087396,90.61616132569084,678.6958638844233,457.62700729774815,0.02731773855465853,0.017530213686101748,514.3,8.19817052762383,0.80359375,0.012809641449412237,942.4,22.36604569431083,2877.227505927608,73.7244413182446,3065.860191856772,80.1777062992729,188.63268592916393,107.49436380278628,5955.292264810413,217.0847377963763,2165.28012121515,38.02908009455502,2165.28012121515,38.02908009455502,4600.53937750562,0.0,3840.0,0.0,2836.689896212605,125.5202470912417,314.2692043039783,50.69511155597281,1278.7428958602907,114.38019005275629,166.0824165314984,31.27098581224812,68.23390659570387,17.633869144260444,25.91064000847045,13.352273565341028,0.0,0.0,0.0,0.0,0.0,0.0
4.0,no_zone_windowed_cbs,10,640.0,0.0,100000.0,0.0,7569589037.0,0.0,2747.3509286724984,60.796944293558404,36.416298870490614,0.7955752617462956,0.20941827117088185,0.004575094149291465,0.9752138173237432,0.013575328174314621,9043.08926726864,193.37209955791195,3517.330798677229,178.65585042012157,423.0000000000005,50.289163842720534,4.776899012493701,6.478331258282188,550.0710869160099,311.442773706458,0.024786182676256745,0.013575328174314609,475.5,12.06855418018248,0.74296875,0.018857115906535122,911.2,43.773964864974246,2589.0018740463756,51.05078646939144,2747.3509286724984,60.796944293558404,158.34905462612306,84.38894494090164,4453.329024838341,211.2061206383051,2294.8801212151498,27.94152263279751,2294.8801212151498,27.94152263279751,4600.53937750562,0.0,3840.0,0.0,2014.8414918577823,160.85524677274356,285.52461384116884,33.4772050887934,1016.3410711746676,88.56585893623728,209.1388515896017,40.4313798733291,373.06087402200734,52.01200323895396,41.423896192001315,14.06078415214236,320.3,0.458257569495584,1596.9,236.0700955224952,16.7,4.313930922024598
8.0,static_zone,10,640.0,0.0,100000.0,0.0,7569589037.0,0.0,2278.2427211297977,65.99938651789036,43.92944883735686,1.242153425850468,0.25262394901047336,0.0071432196856607445,0.9070058703787383,0.025416417024106987,8077.245373782361,75.24069899212665,0.0,0.0,0.0,0.0,0.0,0.0,1708.1570177504018,523.7241388990496,0.09299412962126176,0.025416417024106984,0.0,0.0,0.0,0.0,0.0,0.0,1827.5382253077398,55.59189141615791,2278.2427211297977,65.99938651789036,450.704495822058,90.80341607991029,2412.391766646515,32.25114221805375,2832.426803567922,40.40841897089956,2832.426803567922,40.40841897089956,4600.53937750562,0.0,3840.0,0.0,0.0,0.0,0.0,0.0,0.0,0.0,0.0,0.0,0.0,0.0,0.0,0.0,0.0,0.0,0.0,0.0,0.0,0.0
8.0,no_zone_coordinated,10,640.0,0.0,100000.0,0.0,7569589037.0,0.0,3133.723926322083,71.60515907724805,31.9273143060046,0.7179103424963084,0.18360358335346594,0.004128468500216005,0.9748403144585385,0.01847870862923755,12756.212838452508,270.9967745164576,2907.4536451867525,136.30059692701604,685.8000000000003,50.346400069915674,326.29817648217625,85.0482470170266,639.2873729496056,482.98570750757824,0.025159685541461564,0.018478708629237568,485.0,8.221921916437786,0.7578125,0.012846752994434054,832.5,20.694202086574876,2956.2043913360053,75.1074692181573,3133.723926322083,71.60515907724805,177.51953498607764,118.95780027106608,6405.559231316672,262.9418186002763,2832.426803567922,40.40841897089956,2832.426803567922,40.40841897089956,4600.53937750562,0.0,3840.0,0.0,1856.6448640573788,70.54402762027715,250.25527854508402,39.49330882295488,1309.1084790450732,89.51137112373766,119.1449828384734,35.81790653876921,44.387599427856024,12.198670116171746,13.712441272887103,5.166431809993053,0.0,0.0,0.0,0.0,0.0,0.0
8.0,no_zone_windowed_cbs,10,640.0,0.0,100000.0,0.0,7569589037.0,0.0,2911.4670830068726,82.22526893462873,34.37427144979626,0.9678300025020231,0.19767523672231863,0.005565675046552405,0.9720684565161897,0.018699389671216857,10893.191100704498,200.1983756462592,2797.58487720604,157.44262300344158,498.6000000000003,39.47708195903031,0.0,0.0,661.8213086388245,453.5070939320361,0.027931543483810328,0.018699389671216853,464.3,15.231874474272692,0.72546875,0.023799803866051083,859.3,47.55218186371683,2727.8639961533017,56.91907120730057,2911.4670830068726,82.22526893462873,183.60308685357072,118.88120328172893,4989.537493568654,187.40398657279607,2951.8268035679216,51.32373986724519,2951.8268035679216,51.32373986724519,4600.53937750562,0.0,3840.0,0.0,1331.3492447086483,95.69559009587856,211.22964108979983,33.070039909913596,1120.992376418742,87.43564724626717,185.731056209782,31.33025270570224,418.1294849249441,35.379923976106866,28.753073854124,12.796659906536657,320.3,0.458257569495584,1516.3,217.52059672591926,10.1,2.3430749027719964
16.0,static_zone,10,640.0,0.0,100000.0,0.0,7569589037.0,0.0,2753.3116221804594,81.93136613299805,36.35124569348163,1.053811218907033,0.20904417154280483,0.006060125011298775,0.9084030148007954,0.02580045246100624,11551.81565587143,118.36275583603181,0.0,0.0,0.0,0.0,0.0,0.0,2034.137944066621,643.4190659414816,0.09159698519920455,0.025800452461006238,0.0,0.0,0.0,0.0,0.0,0.0,2209.608068738763,67.47822083038878,2753.3116221804594,81.93136613299805,543.7035534416963,104.37618450681995,3297.9024061970517,47.159936063910955,4126.956624837191,53.29768656235634,4126.956624837191,53.29768656235634,4600.53937750562,0.0,3840.0,0.0,0.0,0.0,0.0,0.0,0.0,0.0,0.0,0.0,0.0,0.0,0.0,0.0,0.0,0.0,0.0,0.0,0.0,0.0
16.0,no_zone_coordinated,10,640.0,0.0,100000.0,0.0,7569589037.0,0.0,3547.070658156872,64.46920173182698,28.201514562992493,0.5083627665161609,0.16217772281543155,0.002923428656769104,0.9743453768683494,0.01307452043123567,16434.031364228846,204.81441348085724,2464.5793281982087,150.0035675298975,871.8000000000004,94.14648161243201,303.55688341455715,56.49440417523017,733.8583119077423,386.3503171076097,0.025654623131650633,0.013074520431235657,460.3,12.345444503945576,0.71921875,0.019289757037414954,762.1,30.392268753747228,3346.8798318943245,54.05003597751358,3547.070658156872,64.46920173182698,200.19082626254766,100.76103867059247,7308.318114554469,209.4366715417651,4126.956624837191,53.29768656235634,4126.956624837191,53.29768656235634,4600.53937750562,0.0,3840.0,0.0,1467.2415761074644,102.67112697098288,251.42842916264743,35.78941779970569,1454.8226991766655,88.11652117001157,101.07929233663249,25.886567501337066,42.53493613257156,17.294468174191024,19.272395282227457,9.565463495227325,0.0,0.0,0.0,0.0,0.0,0.0
16.0,no_zone_windowed_cbs,10,640.0,0.0,100000.0,0.0,7569589037.0,0.0,3340.632700878916,77.46280074566457,29.950304707155187,0.6840057724079018,0.1722344452169492,0.003933494363004625,0.975514251241584,0.015085530969815948,14319.130755113765,237.5336267179928,2603.4415540392606,127.14163412811737,699.0000000000001,55.203260773254996,0.0,0.0,662.9499203726816,419.7748752699769,0.024485748758416002,0.01508553096981597,438.5,13.901438774457844,0.68515625,0.021720998085090367,780.6,37.51852875580278,3153.8792620896193,53.57070484178451,3340.632700878916,77.46280074566457,186.7534387892967,114.14720872892731,5906.817505439383,154.96720676309124,4206.156624837191,57.31570340715576,4206.156624837191,57.31570340715576,4600.53937750562,0.0,3840.0,0.0,1139.4695175766221,95.93797297362143,220.66005638041636,39.071493314365746,1263.7330196379364,100.54916743620218,206.35741124734358,60.42609193044591,442.9543970528887,45.80962210710494,29.267152144053547,5.894654239163434,320.3,0.458257569495584,1306.2,93.90399352530221,4.0,2.1447610589527217
32.0,static_zone,10,640.0,0.0,100000.0,0.0,7569589037.0,0.0,3699.4432086642046,116.83070704426355,27.05741467443139,0.8338116469688787,0.1555983770790251,0.004794979144128959,0.9085815746581669,0.026631557544575066,18425.50052171333,234.22891767653095,0.0,0.0,0.0,0.0,0.0,0.0,2729.5057700946822,891.670814210954,0.09141842534183311,0.02663155754457507,0.0,0.0,0.0,0.0,0.0,0.0,2965.195840512683,99.12636358773746,3699.4432086642046,116.83070704426355,734.2473681515216,137.7384192616514,5033.440696948957,83.59692694802732,6696.029912382182,92.4911549719482,6696.029912382182,92.4911549719482,4600.53937750562,0.0,3840.0,0.0,0.0,0.0,0.0,0.0,0.0,0.0,0.0,0.0,0.0,0.0,0.0,0.0,0.0,0.0,0.0,0.0,0.0,0.0
32.0,no_zone_coordinated,10,640.0,0.0,100000.0,0.0,7569589037.0,0.0,4455.718479519954,84.63579079589768,22.45117876993348,0.4269473982549302,0.12910941500312162,0.002455235397244228,0.9742260358691502,0.012859211747020347,23799.775049293687,331.07200998162915,2112.6316882567635,107.51510905301632,1409.3999999999999,120.8802713431765,366.23453337254045,92.31423520276738,926.5671877310175,475.0895613323878,0.025773964130849737,0.012859211747020344,439.2,10.39038016628843,0.68625,0.016234969009825663,685.3,25.7489805623446,4194.604293716355,52.63989391273991,4455.718479519954,84.63579079589768,261.1141858035993,117.18986912705728,8998.315224529317,193.84992328468147,6696.029912382182,92.4911549719482,6696.029912382182,92.4911549719482,4600.53937750562,0.0,3840.0,0.0,1327.310481644049,98.10317728653784,250.38959257551454,32.21021648716257,1756.352636486204,121.44110518217478,98.26470723336405,20.785797457467027,56.43555382756553,17.22970804229422,33.2787164900664,13.690812863756273,0.0,0.0,0.0,0.0,0.0,0.0
32.0,no_zone_windowed_cbs,10,640.0,0.0,100000.0,0.0,7569589037.0,0.0,4233.3656948721855,82.33071836504249,23.630764392693273,0.4575506795787601,0.13589282763642885,0.002631224898258179,0.9758003460123273,0.012241426106827146,21031.045106755202,360.9734349407694,2321.301002576705,95.10382593923488,1247.4000000000003,162.2542449367657,0.0,0.0,826.6400721399411,429.8038001941145,0.024199653987672664,0.012241426106827139,415.9,10.671925786848407,0.64984375,0.01667488404195063,698.6,26.253380734678725,3991.936485545268,51.49366204435078,4233.3656948721855,82.33071836504249,241.42920932691746,116.95009594833196,7457.7852819908385,200.69162682487863,6786.629912382182,92.64922299283886,6786.629912382182,92.64922299283886,4600.53937750562,0.0,3840.0,0.0,1026.1167356818798,73.6561346939213,215.29363828381108,41.209677872536275,1576.996205314604,144.75852682500962,286.3929303230655,29.4334228991581,414.8543572784652,70.81399581240063,49.0471356948794,18.437097665038554,320.3,0.458257569495584,985.3,99.91801639344128,2.3,2.193171219946131
64.0,static_zone,10,640.0,0.0,100000.0,0.0,7569589037.0,0.0,5600.651223529249,183.12141462267994,17.87374981450187,0.5718122109225225,0.10278611230662466,0.0032883057411095006,0.9063899842642593,0.026788158953492295,32133.962585028352,483.4011503195825,0.0,0.0,0.0,0.0,0.0,0.0,4230.707825700019,1354.5044111491936,0.09361001573574071,0.026788158953492302,0.0,0.0,0.0,0.0,0.0,0.0,4471.284700492487,173.376049085457,5600.651223529249,183.12141462267994,1129.3665230367624,224.02285476888915,8485.873610011966,161.91365104974827,11824.04448750819,182.29432362295972,11824.04448750819,182.29432362295972,4600.53937750562,0.0,3840.0,0.0,0.0,0.0,0.0,0.0,0.0,0.0,0.0,0.0,0.0,0.0,0.0,0.0,0.0,0.0,0.0,0.0,0.0,0.0
64.0,no_zone_coordinated,10,640.0,0.0,100000.0,0.0,7569589037.0,0.0,6304.696212352983,143.410503709236,15.869342571094927,0.3583366782958716,0.09125941924181072,0.002060677498630914,0.9724866351642893,0.015176797490872656,38055.45718360684,480.35047002512096,1916.2339183874494,123.7975441318876,1951.2,122.25285272745182,620.9848495625115,102.6805713337803,1404.3543697614302,798.5893580409764,0.027513364835710624,0.015176797490872666,413.0,11.85748708622531,0.6453125,0.018527323572227045,621.7,25.99634589706792,5916.901065721322,73.14567958357807,6304.696212352983,143.410503709236,387.7951466316608,209.09985305361081,12456.168208590467,214.6712784195861,11824.04448750819,182.29432362295972,11824.04448750819,182.29432362295972,4600.53937750562,0.0,3840.0,0.0,1338.2323124495997,165.0256287113984,311.40698152983936,59.475526607596144,1997.7298481425642,93.08424262142239,100.59576362153359,26.54507839354192,89.14038652379247,21.829040563771567,30.328626120120248,22.01204887714372,0.0,0.0,0.0,0.0,0.0,0.0
64.0,no_zone_windowed_cbs,10,640.0,0.0,100000.0,0.0,7569589037.0,0.0,5989.021214102522,127.17782191401416,16.70469328999018,0.35200450288039464,0.09606324908719216,0.0020242632207006822,0.9748446295220965,0.014822920743149677,34170.93284858393,552.6598300042644,2116.5332168090326,75.60882335453624,1963.8000000000002,67.13836459134252,2.0770036069160596,4.182698313265055,1218.2872663146743,739.6658559125055,0.025155370477903494,0.01482292074314968,396.1,9.115371632577578,0.61890625,0.014242768175902459,611.8,26.596240335806865,5637.8569857887005,117.50796581247589,5989.021214102522,127.17782191401416,351.1642283138211,207.48486687687515,10294.843873567548,255.56772325104893,11938.04448750819,166.31598149324964,11938.04448750819,166.31598149324964,4600.53937750562,0.0,3840.0,0.0,1070.417470735517,96.66633683927046,256.6911802258711,56.54383897132163,1951.1986498234774,75.56039437410486,267.51933248777027,49.29547231512253,452.81826189923254,73.18199537928463,81.68832163716428,19.067180197644465,320.3,0.458257569495584,725.7,52.0942415243758,1.0,0.7745966692414834
