seed,length_m,policy,physical_tasks,logical_requests,unique_bytes,makespan_s,logical_throughput_req_s,reader_utilization,shuttle_utilization,movement_s,conflict_wait_s,detour_s,reader_queue_s,idle_capacity_s,idle_capacity_share,conflict_affected_tasks,conflict_affected_fraction,conflict_reservations_encountered,zone_completion_min_s,zone_completion_max_s,zone_completion_spread_s,fetch_direct_s,delivery_direct_s,return_direct_s,reader_service_s,pick_place_s,fetch_coordination_s,pick_coordination_s,delivery_coordination_s,reader_coordination_s,return_coordination_s,place_coordination_s,cbs_windows,cbs_expanded_nodes,cbs_fallback_windows
20260804,4.0,static_zone,640,100000,7569589037,1974.6661602278893,50.6414714619201,0.29122260449423815,0.9266389239717154,6197.880829829824,0.0,0.0,0.0,1158.9090744876721,0.07336107602828461,0,0.0,0,1646.9242270071811,1974.6661602278893,327.74193322070823,1980.6653703662007,2108.6077297318147,2108.6077297318147,4600.53937750562,3840.0,0.0,0.0,0.0,0.0,0.0,0.0,0,0,0
20260804,4.0,no_zone_coordinated,640,100000,7569589037,3094.7438758752696,32.312851728874506,0.18582068347273464,0.9752850154522421,10901.553966421088,4281.429959452974,570.0000000000007,522.5353270502701,611.8923765722066,0.024714984547757946,517,0.8078125,940,2926.3787756915935,3094.7438758752696,168.36510018367608,6114.338506957462,2108.6077297318147,2108.6077297318147,4600.53937750562,3840.0,2978.3699924541106,313.4386655529499,1283.7736203666313,187.17907212516917,84.64997335605989,4.018635598053606,0,0,0
20260804,4.0,no_zone_windowed_cbs,640,100000,7569589037,2776.0892490066294,36.02189664319441,0.20715019244931676,0.985678640961955,9326.016446673882,3692.0992010200953,432.00000000000034,0.0,318.0589668534449,0.014321359038044986,479,0.7484375,929,2684.003570482337,2776.0892490066294,92.08567852429223,4820.800987210254,2252.6077297318147,2252.6077297318147,4600.53937750562,3840.0,2233.947547347926,279.9132104011943,1012.8670220973547,209.7927861816738,345.6538513884684,41.92478360347829,320,1789,20
20260804,8.0,static_zone,640,100000,7569589037,2229.7475909475147,44.84812559322275,0.2579069597486735,0.9227232568524325,8018.98029511803,0.0,0.0,0.0,1378.4610549564677,0.07727674314756748,0,0.0,0,1857.4828659204309,2229.7475909475147,372.26472502708384,2469.2437033165374,2774.8682959007456,2774.8682959007456,4600.53937750562,3840.0,0.0,0.0,0.0,0.0,0.0,0.0,0,0,0
20260804,8.0,no_zone_coordinated,640,100000,7569589037,3087.9889404925516,32.383535669026536,0.18622716378526796,0.9945837279084205,12892.944631707212,2934.323501312848,744.0000000000005,302.3009068747677,133.8031065399664,0.005416272091579449,480,0.75,820,3022.5297652991335,3087.9889404925516,65.4591751934181,6599.208039905732,2774.8682959007456,2774.8682959007456,4600.53937750562,3840.0,1892.2910553769664,319.37556381933814,1311.3391409150406,82.76009404561808,49.07930979324112,23.478337362643543,0,0,0
20260804,8.0,no_zone_windowed_cbs,640,100000,7569589037,2868.083206268333,34.86649194188133,0.2005058364176343,0.9880828612010794,10983.537482945898,2773.1540244475327,474.0000000000001,0.0,273.43476524762445,0.011917138798920639,475,0.7421875,878,2779.517166240505,2868.083206268333,88.56604002782797,5241.800891144407,2870.8682959007456,2870.8682959007456,4600.53937750562,3840.0,1283.0492936704024,242.04869872101725,1126.2290517147278,174.96843774988542,397.82230358076697,23.0362390107328,320,1663,12
20260804,16.0,static_zone,640,100000,7569589037,2722.4533090907216,36.73157576884183,0.21123132590298513,0.9162197792613908,11514.385181730731,0.0,0.0,0.0,1824.7019134894217,0.0837802207386092,0,0.0,0,2261.5267521009814,2722.4533090907216,460.9265569897402,3383.6855882191317,4065.349796755806,4065.349796755806,4600.53937750562,3840.0,0.0,0.0,0.0,0.0,0.0,0.0,0,0,0
20260804,16.0,no_zone_coordinated,640,100000,7569589037,3540.22671610615,28.246778531175178,0.16243802115043973,0.9804645143655913,16626.235351404084,2387.588876624193,792.0000000000002,314.169738074969,553.2803852403304,0.01953548563440862,460,0.71875,746,3368.7895531545983,3540.22671610615,171.43716295155173,7703.535757892493,4065.349796755806,4065.349796755806,4600.53937750562,3840.0,1448.5675438858095,216.88464377900203,1397.8334851131208,76.56592186946307,25.209778676941596,14.527503299855994,0,0,0
20260804,16.0,no_zone_windowed_cbs,640,100000,7569589037,3256.567097098418,30.70718244653992,0.17658700252194534,0.9950023291743865,14266.015666602949,2525.7797296962135,690.0000000000001,0.0,130.2020029825726,0.004997670825613489,439,0.6859375,767,3194.0279897440632,3256.567097098418,62.539107354354655,6015.316073091338,4125.349796755806,4125.349796755806,4600.53937750562,3840.0,1116.7376809503317,213.35736694704107,1246.115742374134,127.44119548280898,482.6280314676496,29.499712474248383,320,1338,6
20260804,32.0,static_zone,640,100000,7569589037,3698.586347753453,27.03735714071964,0.15548303273695435,0.9080082353063671,18426.23552450905,0.0,0.0,0.0,2721.9158800129517,0.09199176469363296,0,0.0,0,3058.5747266750886,3698.586347753453,640.0116210783644,5176.210899456173,6625.012312526433,6625.012312526433,4600.53937750562,3840.0,0.0,0.0,0.0,0.0,0.0,0.0,0,0,0
20260804,32.0,no_zone_coordinated,640,100000,7569589037,4388.325713101337,22.787734215227054,0.13104483572660533,0.9863823673099008,23801.34039485988,2040.264904128696,1374.0,346.39216683224925,478.0688614842511,0.01361763269009914,423,0.6609375,652,4225.9142921986695,4388.325713101337,162.4114209026675,9177.315769807003,6625.012312526433,6625.012312526433,4600.53937750562,3840.0,1336.30585828792,236.24879345978604,1716.9290018824713,79.98377044668695,31.62039874026027,13.177081311571214,0,0,0
20260804,32.0,no_zone_windowed_cbs,640,100000,7569589037,4150.9081249018545,24.09111379750532,0.13854014709174023,0.9924443390218849,20997.613813617023,2402.2089717476706,1116.0000000000002,0.0,250.90283634449588,0.007555660978115129,419,0.6546875,695,4044.211618368849,4150.9081249018545,106.6965065330055,7555.589188564158,6721.012312526433,6721.012312526433,4600.53937750562,3840.0,1066.6389936319276,179.4013150988956,1506.5840290046106,342.26400628822284,371.2128895939094,52.10773813010496,320,970,7
20260804,64.0,static_zone,640,100000,7569589037,5646.069027379689,17.71143773040435,0.10185270838870508,0.8999497616203432,32208.888424753208,0.0,0.0,0.0,4519.124416778679,0.10005023837965679,0,0.0,0,4646.853999762028,5646.069027379689,999.2150276176608,8741.629630596313,11733.62939707844,11733.62939707844,4600.53937750562,3840.0,0.0,0.0,0.0,0.0,0.0,0.0,0,0,0
20260804,64.0,no_zone_coordinated,640,100000,7569589037,6162.188781378181,16.228000073966392,0.09332194169805819,0.9921959859433148,37874.13105071236,2030.7069516115819,2028.0000000000007,567.4144082373003,384.7184629585827,0.007804014056685146,411,0.6421875,635,6013.130115541197,6162.188781378181,149.0586658369848,12378.872256555493,11733.62939707844,11733.62939707844,4600.53937750562,3840.0,1379.0119349607821,355.38668777491387,2088.5652999679924,99.90378028346228,99.67984402657912,36.1594045978527,0,0,0
20260804,64.0,no_zone_windowed_cbs,640,100000,7569589037,5923.5700043823945,16.881711522952827,0.09708122327629357,0.9818370775083533,33967.925163262065,2163.3807513839365,1956.0000000000005,0.0,860.7147429075267,0.018162922491646718,395,0.6171875,602,5641.728303500677,5923.5700043823945,281.84170088171777,10212.666369105189,11877.62939707844,11877.62939707844,4600.53937750562,3840.0,1190.980073637491,181.45292317308187,1949.6174674688864,318.8599956928205,392.7095339185236,85.7607574931335,320,712,2
20260805,4.0,static_zone,640,100000,7569589037,1999.428316956616,50.01429616252145,0.28761592366738503,0.9192059843314436,6262.552416000527,0.0,0.0,0.0,1292.3347421467843,0.08079401566855632,0,0.0,0,1596.3943711543159,1999.428316956616,403.0339458023002,1962.9330235161574,2149.809696242185,2149.809696242185,4600.53937750562,3840.0,0.0,0.0,0.0,0.0,0.0,0.0,0,0,0
20260805,4.0,no_zone_coordinated,640,100000,7569589037,3035.8388261576765,32.939825111389545,0.18942620314137026,0.9698187930801208,10721.542270605618,4074.299672855956,576.0000000000001,317.32704999287,733.0022383013456,0.03018120691987926,499,0.7796875,944,2785.4693224458474,3035.8388261576765,250.3695037118291,5845.92287812126,2149.809696242185,2149.809696242185,4600.53937750562,3840.0,2930.8530683953886,263.00016712027013,1222.3324814744572,154.40356482585884,74.25205640788766,5.458334632093738,0,0,0
20260805,4.0,no_zone_windowed_cbs,640,100000,7569589037,2879.0181860631455,34.73406332897916,0.1997442826071782,0.9497327658606057,9207.29889678199,3714.2949218731997,504.0000000000004,8.250042341088204,1157.7622500032812,0.05026723413939421,486,0.759375,974,2526.1498474543314,2879.0181860631455,352.86833860881416,4691.679504297619,2257.809696242185,2257.809696242185,4600.53937750562,3840.0,2063.666208365441,257.41349875962635,1079.7133318831409,292.324411289659,491.5683669381058,33.60910463722706,320,1707,18
20260805,8.0,static_zone,640,100000,7569589037,2246.763054168883,44.508476234042284,0.25595374693435563,0.9202486177192827,8100.105382027729,0.0,0.0,0.0,1433.459673817717,0.07975138228071733,0,0.0,0,1803.385463502437,2246.763054168883,443.37759066644617,2444.5330671751053,2827.786157426315,2827.786157426315,4600.53937750562,3840.0,0.0,0.0,0.0,0.0,0.0,0.0,0,0,0
20260805,8.0,no_zone_coordinated,640,100000,7569589037,3193.265185509544,31.315908385492627,0.18008758708727177,0.9543628173208527,12811.535440218224,2901.1862609398204,666.0,227.00739250020402,1165.853012912481,0.04563718267914726,479,0.7484375,848,2836.905262544467,3193.265185509544,356.3599229650772,6489.963125365598,2827.786157426315,2827.786157426315,4600.53937750562,3840.0,1878.0282322863009,213.4589126414263,1345.8926020642486,79.03384014220663,35.26558946445269,15.507084341185305,0,0,0
20260805,8.0,no_zone_windowed_cbs,640,100000,7569589037,3046.7078967385623,32.82231293227944,0.1887504288822044,0.9435385254799276,10997.177125288594,3037.7737088598124,522.0000000000001,0.0,1376.1729622544626,0.05646147452007244,478,0.746875,939,2621.805877058169,3046.7078967385623,424.90201968039355,5209.6048104359625,2893.786157426315,2893.786157426315,4600.53937750562,3840.0,1432.5141301893534,199.3365181169041,1189.0593292139392,200.98601240885745,505.24099927007643,32.63671966068199,320,1965,7
20260805,16.0,static_zone,640,100000,7569589037,2721.273808919006,36.74749658496284,0.21132288132984367,0.9221442456113819,11634.716491515404,0.0,0.0,0.0,1694.9346023310209,0.07785575438861818,0,0.0,0,2203.3622383244974,2721.273808919006,517.9115705945087,3343.5824911173963,4145.567000199006,4145.567000199006,4600.53937750562,3840.0,0.0,0.0,0.0,0.0,0.0,0.0,0,0,0
20260805,16.0,no_zone_coordinated,640,100000,7569589037,3684.6693664800828,27.139477129132136,0.1560702915218571,0.9501044910276484,16706.123105986684,2490.7363726712615,924.0000000000005,369.1684481942452,1470.7876274828486,0.04989550897235161,460,0.71875,776,3251.8903382632884,3684.6693664800828,432.77902821679436,7490.989105588684,4145.567000199006,4145.567000199006,4600.53937750562,3840.0,1445.3841226230738,266.10236574767345,1542.5710040579374,96.8458221518442,30.652099068881853,33.18095902185166,0,0,0
20260805,16.0,no_zone_windowed_cbs,640,100000,7569589037,3507.871246796176,28.507317676306517,0.16393629689613767,0.9490679720916527,14614.09862614402,2769.0280007940833,810.0000000000002,0.0,1429.3039699256951,0.050932027908347305,454,0.709375,832,3068.8755930774428,3507.871246796176,438.99565371873314,6130.964625746007,4241.567000199006,4241.567000199006,4600.53937750562,3840.0,1188.7083292808638,191.84458957710268,1295.8385758412883,326.5528318487535,537.3338412483499,38.74983299772509,320,1445,6
20260805,32.0,static_zone,640,100000,7569589037,3658.220037024623,27.33569850580503,0.15719869673447207,0.9249004472474169,18627.37540948266,0.0,0.0,0.0,2197.845509208695,0.07509955275258302,0,0.0,0,2996.1537771951303,3658.220037024623,662.0662598294925,5104.047366651761,6761.664021415449,6761.664021415449,4600.53937750562,3840.0,0.0,0.0,0.0,0.0,0.0,0.0,0,0,0
20260805,32.0,no_zone_coordinated,640,100000,7569589037,4571.623871208903,21.87406549995907,0.12579062459837362,0.9586265128653614,24086.748723334866,2136.8224879328154,1506.0000000000002,395.7282095389758,1513.1521713589464,0.041373487134638606,427,0.6671875,671,4094.262229925113,4571.623871208903,477.3616412837905,9057.420680503961,6761.664021415449,6761.664021415449,4600.53937750562,3840.0,1362.9092955170095,295.52310086939764,1813.1377045462982,70.22541541279645,72.36762663493369,28.65934495237991,0,0,0
20260805,32.0,no_zone_windowed_cbs,640,100000,7569589037,4363.590001021088,22.916910153474504,0.1317876844647723,0.9627011838216866,21356.049298267717,2304.07740179046,1505.9999999999998,0.0,1302.0539306048959,0.03729881617831341,424,0.6625,706,3946.5305821399306,4363.590001021088,417.0594188811574,7628.721255436819,6863.664021415449,6863.664021415449,4600.53937750562,3840.0,1045.3591040281935,299.73362249753325,1618.952312884769,277.7329415060961,498.03999612599324,70.25942474787485,320,1164,0
20260805,64.0,static_zone,640,100000,7569589037,5526.037870514835,18.09614815228971,0.1040650526947306,0.9277739900240528,32574.774255706925,0.0,0.0,0.0,3192.98933090613,0.07222600997594715,0,0.0,0,4579.066541353443,5526.037870514835,946.9713291613916,8606.359772673828,11984.20724151655,11984.20724151655,4600.53937750562,3840.0,0.0,0.0,0.0,0.0,0.0,0.0,0,0,0
20260805,64.0,no_zone_coordinated,640,100000,7569589037,6551.579053446125,15.26349589682507,0.0877753923896741,0.9526901248287103,38767.24533409165,2004.3448926205847,2034.0,720.8677258041606,2479.635097546983,0.04730987517128976,400,0.625,620,5824.72530591127,6551.579053446125,726.8537475348548,12764.83085105857,11984.20724151655,11984.20724151655,4600.53937750562,3840.0,1373.0562090627086,413.3838910654553,2044.389374078782,79.47495397678557,128.0404644368533,0.0,0,0,0
20260805,64.0,no_zone_windowed_cbs,640,100000,7569589037,6192.624315546006,16.14824263583362,0.09286328265458464,0.9537274540090765,34865.850177804256,1950.2170214932817,1992.0000000000007,0.0,2292.3879475649082,0.04627254599092347,399,0.6234375,589,5474.42201918404,6192.624315546006,718.2022963619656,10597.435694771157,12134.20724151655,12134.20724151655,4600.53937750562,3840.0,1071.4180775853456,216.92402157229162,1900.5405359206086,214.29024463440544,472.1627978387352,66.88134394189592,320,717,2
20260806,4.0,static_zone,640,100000,7569589037,2113.857893045184,47.30686974228995,0.2720463963449175,0.8690233823054567,6255.396109912077,0.0,0.0,0.0,2214.927656943775,0.13097661769454333,0,0.0,0,1606.3923934723146,2113.857893045184,507.4654995728695,1943.7439346746921,2155.8260876186923,2155.8260876186923,4600.53937750562,3840.0,0.0,0.0,0.0,0.0,0.0,0.0,0,0,0
20260806,4.0,no_zone_coordinated,640,100000,7569589037,3036.5277710979594,32.932351533818384,0.18938322503148633,0.9895673009391223,11224.3111396456,3904.5109364495065,672.0000000000002,469.42727177604735,253.43344340690237,0.01043269906087772,520,0.8125,962,2917.714010069981,3036.5277710979594,118.81376102797822,6240.658964408201,2155.8260876186923,2155.8260876186923,4600.53937750562,3840.0,2688.1321586166355,235.7944751022133,1375.1067264545416,171.5665568077348,60.337925009647776,45.57309445873386,0,0,0
20260806,4.0,no_zone_windowed_cbs,640,100000,7569589037,2665.757915549825,37.51278366902065,0.21572379803647404,0.9913706872536204,9070.571023343005,3258.9236534746497,372.0000000000003,0.0,184.02927007533071,0.00862931274637957,475,0.7421875,918,2574.0937369232374,2665.757915549825,91.66417862658773,4434.918848105621,2317.8260876186923,2317.8260876186923,4600.53937750562,3840.0,1852.9983177895222,206.55243292215602,980.8915775073824,207.10101553013894,335.3205516159421,48.05975810950804,320,1608,19
20260806,8.0,static_zone,640,100000,7569589037,2382.2716509505854,41.97674096490949,0.24139456218552408,0.8683151481118211,8107.961113996383,0.0,0.0,0.0,2509.672716102683,0.13168485188817894,0,0.0,0,1809.9137440002155,2382.2716509505854,572.3579069503699,2427.806515474736,2840.0772992608213,2840.0772992608213,4600.53937750562,3840.0,0.0,0.0,0.0,0.0,0.0,0.0,0,0,0
20260806,8.0,no_zone_coordinated,640,100000,7569589037,3089.0759675138333,32.37214010003209,0.18616163158040797,0.9852720668863859,12778.529566024867,2804.0040419455236,654.0,325.56912077532525,363.9656338593304,0.014727933113614035,488,0.7625,838,2963.32050956672,3089.0759675138333,125.75545794711343,6444.374967503228,2840.0772992608213,2840.0772992608213,4600.53937750562,3840.0,1818.7506892535812,192.22915026805455,1307.1638751851501,66.17944157637132,56.864860690068056,16.81602497229835,0,0,0
20260806,8.0,no_zone_windowed_cbs,640,100000,7569589037,2872.482926524337,34.8130876868252,0.2001987259447442,0.981706547480728,10927.994971214435,2638.948023244302,552.0000000000002,0.0,420.38104023033884,0.01829345251927197,479,0.7484375,851,2723.7474807775898,2872.482926524337,148.73544574674725,5043.840372692793,2942.0772992608213,2942.0772992608213,4600.53937750562,3840.0,1297.7092981381463,184.16615084555576,1098.3486489212498,163.44328441301815,400.8561566887638,46.42448423756832,320,1485,9
20260806,16.0,static_zone,640,100000,7569589037,2901.1224297361928,34.46941741410523,0.19822239016658627,0.8665731721861176,11671.739557188697,0.0,0.0,0.0,3096.700503195225,0.1334268278138824,0,0.0,0,2200.1093858997037,2901.1224297361928,701.013043836489,3328.0547146807494,4171.842421253975,4171.842421253975,4600.53937750562,3840.0,0.0,0.0,0.0,0.0,0.0,0.0,0,0,0
20260806,16.0,no_zone_coordinated,640,100000,7569589037,3515.681926309451,28.443983868863224,0.16357208480229996,0.9809172252755752,16389.399756161463,2418.282016110553,822.0000000000002,340.52253107800743,536.7117296199613,0.019082774724424822,451,0.7046875,725,3334.661372000045,3515.681926309451,181.02055430940572,7223.714913653517,4171.842421253975,4171.842421253975,4600.53937750562,3840.0,1467.1009794076144,205.416948297159,1451.060308765956,72.0786066496376,17.05186625858323,27.573306731602543,0,0,0
20260806,16.0,no_zone_windowed_cbs,640,100000,7569589037,3321.454462915682,30.107292186753842,0.17313722906903542,0.9772797185560096,14366.467413761035,2530.9138704520697,630.0,0.0,603.7150416067379,0.02272028144399039,421,0.6578125,747,3106.7925872027513,3321.454462915682,214.66187571293085,5902.782571253085,4231.842421253975,4231.842421253975,4600.53937750562,3840.0,1146.8258758334728,199.26087650069343,1140.4116574898298,237.10941893339393,414.93589594192906,22.37014575275043,320,1255,2
20260806,32.0,static_zone,640,100000,7569589037,3930.9787162757066,25.438957373633947,0.14629115640011245,0.8640393125313912,18731.621803185517,0.0,0.0,0.0,4275.668549514514,0.13596068746860876,0,0.0,0,2974.272784694335,3930.9787162757066,956.7059315813717,5095.910407847135,6817.855697669188,6817.855697669188,4600.53937750562,3840.0,0.0,0.0,0.0,0.0,0.0,0.0,0,0,0
20260806,32.0,no_zone_coordinated,640,100000,7569589037,4490.610092032768,22.268689098040333,0.12805997635120592,0.977499301329602,24221.393087152475,2100.0499101219725,1422.0,354.5634452654549,808.3349162166196,0.02250069867039798,437,0.6828125,685,4199.957589212052,4490.610092032768,290.6525028207161,9163.6816918141,6817.855697669188,6817.855697669188,4600.53937750562,3840.0,1357.7061308124867,222.25157188874414,1755.934768259874,92.04384167712817,58.35949550031546,35.75410198342405,0,0,0
20260806,32.0,no_zone_windowed_cbs,640,100000,7569589037,4276.595275645606,23.383087141652357,0.13446851645352126,0.9731679787761305,21357.06571056655,2399.1595554764854,1098.000000000001,0.0,917.9975616161828,0.02683202122386948,413,0.6453125,693,3953.4593880035654,4276.595275645606,323.13588764204087,7625.354315228173,6865.855697669188,6865.855697669188,4600.53937750562,3840.0,1093.737625584415,212.09116926531408,1457.85879018553,285.8286755070993,427.2054923674473,20.437802566680375,320,1038,2
20260806,64.0,static_zone,640,100000,7569589037,5987.502206401614,16.701455223362377,0.09604462802090705,0.8613785484588982,32819.508298051755,0.0,0.0,0.0,6639.969975655535,0.13862145154110186,0,0.0,0,4519.362530686589,5987.502206401614,1468.139675715025,8616.665367658976,12101.421465196385,12101.421465196385,4600.53937750562,3840.0,0.0,0.0,0.0,0.0,0.0,0.0,0,0,0
20260806,64.0,no_zone_coordinated,640,100000,7569589037,6448.860433453979,15.50661563107212,0.08917349477823941,0.959515908170235,38809.503399582456,1795.1973963176724,1902.0000000000002,457.0332303437611,2088.610063882312,0.040484091829765,413,0.6453125,618,5820.456285877893,6448.860433453979,628.404147576086,12704.660469189696,12101.421465196385,12101.421465196385,4600.53937750562,3840.0,1171.3934741478017,255.52505566229266,2058.789302545335,62.89780214287771,126.06520891396511,22.52655290540025,0,0,0
20260806,64.0,no_zone_windowed_cbs,640,100000,7569589037,6055.533139063964,16.513822598856677,0.09496561392397793,0.9687605170740843,34541.22561733587,2095.126324829379,1853.9999999999995,0.0,1513.3737928408445,0.03123948292591573,405,0.6328125,602,5577.3657851231565,6055.533139063964,478.1673539408075,10254.382686943101,12143.421465196385,12143.421465196385,4600.53937750562,3840.0,893.2841194694623,373.21099673023184,1901.7561549853326,232.63592572056183,456.93724511463756,91.30188280915208,320,775,1
20260807,4.0,static_zone,640,100000,7569589037,2003.537046293212,49.91172995029576,0.28702609879470276,0.9201267724109036,6307.525228985966,0.0,0.0,0.0,1280.2317638541099,0.07987322758909643,0,0.0,0,1701.3145793155402,2003.537046293212,302.22246697767173,1889.6809023684848,2208.9221633087404,2208.9221633087404,4600.53937750562,3840.0,0.0,0.0,0.0,0.0,0.0,0.0,0,0,0
20260807,4.0,no_zone_coordinated,640,100000,7569589037,3030.550625745822,32.997303905916404,0.18975674496336067,0.9732162258008953,10809.33182855977,3917.502954975204,666.0000000000008,427.67417565452337,649.3566692714521,0.026783774199104687,523,0.8171875,979,2853.5621744563805,3030.550625745822,176.9884512894414,5725.487501942293,2208.9221633087404,2208.9221633087404,4600.53937750562,3840.0,2743.024558156843,295.9541245453093,1335.6179748806155,127.5011410812393,47.874704137379155,33.53045217381873,0,0,0
20260807,4.0,no_zone_windowed_cbs,640,100000,7569589037,2723.128168206366,36.72247276773119,0.21117897750915643,0.9823208936869852,8836.122455828629,3668.021973496702,444.0,11.201759702489653,385.1397791174859,0.017679106313014854,491,0.7671875,930,2614.632681443557,2723.128168206366,108.49548676280892,4202.278129211149,2316.9221633087404,2316.9221633087404,4600.53937750562,3840.0,1956.7371695115396,321.1902261288736,1186.1717579428826,200.65595099433511,407.9509866111335,39.31588230793761,320,1563,19
20260807,8.0,static_zone,640,100000,7569589037,2242.272362308185,44.59761520543403,0.2564663561193033,0.9204508576233988,8070.672773788887,0.0,0.0,0.0,1426.9667471709727,0.07954914237660113,0,0.0,0,1898.3762985927924,2242.272362308185,343.89606371539276,2349.1956317760787,2860.7385710064023,2860.7385710064023,4600.53937750562,3840.0,0.0,0.0,0.0,0.0,0.0,0.0,0,0,0
20260807,8.0,no_zone_coordinated,640,100000,7569589037,3097.7565290668817,32.281426594272205,0.1856399677612582,0.9910492452443012,12659.739958449041,3185.4269809115244,756.0000000000003,274.52784379252364,221.81807187633967,0.00895075475569882,491,0.7671875,866,3033.4960764928214,3097.7565290668817,64.26045257406031,6182.262816436244,2860.7385710064023,2860.7385710064023,4600.53937750562,3840.0,1969.943973284951,290.023867420471,1506.0280535958323,140.54612876934735,26.309532548329344,8.575425292593991,0,0,0
20260807,8.0,no_zone_windowed_cbs,640,100000,7569589037,2814.112057906741,35.53518763370935,0.2043512874949133,0.9942504078592418,10664.959925210562,2791.957187966916,486.000000000001,0.0,129.4399725708281,0.005749592140758211,465,0.7265625,869,2770.7313249552117,2814.112057906741,43.38073295152935,4715.482783197757,2974.7385710064023,2974.7385710064023,4600.53937750562,3840.0,1232.3689980884753,198.77111416726194,1257.2393070862945,201.2308396623277,377.38966126537224,10.95726769718567,320,1472,12
20260807,16.0,static_zone,640,100000,7569589037,2699.699229656205,37.04116329015458,0.2130116628812148,0.9210580583564589,11452.098467402953,0.0,0.0,0.0,1704.9559923410634,0.07894194164354108,0,0.0,0,2275.929433359496,2699.699229656205,423.7697962967086,3201.3442274295057,4125.377119986726,4125.377119986726,4600.53937750562,3840.0,0.0,0.0,0.0,0.0,0.0,0.0,0,0,0
20260807,16.0,no_zone_coordinated,640,100000,7569589037,3527.1751846957463,28.35129948574584,0.16303908710953594,0.9896601379908948,16424.81974601905,2824.4644624961757,1026.0,235.81385401156183,291.7640375335541,0.010339862009105227,482,0.753125,827,3450.174117442461,3527.1751846957463,77.00106725328533,7148.065506045616,4125.377119986726,4125.377119986726,4600.53937750562,3840.0,1755.875905000189,316.54718635921495,1598.985015488205,109.67260507676716,63.385335387056344,5.998415184742953,0,0,0
20260807,16.0,no_zone_windowed_cbs,640,100000,7569589037,3273.3981186723313,30.54929353981524,0.17567903485612255,0.9927378264248408,14022.853716786944,2837.615972538906,696.0,0.0,190.1758825471843,0.007262173575159198,463,0.7234375,836,3218.8867454430474,3273.3981186723313,54.51137322928389,5664.0994768134915,4179.377119986726,4179.377119986726,4600.53937750562,3840.0,1334.18590523637,236.7005651430959,1380.0880587922481,115.51403414795175,443.403108635364,23.724300583876357,320,1376,6
20260807,32.0,static_zone,640,100000,7569589037,3603.699208778981,27.74926379992807,0.1595769760104506,0.9219870760596696,18139.973394499793,0.0,0.0,0.0,2249.080898226428,0.07801292394033041,0,0.0,0,3021.45949637745,3603.699208778981,582.239712401531,4870.959761862316,6634.506816318734,6634.506816318734,4600.53937750562,3840.0,0.0,0.0,0.0,0.0,0.0,0.0,0,0,0
20260807,32.0,no_zone_coordinated,640,100000,7569589037,4427.301824721012,22.58712054408026,0.12989117185938448,0.98252003907445,23791.212742010634,2366.7646461469485,1656.0,200.785328890964,619.1125032139171,0.017479960925550028,460,0.71875,743,4266.772946263777,4427.301824721012,160.5288784572349,8866.199109373165,6634.506816318734,6634.506816318734,4600.53937750562,3840.0,1570.9336157459534,240.14724113567556,1996.8724555429171,115.64649746251615,58.46894844783708,40.69588781204956,0,0,0
20260807,32.0,no_zone_windowed_cbs,640,100000,7569589037,4136.355210400077,24.175873423193696,0.13902757208624275,0.9915945229958891,20529.62832434304,2276.5296725371227,1566.0000000000005,0.0,278.1443088148153,0.008405477004110842,431,0.6734375,746,4044.475163443441,4136.355210400077,91.8800469566363,7092.614691705571,6718.506816318734,6718.506816318734,4600.53937750562,3840.0,1062.4120832792312,168.54308451490763,1834.4646740484206,301.60587703887285,412.2173977733372,63.28655588235358,320,1071,2
20260807,64.0,static_zone,640,100000,7569589037,5428.543036986338,18.421148974719213,0.10593402654636637,0.9191480379440781,31476.53807322221,0.0,0.0,0.0,3511.2668451628706,0.08085196205592197,0,0.0,0,4506.696626562973,5428.543036986338,921.8464104233653,8192.107997773219,11642.215037724494,11642.215037724494,4600.53937750562,3840.0,0.0,0.0,0.0,0.0,0.0,0.0,0,0,0
20260807,64.0,no_zone_coordinated,640,100000,7569589037,6147.394206118514,16.267055055696574,0.09354653417473004,0.9864471149490157,37660.55574388324,1960.5963181736086,2147.9999999999995,450.9427930767536,666.519416308889,0.013552885050984302,421,0.6578125,652,5969.670402392376,6147.394206118514,177.7238037261386,12228.125668434259,11642.215037724494,11642.215037724494,4600.53937750562,3840.0,1618.0721566723498,300.5413448182767,1999.2896842806058,108.94114279458299,80.34205789280372,1.4099317149893977,0,0,0
20260807,64.0,no_zone_windowed_cbs,640,100000,7569589037,5819.360658241461,17.18401829217761,0.09881969102117495,0.9962281996430643,33597.776852759955,2258.9733028029714,2082.0000000000005,0.0,175.59573286314117,0.003771800356935688,411,0.6421875,658,5738.735998504482,5819.360658241461,80.62465973697908,10061.346777310962,11768.215037724494,11768.215037724494,4600.53937750562,3840.0,1264.8115012605497,249.55775532699016,2087.0497214663314,295.29036294601514,383.19101048562777,61.07295131745792,320,782,1
20260808,4.0,static_zone,640,100000,7569589037,2154.6990536199046,46.410193494074974,0.2668899033589339,0.8533507911910473,6269.17375997555,0.0,0.0,0.0,2527.879291478066,0.14664920880895274,0,0.0,0,1650.695541859688,2154.6990536199046,504.0035117602165,1971.594651755021,2148.789554110264,2148.789554110264,4600.53937750562,3840.0,0.0,0.0,0.0,0.0,0.0,0.0,0,0,0
20260808,4.0,no_zone_coordinated,640,100000,7569589037,3033.068650114518,32.96990986215375,0.1895992107420617,0.9663887149717263,10673.794507244245,4009.0334907766905,672.0000000000003,325.6191461150153,815.5626792745643,0.03361128502827374,522,0.815625,941,2840.418013036429,3033.068650114518,192.65063707808895,5704.215399023719,2148.789554110264,2148.789554110264,4600.53937750562,3840.0,2748.1041582229277,342.5217554361528,1306.6326182761782,183.57658068331608,64.23026287025732,35.96811528785895,0,0,0
20260808,4.0,no_zone_windowed_cbs,640,100000,7569589037,2777.9419292093453,35.99787272315728,0.20701203871165066,0.9662015456494512,8907.781468214629,3744.7675831780207,360.00000000000074,19.325856913632244,751.1211478628611,0.03379845435054884,475,0.7421875,903,2592.8380067991347,2777.9419292093453,185.10392241021054,4310.202359994101,2298.789554110264,2298.789554110264,4600.53937750562,3840.0,2225.9189013868477,311.48709849999597,936.4510671753553,184.98693630548047,388.05445441943425,57.86912539090764,321,1596,11
20260808,8.0,static_zone,640,100000,7569589037,2412.771926346741,41.446105580071695,0.2383430509567191,0.8539241430988768,8042.054220083715,0.0,0.0,0.0,2819.5818131845917,0.1460758569011232,0,0.0,0,1849.9290605476353,2412.771926346741,562.8428657991058,2432.873641750079,2804.590289166817,2804.590289166817,4600.53937750562,3840.0,0.0,0.0,0.0,0.0,0.0,0.0,0,0,0
20260808,8.0,no_zone_coordinated,640,100000,7569589037,3066.14352280317,32.61425933140164,0.18755398040286692,0.968337964074279,12214.382314606695,2928.583598986411,696.0000000000002,169.00012034734328,776.6427709792879,0.03166203592572109,502,0.784375,858,2866.42856144065,3066.14352280317,199.71496136252017,5909.201736273055,2804.590289166817,2804.590289166817,4600.53937750562,3840.0,1843.1067386230998,215.9160485387503,1368.2152465384856,157.1721722765574,25.431843724626447,14.741549284891505,0,0,0
20260808,8.0,no_zone_windowed_cbs,640,100000,7569589037,2933.1444309337003,34.0931046372535,0.1960583379813802,0.9571160320176043,10698.05695277506,2876.28014227769,444.00000000000045,0.0,1006.2789749112235,0.04288396798239566,444,0.69375,810,2688.3817093895545,2933.1444309337003,244.76272154414573,4776.876374441426,2960.590289166817,2960.590289166817,4600.53937750562,3840.0,1390.9215723467858,215.96991597537996,1144.6147519972742,169.70354745428008,384.7719221614316,14.298432342538945,321,1108,10
20260808,16.0,static_zone,640,100000,7569589037,2907.0606263847817,34.39900740025499,0.19781748511497543,0.8548097223778764,11439.330118299426,0.0,0.0,0.0,3376.6155152732063,0.14519027762212353,0,0.0,0,2232.151808620178,2907.0606263847817,674.9088177646036,3288.4237443871893,4075.4531869561165,4075.4531869561165,4600.53937750562,3840.0,0.0,0.0,0.0,0.0,0.0,0.0,0,0,0
20260808,16.0,no_zone_coordinated,640,100000,7569589037,3467.93083140598,28.835638558413137,0.16582436332937392,0.9821278117190809,16093.828730833471,2493.530421309968,840.0000000000008,219.71201948604056,495.8361021127348,0.01787218828091906,478,0.746875,780,3342.1280672039316,3467.93083140598,125.80276420204837,7102.922356921234,4075.4531869561165,4075.4531869561165,4600.53937750562,3840.0,1450.3766678162908,257.9617318335993,1439.0987689084059,114.61397664557089,47.37651234807812,24.102763758023684,0,0,0
20260808,16.0,no_zone_windowed_cbs,640,100000,7569589037,3349.785366483669,29.852658919747995,0.17167291610443128,0.9677215648303833,14154.803344374577,2623.933571715756,714.0000000000001,0.0,865.0066382733894,0.032278435169616655,433,0.6765625,781,3133.629241619393,3349.785366483669,216.15612486427608,5871.896970462344,4141.453186956116,4141.453186956116,4600.53937750562,3840.0,1032.4232472426056,293.12218931899014,1411.114711934286,197.39094417281262,376.9488668730566,26.933612174004992,321,1088,2
20260808,32.0,static_zone,640,100000,7569589037,3885.738697361009,25.735132439017267,0.14799436271377658,0.8555801942952855,18155.94917984511,0.0,0.0,0.0,4489.421021537339,0.1444198057047145,0,0.0,0,2988.572153164117,3885.738697361009,897.1665441968921,4961.998902745057,6596.975138550024,6596.975138550024,4600.53937750562,3840.0,0.0,0.0,0.0,0.0,0.0,0.0,0,0,0
20260808,32.0,no_zone_coordinated,640,100000,7569589037,4353.8920893563,22.967955555091507,0.13208122993999696,0.9818642455071905,23324.197975007213,2179.879806366176,1445.9999999999986,254.83061180537382,631.6889441660096,0.018135754492809488,437,0.6828125,701,4191.446195810175,4353.8920893563,162.44589354612526,8684.24769790716,6596.975138550024,6596.975138550024,4600.53937750562,3840.0,1232.5309132843968,292.67609705576683,1854.2917763303371,112.42844435933547,77.7174368478536,56.23513848848506,0,0,0
20260808,32.0,no_zone_windowed_cbs,640,100000,7569589037,4185.703920854628,23.89084414255039,0.1373884615495657,0.9770695645571171,20593.571933713327,2399.679947296634,1284.0000000000002,0.0,767.8401083214303,0.022930435442882875,426,0.665625,708,3990.467160353356,4185.703920854628,195.23676050127233,7267.621656613278,6662.975138550024,6662.975138550024,4600.53937750562,3840.0,1093.6179669981861,162.39432923215486,1813.8251918915757,259.3408697697665,289.2110763045471,65.29051310040381,321,810,1
20260808,64.0,static_zone,640,100000,7569589037,5837.865968447419,17.12954708800809,0.09850644487152253,0.8562230218243769,31547.582546572306,0.0,0.0,0.0,6714.805823501418,0.14377697817562307,0,0.0,0,4495.868501577388,5837.865968447419,1341.9974668700306,8290.470897471656,11628.555824550329,11628.555824550329,4600.53937750562,3840.0,0.0,0.0,0.0,0.0,0.0,0.0,0,0,0
20260808,64.0,no_zone_coordinated,640,100000,7569589037,6197.071662735665,16.13665380074942,0.09279663903940441,0.9783957676997657,37413.30761761107,2005.9038054849232,2058.000000000001,645.7586950201819,1071.0638062635262,0.02160423230023434,422,0.659375,639,5929.731942971096,6197.071662735665,267.33971976456905,12098.195968510414,11628.555824550329,11628.555824550329,4600.53937750562,3840.0,1450.629836043143,223.76245403429766,2160.1144762069807,92.26643140389925,85.02085622890854,52.10975156769439,0,0,0
20260808,64.0,no_zone_windowed_cbs,640,100000,7569589037,5895.139962915931,16.963125664371283,0.09754940948064533,0.9753181928910928,33526.809138848614,2115.749527415606,1914.0,0.0,1164.021659557613,0.024681807108907244,390,0.609375,616,5597.266999952988,5895.139962915931,297.87296296294335,10029.697489747954,11748.555824550329,11748.555824550329,4600.53937750562,3840.0,1023.5183789956741,278.2205627178312,1988.891186133731,186.8374451655949,460.2882942749454,91.9936601278296,321,632,0
20260809,4.0,static_zone,640,100000,7569589037,2050.1289182124046,48.777420342518894,0.28050305377362733,0.8992806844353646,6308.591316500657,0.0,0.0,0.0,1651.9006516929585,0.10071931556463541,0,0.0,0,1565.2842747891234,2050.1289182124046,484.84464342328124,1941.7436482613978,2183.42383411963,2183.42383411963,4600.53937750562,3840.0,0.0,0.0,0.0,0.0,0.0,0.0,0,0,0
20260809,4.0,no_zone_coordinated,640,100000,7569589037,3009.384052952066,33.22939121110336,0.19109140344652537,0.9778647994971158,10569.195668954788,4038.0888259533626,540.0000000000003,494.3419959845455,532.906555218211,0.022135200502884235,519,0.8109375,958,2868.69548465894,3009.384052952066,140.68856829312608,5662.348000715531,2183.42383411963,2183.42383411963,4600.53937750562,3840.0,2821.920980559612,419.73339654206643,1107.571587752521,120.50508912449912,84.17294522527621,24.184826749388108,0,0,0
20260809,4.0,no_zone_windowed_cbs,640,100000,7569589037,2722.580692862476,36.729857176376896,0.2112214428375991,0.9777623877718193,8793.652414189644,3603.112870374361,450.0000000000007,8.991331167726912,484.3495496624564,0.022237612228180617,471,0.7359375,963,2590.701132949124,2722.580692862476,131.8795599133523,4174.804745950384,2309.42383411963,2309.42383411963,4600.53937750562,3840.0,2110.5834898757807,292.70672082218107,1028.9372467653297,241.7673936179524,328.1898595698822,50.92815972323592,321,1743,20
20260809,8.0,static_zone,640,100000,7569589037,2282.4660203710314,43.81226231080727,0.2519500474730928,0.9059152070423429,8101.226041786662,0.0,0.0,0.0,1717.9627436759693,0.09408479295765715,0,0.0,0,1738.9137332744197,2282.4660203710314,543.5522870966117,2416.7929601542132,2842.2165408162195,2842.2165408162195,4600.53937750562,3840.0,0.0,0.0,0.0,0.0,0.0,0.0,0,0,0
20260809,8.0,no_zone_coordinated,640,100000,7569589037,3160.4144285600246,31.64141990250401,0.18195949777707485,0.9588173671802956,12520.592182532457,2867.737651080381,666.0000000000005,413.2127216058686,1041.233495755867,0.04118263281970439,470,0.734375,830,2905.671307398997,3160.4144285600246,254.74312116102737,6170.159100900028,2842.2165408162195,2842.2165408162195,4600.53937750562,3840.0,1801.2851051497048,260.353479047346,1239.048893109542,170.48899604518616,54.281568194645274,8.279609533957228,0,0,0
20260809,8.0,no_zone_windowed_cbs,640,100000,7569589037,2981.7151162866194,33.53774458659163,0.1928646432541759,0.9543644706329448,10811.301372462385,3003.302998297038,510.00000000000034,0.0,1088.5771820279224,0.04563552936705516,472,0.7375,924,2721.2339995065386,2981.7151162866194,260.4811167800808,4826.868290829946,2992.2165408162195,2992.2165408162195,4600.53937750562,3840.0,1324.8945979020118,291.6476049079492,1203.088163789033,229.38913400836375,448.2315967197895,16.051900969890937,321,1714,9
20260809,16.0,static_zone,640,100000,7569589037,2722.4811975054886,36.731199499789525,0.21122916210224565,0.9172258556941991,11536.501790441096,0.0,0.0,0.0,1802.8084120971907,0.08277414430580086,0,0.0,0,2068.8889410551606,2722.4811975054886,653.592256450328,3301.8477541694147,4117.32701813584,4117.32701813584,4600.53937750562,3840.0,0.0,0.0,0.0,0.0,0.0,0.0,0,0,0
20260809,16.0,no_zone_coordinated,640,100000,7569589037,3572.3843333267473,27.992508831454874,0.16097579894285263,0.9579340447402898,16147.982787131998,2494.6560950442895,924.0000000000008,293.69033064236476,1202.2060762897017,0.042065955259710235,457,0.7140625,785,3271.760941960884,3572.3843333267473,300.6233913658634,6989.32875086031,4117.32701813584,4117.32701813584,4600.53937750562,3840.0,1447.5795505809156,283.5609610084345,1509.0114798083564,91.74729675481574,79.71823692297221,7.038569968795912,0,0,0
20260809,16.0,no_zone_windowed_cbs,640,100000,7569589037,3388.7626045050706,29.509296362943374,0.16969834990025545,0.9592996738736141,14314.403383924791,2537.7681292640846,713.9999999999998,0.0,1103.389945346058,0.040700326126385904,448,0.7,816,3121.2632291777527,3388.7626045050706,267.4993753273179,5863.749347653111,4225.32701813584,4225.32701813584,4600.53937750562,3840.0,1084.4082122197058,294.30696508323354,1136.7490076180948,268.32266903927945,444.35425103503,23.62702426874057,321,1224,6
20260809,32.0,static_zone,640,100000,7569589037,3620.2822181125794,27.62215594676335,0.15884602015585744,0.9243198048537355,18329.84904938452,0.0,0.0,0.0,2191.869318010489,0.07568019514626446,0,0.0,0,2719.260767027314,3620.2822181125794,901.0214510852652,5037.528276776159,6646.160386304174,6646.160386304174,4600.53937750562,3840.0,0.0,0.0,0.0,0.0,0.0,0.0,0,0,0
20260809,32.0,no_zone_coordinated,640,100000,7569589037,4513.852680929676,22.15402386136446,0.1274005739305081,0.9532619144983866,23412.959038813984,2009.7385991875287,1266.0000000000002,559.8337715864523,1687.7506603438233,0.04673808550161336,449,0.7015625,696,4099.672343034276,4513.852680929676,414.18033789540004,8854.638266205615,6646.160386304174,6646.160386304174,4600.53937750562,3840.0,1219.0746736278934,211.80686211502595,1632.0853135219038,113.55386418469205,81.50414066151734,17.713745076496423,0,0,0
20260809,32.0,no_zone_windowed_cbs,640,100000,7569589037,4326.001277032252,23.116035709680272,0.1329327906677627,0.9527439422796609,20888.64239044346,2425.390319943337,1218.0000000000002,0.0,1635.4381283655748,0.047256057720339126,425,0.6640625,737,3895.037129334346,4326.001277032252,430.9641476979059,7380.32161783511,6754.160386304174,6754.160386304174,4600.53937750562,3840.0,994.7498365010692,258.2298754758064,1534.086913200529,319.7333824210789,472.7422707351361,63.8480416097176,321,958,5
20260809,64.0,static_zone,640,100000,7569589037,5528.026877357123,18.08963708364035,0.10402760966009177,0.9116577534704626,31876.809135580228,0.0,0.0,0.0,3906.8665057711332,0.08834224652953737,0,0.0,0,4015.3545705420293,5528.026877357123,1512.672306815094,8488.92647653568,11693.941329522275,11693.941329522275,4600.53937750562,3840.0,0.0,0.0,0.0,0.0,0.0,0.0,0,0,0
20260809,64.0,no_zone_coordinated,640,100000,7569589037,6431.972585593407,15.547329947267508,0.08940762954684559,0.9498449948848899,37673.970405858476,2001.6580276390607,1920.0000000000002,758.8479302986243,2580.7649434454797,0.050155005115110056,428,0.66875,657,5796.560502454641,6431.972585593407,635.4120831387654,12366.087746813906,11693.941329522275,11693.941329522275,4600.53937750562,3840.0,1352.6180854475438,284.54038677635947,1973.1589639052363,164.24406486243566,85.90669423952949,61.189832407956146,0,0,0
20260809,64.0,no_zone_windowed_cbs,640,100000,7569589037,6150.36081797734,16.25920868052207,0.09350141222727873,0.9450248559704022,33894.24918124114,2159.683599350849,1992.0000000000005,11.478611302713034,2704.9357744183944,0.054975144029597814,403,0.6296875,649,5436.617707008467,6150.36081797734,713.7431109688732,10290.366522196586,11801.941329522275,11801.941329522275,4600.53937750562,3840.0,1097.711950812056,273.41949200416684,1924.421975262335,229.53859542499663,560.6920582878895,65.8995275594051,321,792,1
20260810,4.0,static_zone,640,100000,7569589037,2040.6946061197905,49.00292268138132,0.2817998442606976,0.9094366433865865,6406.5202446279345,0.0,0.0,0.0,1478.4972268247675,0.09056335661341347,0,0.0,0,1675.664985431933,2040.6946061197905,365.02962068785746,1921.7735006572746,2242.373371985326,2242.373371985326,4600.53937750562,3840.0,0.0,0.0,0.0,0.0,0.0,0.0,0,0,0
20260810,4.0,no_zone_coordinated,640,100000,7569589037,3097.812328755296,32.28084512149259,0.1856366239007336,0.9711977205259709,11049.4649376236,4015.246889123606,486.0000000000004,563.4549741823201,713.7924516072235,0.028802279474029094,521,0.8140625,955,2892.5396721568723,3097.812328755296,205.27265659842396,6078.718193652952,2242.373371985326,2242.373371985326,4600.53937750562,3840.0,2811.5986249062885,317.67177585850266,1070.6011741747186,229.40841741139212,50.58577373668143,21.38112303602327,0,0,0
20260810,4.0,no_zone_windowed_cbs,640,100000,7569589037,2795.5192679245833,35.77152951417174,0.20571041265443946,0.9716913750394547,9387.138804148171,3447.3775095376313,456.00000000000034,0.0,633.0984522052422,0.028308624960545332,495,0.7734375,940,2634.7972685037626,2795.5192679245833,160.7219994208208,4710.392060177521,2338.373371985326,2338.373371985326,4600.53937750562,3840.0,1988.526924486612,311.358730215734,1012.8756946167321,167.9308498078602,405.6964268403663,16.98888357032729,321,1967,8
20260810,8.0,static_zone,640,100000,7569589037,2293.4643699997387,43.60215981903891,0.2507418164897273,0.9101140630143216,8257.974031766727,0.0,0.0,0.0,1649.20155072556,0.08988593698567836,0,0.0,0,1883.5577707040068,2293.4643699997387,409.9065992957319,2405.6982106014652,2926.1379105826254,2926.1379105826254,4600.53937750562,3840.0,0.0,0.0,0.0,0.0,0.0,0.0,0,0,0
20260810,8.0,no_zone_coordinated,640,100000,7569589037,3184.29947228124,31.40408145354487,0.18059464167678388,0.9739925269419205,13190.452484141528,2752.0967352726384,702.0000000000005,428.7825194564437,662.5246618736892,0.02600747305807951,483,0.7546875,830,3011.052264373578,3184.29947228124,173.24720790766196,6636.176662976278,2926.1379105826254,2926.1379105826254,4600.53937750562,3840.0,1755.05815206913,209.25558413033593,1284.3778065116558,143.46135576730165,52.11377325414941,9.830063540066135,0,0,0
20260810,8.0,no_zone_windowed_cbs,640,100000,7569589037,3007.2369815089464,33.25311593827994,0.19122783662352075,0.9662637948395439,11401.074639464303,2828.6597249072797,576.0000000000003,0.0,811.6221101943702,0.03373620516045601,486,0.759375,886,2811.7505077546225,3007.2369815089464,195.48647375432392,5272.798818299051,3064.1379105826254,3064.1379105826254,4600.53937750562,3840.0,1545.1060429420072,205.46441889681165,1009.081024600268,187.99391270492308,432.20639400898625,24.807931754283942,321,1342,15
20260810,16.0,static_zone,640,100000,7569589037,2779.4101948351026,35.978856300457956,0.20690268145984128,0.9112497897595452,11821.356268086573,0.0,0.0,0.0,1973.3859130886303,0.0887502102404548,0,0.0,0,2284.6941418361102,2779.4101948351026,494.7160529989924,3310.2019000906757,4255.57718399795,4255.57718399795,4600.53937750562,3840.0,0.0,0.0,0.0,0.0,0.0,0.0,0,0,0
20260810,16.0,no_zone_coordinated,640,100000,7569589037,3602.7038379783035,27.75693048810698,0.15962106463652811,0.9673340295500172,16741.918621240668,2390.9916172185854,888.0,306.6945509700435,941.4865368915089,0.03266597044998273,455,0.7109375,763,3377.587033374174,3602.7038379783035,225.11680460412936,7342.764253244771,4255.57718399795,4255.57718399795,4600.53937750562,3840.0,1458.953993902246,231.44485800188448,1399.1356360347631,133.23423222355763,45.54532255853898,10.677574497594833,0,0,0
20260810,16.0,no_zone_windowed_cbs,640,100000,7569589037,3417.866257878067,29.25802019593463,0.16825334252406496,0.9710613484066531,14864.404821181777,2604.7183377020237,642.0000000000002,0.0,791.267526635118,0.028938651593346906,440,0.6875,777,3233.7995071841206,3417.866257878067,184.06675069394623,6197.250453185879,4333.57718399795,4333.57718399795,4600.53937750562,3840.0,1192.817141276943,181.08318712493812,1161.7580386458226,220.65787242301084,463.46140752506096,26.940690706248574,321,1336,4
20260810,32.0,static_zone,640,100000,7569589037,3742.2169344604517,26.722128019662193,0.1536702527565028,0.912377290538903,18873.970600668992,0.0,0.0,0.0,2623.225497509,0.08762270946109693,0,0.0,0,3077.085988368253,3742.2169344604517,665.1309460921989,5085.113424700394,6894.428587984296,6894.428587984296,4600.53937750562,3840.0,0.0,0.0,0.0,0.0,0.0,0.0,0,0,0
20260810,32.0,no_zone_coordinated,640,100000,7569589037,4554.594432372,21.955851719583457,0.12626095050327293,0.9639018175483529,24337.490781251825,1950.752396356979,1421.9999999999995,392.672257357407,1315.3006465041617,0.03609818245164704,448,0.7,701,4234.068164526031,4554.594432372,320.5262678459685,9126.633605283232,6894.428587984296,6894.428587984296,4600.53937750562,3840.0,1239.7232554907414,261.22976011211574,1717.1151451869678,103.12623514539715,32.94810473454867,18.60989568720811,0,0,0
20260810,32.0,no_zone_windowed_cbs,640,100000,7569589037,4330.266793408649,23.093265327719717,0.13280184561919972,0.970155110585117,21757.793700883754,2383.9106001900464,1026.0000000000005,0.0,1033.890668689768,0.029844889414882968,408,0.6375,696,4058.691734308244,4330.266793408649,271.57505910040527,7764.9365249151615,6996.428587984296,6996.428587984296,4600.53937750562,3840.0,964.6195102431421,237.66954760816196,1357.201807315006,281.44576363271705,520.5333004108655,48.440670980154124,321,1059,1
20260810,64.0,static_zone,640,100000,7569589037,5662.749099695615,17.659267299230194,0.1015526932350075,0.913441479891185,32940.17996552187,0.0,0.0,0.0,3921.2734545374187,0.08655852010881508,0,0.0,0,4656.39754987623,5662.749099695615,1006.3515498193847,8616.617035129095,12161.781465196385,12161.781465196385,4600.53937750562,3840.0,0.0,0.0,0.0,0.0,0.0,0.0,0,0,0
20260810,64.0,no_zone_coordinated,640,100000,7569589037,6435.912070297638,15.537813274595493,0.0893529022626329,0.9608231056836927,38676.886553643104,1635.1948587137776,1751.9999999999995,717.5633964618031,2017.1123760567789,0.039176894316307345,404,0.63125,615,5915.230215105646,6435.912070297638,520.6818551919923,12601.323623250328,12161.781465196385,12161.781465196385,4600.53937750562,3840.0,1035.649807430223,284.941100086436,1858.0309060990667,106.84901933483943,79.22856288312437,22.49546288008787,0,0,0
20260810,64.0,no_zone_windowed_cbs,640,100000,7569589037,6141.3593045790085,16.283040128500513,0.09363845912083847,0.9731607745745917,35216.97670403074,2132.723740743501,2022.0000000000005,0.0,1318.634614352195,0.026839225425408238,394,0.615625,641,5817.750855901457,6141.3593045790085,323.6084486775517,10725.413773637969,12245.781465196385,12245.781465196385,4600.53937750562,3840.0,997.8775143162507,290.5166970439883,1941.7955721970225,286.8570672172528,540.8375235361951,96.83936643279193,321,754,1
20260811,4.0,static_zone,640,100000,7569589037,1949.7990736498296,51.287335885748455,0.2949367603871786,0.9448239911118979,6297.196163551285,0.0,0.0,0.0,860.6570481417311,0.05517600888810218,0,0.0,0,1688.2053252771282,1949.7990736498296,261.5937483727014,1932.895197301772,2182.150483124755,2182.150483124755,4600.53937750562,3840.0,0.0,0.0,0.0,0.0,0.0,0.0,0,0,0
20260811,4.0,no_zone_coordinated,640,100000,7569589037,3242.069170727939,30.844499217623753,0.17737666653764936,0.9266294558292508,11097.351697210055,4180.983086658463,678.0000000000008,314.7001700852214,1902.979034364147,0.07337054417074917,508,0.79375,933,2770.918351093512,3242.069170727939,471.1508196344271,6055.050730960552,2182.150483124755,2182.150483124755,4600.53937750562,3840.0,2848.0123956458565,347.4506686716929,1417.9921457739893,190.38114421220666,38.465702863597755,16.681029491121535,0,0,0
20260811,4.0,no_zone_windowed_cbs,640,100000,7569589037,2761.087276311675,36.21761646505515,0.20827571338360265,0.9561860020527948,8929.2815446123,3415.0831103244905,336.00000000000085,0.0,967.7941780509937,0.04381399794720523,456,0.7125,864,2495.016716843427,2761.087276311675,266.0705594682481,4300.980578362791,2314.150483124755,2314.150483124755,4600.53937750562,3840.0,2011.4229443168929,276.87163559033473,933.1941220345269,173.45282178629247,294.4706891772385,61.6708974192057,320,1207,20
20260811,8.0,static_zone,640,100000,7569589037,2186.1376824475874,45.74277311209446,0.2630517861731199,0.9456484314461929,8098.001985150191,0.0,0.0,0.0,950.5600969248881,0.05435156855380709,0,0.0,0,1885.7401939253873,2186.1376824475874,300.3974885222001,2404.856692119192,2846.5726465154985,2846.5726465154985,4600.53937750562,3840.0,0.0,0.0,0.0,0.0,0.0,0.0,0,0,0
20260811,8.0,no_zone_coordinated,640,100000,7569589037,3291.1863574347644,30.38418039564997,0.1747295229542776,0.9381079420492648,13000.645632026442,2805.255502589178,642.0000000000002,453.4639732686977,1629.5863740881723,0.0618920579507352,481,0.7515625,814,2889.2370338914943,3291.1863574347644,401.9493235432701,6665.50033899546,2846.5726465154985,2846.5726465154985,4600.53937750562,3840.0,1893.6195978504315,261.6111819229571,1137.9952909951442,99.29032468871172,48.40831061424032,6.330796517693216,0,0,0
20260811,8.0,no_zone_windowed_cbs,640,100000,7569589037,2961.2946920365353,33.76901335382741,0.19419459459224517,0.9509326254219413,10872.133547554231,2759.2609641110557,456.00000000000045,0.0,1162.423647121388,0.049067374578058646,442,0.690625,816,2658.499736320435,2961.2946920365353,302.79495571610005,4950.988254523235,2960.5726465154985,2960.5726465154985,4600.53937750562,3840.0,1322.8521761183904,204.63887771721576,1109.4537922128197,117.60972321567992,409.0822652575451,51.62412958940527,320,1498,9
20260811,16.0,static_zone,640,100000,7569589037,2640.3645389064786,37.873558187315886,0.21779849475874646,0.9464908839608825,11552.108353762867,0.0,0.0,0.0,1130.2685799833416,0.05350911603911749,0,0.0,0,2262.527191291395,2640.3645389064786,377.8373476150837,3281.7482744410077,4135.1800396609315,4135.1800396609315,4600.53937750562,3840.0,0.0,0.0,0.0,0.0,0.0,0.0,0,0,0
20260811,16.0,no_zone_coordinated,640,100000,7569589037,3581.8029548671307,27.91890041413782,0.16055250091487394,0.962852598836573,16484.38396102991,2434.1689527032663,684.0000000000003,230.89397767586266,1064.4373700223805,0.03714740116342701,465,0.7265625,752,3336.733457413627,3581.8029548671307,245.06949745350357,7530.023881708049,4135.1800396609315,4135.1800396609315,4600.53937750562,3840.0,1459.4246348577358,239.9928675557493,1284.3812508830642,64.94989333680499,41.13411418867008,28.286191881242303,0,0,0
20260811,16.0,no_zone_windowed_cbs,640,100000,7569589037,3349.4941356038926,29.85525454039066,0.17168784267315085,0.9637603670034595,14280.680555292096,2365.6576464466298,738.0000000000003,0.0,971.0755055867994,0.03623963299654056,415,0.6484375,706,3093.951721400914,3349.4941356038926,255.54241420297876,5842.320475970233,4219.1800396609315,4219.1800396609315,4600.53937750562,3840.0,960.5302740439795,198.2061871192156,1284.8927442439472,157.76131698761122,471.0179645036279,31.249159548248826,320,1363,1
20260811,32.0,static_zone,640,100000,7569589037,3539.028526801812,28.256341886672807,0.1624930168923748,0.9475269728427202,18386.060516930796,0.0,0.0,0.0,1485.6283199780737,0.05247302715727975,0,0.0,0,3007.120756341846,3539.028526801812,531.9077704599658,4999.896525801841,6693.081995564468,6693.081995564468,4600.53937750562,3840.0,0.0,0.0,0.0,0.0,0.0,0.0,0,0,0
20260811,32.0,no_zone_coordinated,640,100000,7569589037,4541.878014614271,22.017324040459226,0.1266144577942924,0.9615117367310889,23952.920772500576,2163.6772459534836,1224.0000000000002,379.4147468604569,1398.4719740940272,0.038488263268911124,439,0.6859375,667,4209.628760367696,4541.878014614271,332.2492542465752,9342.75678137163,6693.081995564468,6693.081995564468,4600.53937750562,3840.0,1360.9938491971302,292.55256412860166,1517.469154619001,126.38767415557697,50.93251454215738,39.34148931101652,0,0,0
20260811,32.0,no_zone_windowed_cbs,640,100000,7569589037,4247.775273833418,23.541735038575776,0.13538084882471454,0.9683949406982593,21032.199448241976,2247.45384947995,1188.0000000000002,0.0,1074.009515439786,0.03160505930174075,401,0.6265625,666,3964.2744461056523,4247.775273833418,283.50082772776614,7430.035457113038,6801.081995564468,6801.081995564468,4600.53937750562,3840.0,862.2544222244815,214.3490513658484,1613.3885430147373,296.0142140393439,389.66963905979026,59.77797977574866,320,931,1
20260811,64.0,static_zone,640,100000,7569589037,5330.786566939741,18.75895775309708,0.1078766547801094,0.9486155495614385,32014.396852832582,0.0,0.0,0.0,2191.3563051797173,0.05138445043856153,0,0.0,0,4492.019607675409,5330.786566939741,838.7669592643315,8417.409514855695,11798.49366898844,11798.49366898844,4600.53937750562,3840.0,0.0,0.0,0.0,0.0,0.0,0.0,0,0,0
20260811,64.0,no_zone_coordinated,640,100000,7569589037,6321.164151704318,15.819870770645611,0.09097492303425668,0.9697581536207909,38007.34466141607,1959.5574821019377,1746.0,632.5622909020688,1529.3094017088442,0.03024184637920909,430,0.671875,621,5960.322468034118,6321.164151704318,360.8416836701999,12664.357323439188,11798.49366898844,11798.49366898844,4600.53937750562,3840.0,1390.6855273275855,261.15613870967576,1839.0401565538755,82.14539574058574,71.62869963201041,60.901564138204776,0,0,0
20260811,64.0,no_zone_windowed_cbs,640,100000,7569589037,5917.210399121031,16.899855380308,0.09718556268907147,0.9826234277340724,34132.65469190803,2081.922450650396,1860.0,0.0,822.5666729041986,0.017376572265927592,376,0.5875,579,5704.04957789859,5917.210399121031,213.16082122244097,10343.667353931149,11894.49366898844,11894.49366898844,4600.53937750562,3840.0,1074.3648424027965,187.8570467265433,1917.6247611439098,343.56905604332894,311.29953926668634,107.20720506713133,320,679,0
20260812,4.0,static_zone,640,100000,7569589037,2011.5368679091773,49.71323250164515,0.2858846046336384,0.9067201151515931,6150.668146512653,0.0,0.0,0.0,1501.0874192551455,0.09327988484840692,0,0.0,0,1534.46187608379,2011.5368679091773,477.0749918253873,1910.1873473551473,2120.240399578755,2120.240399578755,4600.53937750562,3840.0,0.0,0.0,0.0,0.0,0.0,0.0,0,0,0
20260812,4.0,no_zone_coordinated,640,100000,7569589037,2932.7762672986196,34.09738448685348,0.19608295000214843,0.9950369899506595,10653.217005164632,3890.5772802959705,576.0000000000005,361.4332907261689,116.44318469656355,0.004963010049340525,502,0.784375,898,2871.07624645009,2932.7762672986196,61.700020848529675,5836.736206007131,2120.240399578755,2120.240399578755,4600.53937750562,3840.0,2696.7971155677246,262.8553957955876,1243.8319842489082,143.06743039234428,87.09938189263877,32.92597239876724,0,0,0
20260812,4.0,no_zone_windowed_cbs,640,100000,7569589037,2683.226503607074,37.26856449337003,0.21431937311857074,0.9924796650838738,9036.883576411401,3358.9589792359675,468.0000000000007,0.0,161.43009570361392,0.007520334916126289,460,0.71875,840,2613.9815572944626,2683.226503607074,69.24494631261132,4484.402777253891,2276.240399578755,2276.240399578755,4600.53937750562,3840.0,2041.41514802679,275.936968361187,873.6179769438337,255.2631013511395,361.42754776370145,19.298236789316775,320,1155,20
20260812,8.0,static_zone,640,100000,7569589037,2249.9547381124557,44.445338524406296,0.2555906625351234,0.9116050240709482,7968.020968058775,0.0,0.0,0.0,1591.0775593352519,0.08839497592905177,0,0.0,0,1732.2635963426321,2249.9547381124557,517.6911417698236,2389.5630677912845,2789.228950133746,2789.228950133746,4600.53937750562,3840.0,0.0,0.0,0.0,0.0,0.0,0.0,0,0,0
20260812,8.0,no_zone_coordinated,640,100000,7569589037,3035.1638830677766,32.94715008895187,0.18946832670101366,0.9916540044903026,12517.262979389108,2778.904159434319,744.0000000000001,341.952835098926,202.65171311423546,0.008345995509697415,485,0.7578125,791,2960.4462839528005,3035.1638830677766,74.71759911497611,6194.805079121627,2789.228950133746,2789.228950133746,4600.53937750562,3840.0,1760.1555176894296,287.957950639908,1321.209131087279,99.2020979099357,35.016434179889444,19.36302792787735,0,0,0
20260812,8.0,no_zone_windowed_cbs,640,100000,7569589037,2795.60455494493,35.77043821277143,0.2057041369356084,0.9897488789544348,10748.173796667383,2460.858619880251,486.00000000000017,0.0,229.2646455061913,0.010251121045565203,449,0.7015625,781,2719.3946663906836,2795.60455494493,76.20988855424639,4917.71589639989,2915.228950133746,2915.228950133746,4600.53937750562,3840.0,1204.8032733024575,162.45024515677883,940.3624033957651,182.53343476625176,422.94137354221715,33.76788971678084,320,1503,11
20260812,16.0,static_zone,640,100000,7569589037,2711.5774821958485,36.87890191469636,0.21207855057216007,0.9174737044933562,11461.86892338232,0.0,0.0,0.0,1790.2115566788452,0.08252629550664377,0,0.0,0,2113.116387404424,2711.5774821958485,598.4610947914243,3285.8052145182473,4088.031854432037,4088.031854432037,4600.53937750562,3840.0,0.0,0.0,0.0,0.0,0.0,0.0,0,0,0
20260812,16.0,no_zone_coordinated,640,100000,7569589037,3448.648954953304,28.99686262829672,0.16675151043200032,0.9893804886383948,16336.353189017691,2189.945665683624,984.0000000000007,329.36967334497433,292.983734074518,0.01061951136160527,436,0.68125,716,3341.775295277526,3448.648954953304,106.87365967577807,7176.289480153621,4088.031854432037,4088.031854432037,4600.53937750562,3840.0,1343.1236558781122,289.5167228081457,1390.8616409929127,99.45581304736322,38.12534837959794,12.862484577493092,0,0,0
20260812,16.0,no_zone_windowed_cbs,640,100000,7569589037,3240.416614037746,30.860229381244356,0.1774671255840882,0.9926063474158366,14109.796011756425,2563.3294056627524,618.0000000000007,0.0,191.66811737716853,0.00739365258416336,429,0.6703125,766,3174.3851265018234,3240.416614037746,66.03148753592268,5801.732302892351,4154.031854432037,4154.031854432037,4600.53937750562,3840.0,1172.7530078904674,202.0386012269387,1187.9026417168473,197.6360312088754,392.1953326855311,28.80379093409306,320,1347,6
20260812,32.0,static_zone,640,100000,7569589037,3654.525474747296,27.363333677928413,0.1573576176064193,0.9170679063232237,18371.04482834548,0.0,0.0,0.0,2424.6195921272665,0.08293209367677636,0,0.0,0,2867.889729949904,3654.525474747296,786.6357447973919,5041.622538558954,6664.711144893256,6664.711144893256,4600.53937750562,3840.0,0.0,0.0,0.0,0.0,0.0,0.0,0,0,0
20260812,32.0,no_zone_coordinated,640,100000,7569589037,4330.997729554346,23.089367911141775,0.1327794328461532,0.9913569210225687,23475.498747899685,2091.580046825694,1296.0,340.898420782844,299.4652434209129,0.008643078977431358,432,0.675,653,4211.119638179288,4330.997729554346,119.87809137505792,8850.076458113168,6664.711144893256,6664.711144893256,4600.53937750562,3840.0,1256.3967445392227,205.07645026195775,1772.5133093821673,59.742729104275696,63.45792017290739,30.392893365163218,0,0,0
20260812,32.0,no_zone_windowed_cbs,640,100000,7569589037,4180.646840751856,23.9197434773074,0.1375546522089824,0.9870155750597635,21077.60020004096,2268.7687876252107,1224.0000000000007,0.0,434.26636084303755,0.012984424940236586,415,0.6484375,680,4043.762565666711,4180.646840751856,136.88427508514496,7592.177910254449,6742.711144893256,6742.711144893256,4600.53937750562,3840.0,1109.0696766549788,186.0333491981771,1455.407558948822,267.6304847181039,448.2797702603981,26.347947844731607,320,999,4
20260812,64.0,static_zone,640,100000,7569589037,5535.242603099702,18.066055486709942,0.1038919995785133,0.9165770619997043,32147.27184333214,0.0,0.0,0.0,3694.129603959853,0.08342293800029565,0,0.0,0,4373.93600773476,5535.242603099702,1161.306595364942,8532.006893051579,11807.632475140275,11807.632475140275,4600.53937750562,3840.0,0.0,0.0,0.0,0.0,0.0,0.0,0,0,0
20260812,64.0,no_zone_coordinated,640,100000,7569589037,6165.980861909733,16.218019847863737,0.09326454866908125,0.990060329320203,37850.76665239769,1978.3241291701502,1986.0,567.9141827218881,490.3025534825065,0.009939670679796953,410,0.640625,597,5997.636360157765,6165.980861909733,168.34450175196798,12249.50170211714,11807.632475140275,11807.632475140275,4600.53937750562,3840.0,1469.9751241845886,336.6271423459121,1973.7475658689773,121.59854713894069,54.47682467280356,7.898924958927921,0,0,0
20260812,64.0,no_zone_windowed_cbs,640,100000,7569589037,5935.24313811697,16.848509433048473,0.096890288873768,0.9882924521948248,34433.91284062328,2065.595744608104,1986.0000000000002,0.0,555.8971421987444,0.011707547805175293,397,0.6203125,595,5772.867190214858,5935.24313811697,162.37594790211188,10554.647890342727,11939.632475140275,11939.632475140275,4600.53937750562,3840.0,1034.1832810290296,305.17107426691314,1827.1214954778009,316.91895626073824,521.1269377494579,47.073999824164275,320,754,2
20260813,4.0,static_zone,640,100000,7569589037,2011.2284769438747,49.720855261533075,0.28592844064242556,0.9111171626208646,6219.178888857469,0.0,0.0,0.0,1430.1095491879078,0.08888283737913534,0,0.0,0,1618.915363126238,2011.2284769438747,392.3131138176368,1913.8631041948051,2152.657892331334,2152.657892331334,4600.53937750562,3840.0,0.0,0.0,0.0,0.0,0.0,0.0,0,0,0
20260813,4.0,no_zone_coordinated,640,100000,7569589037,3145.8303498425535,31.788109617864464,0.1828030625418132,0.9818175984063111,11350.762050977704,4395.616498583732,755.9999999999999,522.1348655417573,457.590006131617,0.01818240159368889,512,0.8,914,3045.5030092164347,3145.8303498425535,100.32734062611871,6289.44626631503,2152.657892331334,2152.657892331334,4600.53937750562,3840.0,3100.0859096006648,344.27161841503823,1423.9686452003468,153.23516865122372,90.67034045761268,39.38481625884543,0,0,0
20260813,4.0,no_zone_windowed_cbs,640,100000,7569589037,2689.1600979838663,37.186331923849615,0.21384648040083057,0.9787142098768725,8936.146042482751,3270.668184257169,408.00000000000057,0.0,457.9271796253888,0.021285790123127514,467,0.7296875,851,2563.804221770382,2689.1600979838663,125.35587621348441,4402.830257820082,2266.657892331334,2266.657892331334,4600.53937750562,3840.0,1663.1982674704711,321.81561671040566,1118.690914780138,158.11324903148517,372.27600589580084,44.57413036886882,320,1634,12
20260813,8.0,static_zone,640,100000,7569589037,2256.5778156452557,44.31489102954137,0.2548405014890945,0.9111139548077648,8007.45692604651,0.0,0.0,0.0,1604.6262216099167,0.0888860451922352,0,0.0,0,1815.8195262674417,2256.5778156452557,440.758289377814,2383.3541763064604,2812.0513748700273,2812.0513748700273,4600.53937750562,3840.0,0.0,0.0,0.0,0.0,0.0,0.0,0,0,0
20260813,8.0,no_zone_coordinated,640,100000,7569589037,3131.9449764910446,31.9290411391702,0.1836135138084367,0.9922254824893615,12976.043195429509,3117.0180193948804,588.0000000000002,327.16433110166275,194.79488849668633,0.007774517510638461,491,0.7671875,830,3072.956848399393,3131.9449764910446,58.98812809165156,6763.940445689464,2812.0513748700273,2812.0513748700273,4600.53937750562,3840.0,1954.2095789901925,252.37104702225287,1269.8147504483547,153.31537716349794,61.10477181491815,14.202493955664409,0,0,0
20260813,8.0,no_zone_windowed_cbs,640,100000,7569589037,2834.28896692002,35.2822175745434,0.2028965390967597,0.9946804212744507,10827.501193462133,2805.6533780685204,480.00000000000006,0.0,120.61778632389542,0.00531957872554933,453,0.7078125,839,2783.5774931397077,2834.28896692002,50.71147378031219,4939.398443722078,2944.0513748700273,2944.0513748700273,4600.53937750562,3840.0,1279.2730643884527,207.8028663931239,1132.4472912560473,229.45223571423273,402.7521767544923,33.92574356217129,320,1413,7
20260813,16.0,static_zone,640,100000,7569589037,2727.673404574766,36.66128057423708,0.2108270811394494,0.910784936306746,11434.051406904247,0.0,0.0,0.0,1946.796452188264,0.08921506369325409,0,0.0,0,2193.774407495682,2727.673404574766,533.898997079084,3254.330152917199,4089.8606269935244,4089.8606269935244,4600.53937750562,3840.0,0.0,0.0,0.0,0.0,0.0,0.0,0,0,0
20260813,16.0,no_zone_coordinated,640,100000,7569589037,3529.4824754458273,28.33276569459903,0.16293250531455397,0.9826784265394283,16389.268393463444,2521.4288021201687,834.0000000000007,395.533710667502,489.0895198098842,0.01732157346057175,459,0.7171875,751,3393.2981428527105,3529.4824754458273,136.18433259311678,7375.547139476392,4089.8606269935244,4089.8606269935244,4600.53937750562,3840.0,1396.028707122656,206.85600623561174,1535.2884017139345,151.62875561050043,37.15074753639527,28.476183901071607,0,0,0
20260813,16.0,no_zone_windowed_cbs,640,100000,7569589037,3300.7111047981057,30.29650182187535,0.17422531204026037,0.9866053646390037,14197.784011313046,2675.6708761200885,738.0,0.0,353.6945734460933,0.013394635360996237,443,0.6921875,778,3193.180879544883,3300.7111047981057,107.53022525322285,5778.062757325996,4209.860626993524,4209.860626993524,4600.53937750562,3840.0,1165.3055017914821,196.68003576291457,1392.4590177228667,215.187798228938,403.2652706132876,40.77325200059917,320,1290,1
20260813,32.0,static_zone,640,100000,7569589037,3661.155925326133,27.313777954183166,0.15707263878333066,0.9100085065829561,18212.92491028138,0.0,0.0,0.0,2635.783114822065,0.08999149341704393,0,0.0,0,2941.5682253333903,3661.155925326133,719.5876999927427,4961.118865089786,6625.903022595798,6625.903022595798,4600.53937750562,3840.0,0.0,0.0,0.0,0.0,0.0,0.0,0,0,0
20260813,32.0,no_zone_coordinated,640,100000,7569589037,4384.108347308928,22.809655254387682,0.13117089648142316,0.9853355028046007,23593.988230105737,2086.7868395473415,1482.0,437.2263748052268,514.3259565075059,0.014664497195399254,440,0.6875,684,4213.200777646472,4384.108347308928,170.9075696624568,8860.182184914127,6625.903022595798,6625.903022595798,4600.53937750562,3840.0,1336.5304799377373,246.38348472807414,1787.1777355901004,109.5086003852355,36.978951993324415,52.20758691286997,0,0,0
20260813,32.0,no_zone_windowed_cbs,640,100000,7569589037,4135.814230872426,24.179035715273308,0.13904575739778702,0.9827163023277645,20720.286247434226,2105.8309196801306,1248.0,0.0,571.8573023594254,0.01728369767223549,397,0.6203125,659,3978.4550677285865,4135.814230872426,157.35916314383985,7240.480202242628,6739.903022595798,6739.903022595798,4600.53937750562,3840.0,968.7081376731726,234.49103858131159,1578.1922326520398,232.33308830935397,319.4317401532281,20.674682311024412,320,853,0
20260813,64.0,static_zone,640,100000,7569589037,5523.688978470418,18.103843353557412,0.10410930529029291,0.9091346378480534,31733.67645471028,0.0,0.0,0.0,4015.2959955474435,0.09086536215194659,0,0.0,0,4427.291069154021,5523.688978470418,1096.397909316397,8356.542514373625,11688.56697016833,11688.56697016833,4600.53937750562,3840.0,0.0,0.0,0.0,0.0,0.0,0.0,0,0,0
20260813,64.0,no_zone_coordinated,640,100000,7569589037,6184.838316892266,16.168571412267347,0.09298018682518464,0.9851348665422758,37820.86041687233,1790.8553220411977,1938.0000000000002,690.9438427585736,735.5075759604006,0.014865133457724234,391,0.6109375,563,5941.547058767217,6184.838316892266,243.29125812504935,12505.72647653568,11688.56697016833,11688.56697016833,4600.53937750562,3840.0,1141.23096921927,398.2056140247742,1982.172751918791,87.63649853692658,81.01465231134716,38.59483603008903,0,0,0
20260813,64.0,no_zone_windowed_cbs,640,100000,7569589037,5859.810401081112,17.065398563330717,0.0981375476042885,0.9834733436214028,33531.94811802534,2141.9597048123005,1980.0000000000007,9.291424766447562,774.7445835391773,0.01652665637859716,391,0.6109375,587,5617.765420598292,5859.810401081112,242.0449804828204,9878.81417768868,11826.56697016833,11826.56697016833,4600.53937750562,3840.0,1056.0249678465152,210.58123269667283,2073.1676281788164,250.39567577198855,428.93767851962696,102.85252179868115,320,660,0
