seed,length_m,signature
20260804,32.0,149e14ea9217f8cbbbdd0d19585a5246361e6337010a68488ac5292684b72b14
20260804,16.0,acfb1d92badfb0288b87d00bebe304e46116db8e37b58398010569265907fb5b
20260804,8.0,d02a69fe39de66a8b2c4da34c9765645f5e68acde27e6c786d1b4c0b48cdd9d8
20260804,4.0,e04cff3eefd4dd8367f9ebbbbe886805a93e6dae3aeef3794d9436c84e697671
20260804,64.0,efbfc9c7a7c862c2c8bc608d81c961c24e8c84f407abad25b9a4f18937b7f6cd
20260805,4.0,be3512b5ffd60d9af2125092d005107da14282346ee51a1d632e88add9200a8e
20260805,16.0,3cdd4179f4ac9f1970b3817018c5352e46bb89372742117b3a17f11f354ed704
20260805,8.0,dfceb88e6a11b0a42d1aa49b222a16e42ee8f53541d2d7b76e30bd3fb5c5ed5e
20260805,32.0,fd8ca81f13c574dcb6c847fbca973c042d7b21715705a17ac2fd1c252c042c71
20260805,64.0,77b7cdb202d56202be8a1585f30d527dc1352595860448234d715d8c541ae419
20260806,8.0,00bd8beeface451d1f141d666ae5a4bd408668b873ddb58ae7dcd7626757cdae
20260806,4.0,09ba1747bd56d1f855549b1c0785b25542e01f097238c4ae9cbc64826c52ec03
20260806,16.0,e697883248190d190e5a34e9af418269fef058ebad3efeecf73a2dae38a293df
20260806,32.0,9485634623970e92870aaea65d4c6560ec2f9746cb1b0595a990888c2a43702d
20260806,64.0,9c98630aca29c98167150953587b9b4ad0df565dcf8d9affd4f779b534717a1a
20260807,4.0,70ed38552cd72a3f9d1d10d86384b045bd06e64b806108429b85899c4cd4dfb4
20260807,16.0,32b62ef106d8ae988dbb74f37341a1f64ca5f6e2ab8959ea5edcbfe351846d88
20260807,8.0,48b646a330fcef84fb856987181ba9de36a8fc764cd4f855cd33138a55c1515f
20260807,32.0,9d70d45ed986a4649ccb2585f34bb47a0ee9c203cc1bfae60d50ba085947c853
20260807,64.0,1b72bac4f40b88cf963b1292f855dc005de655a54f6f86c3dedeb158a90a2647
20260808,4.0,6ec7b3732adc9c45a320e452fb96cf1b33ef51f11d1255569f9f95c6b6c3cc4d
20260808,8.0,e6647cb28624de856ac09a5678d2cb378f8b4a2cba487922751f8e75e01bcbe0
20260808,16.0,0656e4bd296fe316910241c5baefb81389d048d48f650aa123f8ddc954972d33
20260808,32.0,1b3e3708a56cbac1bb68a344ca1e600c5d2909189d1e1765ff750c3481eb804a
20260808,64.0,3c3ee9f11278b7282f0c6c62b3adbc505c4bb4b2917df90962839d56e6c62931
20260809,4.0,26d444d8f1310f6d98f42a14bf6da87631c98f511745d4a0cae3af90160e38a5
20260809,8.0,b4358ed869b23706b0ed8c4d782da90cd8533b0ea79cb27d6ead38ce9fdbef4c
20260809,16.0,830bbae38a3a1da256dd2f6b7a021648298576f56802e2f0453da5fd14978a4a
20260809,32.0,a2a2c282d3dc2ac6db11d5c893b2154a7b6af4836e9904d665b561eb379c459f
20260809,64.0,bb6bf287bb4be92b49b05aff8800cf2e98c66c223eab94f91382816fd94dd460
20260810,4.0,55ad67ee5fcdd0b96e6a756961a3215423fc63a46d90d994569666cee9655914
20260810,8.0,517118b652bebd1827f66aabd35306bfb2872b594a4f09dd296dbc0f2742c562
20260810,16.0,e5063541e56e00f497bb4194798539028dc5fad4ada0c1487a77fa1b7edcb1ad
20260810,32.0,cb698c6c3a207fa5f5d7d8d5b0e736e42ee171f9c916bae6622e631194a9c5c1
20260810,64.0,dbd848ef37797d669e2538aad6736f9cd27640df4c55e680f90bce5a966c3328
20260811,4.0,bc1a8d41950f8b9d9c99736bb4cb4b374915a78b19907c8bfc66e9bbea54818d
20260811,8.0,5abddc1c35c4052936b6f2d14360e5ab4b1970596d81fa921e216d76bd31a3cb
20260811,16.0,3b4799a83ba616810c999a07e52cbffab31db2d976ae1ad885fef0b4fad2c51c
20260811,32.0,44d82d7da5b62febcff452d632b2370b0e4ca3ea1350576b5d2686e2db9f5581
20260811,64.0,70b8a8938403570746419895f0a88703f7a86d84cb98ce2c788577ffacc38297
20260812,4.0,5c1be0d44ef25e39d0d3924a55d7963dcb4399aa5ff131b78d3bb0f62881bf32
20260812,8.0,f7042bfc3103989baf74abd71ca813393d5e3e80fb829c4ca1732002dbda6bbd
20260812,16.0,49ae2592bf5d50bcf71e59bb296b26af7ab901236498e7160041e1d5c62056a8
20260812,32.0,64c65e4abbe0ebc307e6b28cc08cee77250e33c9bf76be5011eaf05ce163f122
20260812,64.0,d76c8fee027c1c412d40383ceaeed27847f79e59f2d8fa22787c035d9ef16324
20260813,4.0,ca57e2a40a7a2e1f5eb78f0e2ccf8f4be4f04fbd03a82e12dba32c800715748f
20260813,8.0,64cde0c0805ac006eb34f8773cdd7314dfa8fe8ee936129ac65755b64e5fb368
20260813,16.0,106201285cb245733d360337704ddbfe5701546b77b0af9b0ce12343e7a00714
20260813,32.0,acc3d9d1b4a2ea2e76355a5c39d8b6e51e5e70fc38848d1a68e2a88b09d707bb
20260813,64.0,ce44019fc89f673dad53d0e7cd4192a55660d29968d3d7ecd3f1a244b14a15b1
