pattern,load_fraction,mode,group_size,buffer_slots,runs,arrival_rate_req_s_mean,arrival_rate_req_s_sd,requests_mean,requests_sd,returned_mean,returned_sd,latency_mean_s_mean,latency_mean_s_sd,latency_p99_s_mean,latency_p99_s_sd,read_completion_span_s_mean,read_completion_span_s_sd,system_span_s_mean,system_span_s_sd,movement_s_mean,movement_s_sd,traffic_wait_s_mean,traffic_wait_s_sd,delivery_wait_s_mean,delivery_wait_s_sd,output_block_s_mean,output_block_s_sd,cross_zone_fetch_fraction_mean,cross_zone_fetch_fraction_sd,cross_zone_reader_fraction_mean,cross_zone_reader_fraction_sd,max_input_depth_mean,max_input_depth_sd,max_docked_shuttles_mean,max_docked_shuttles_sd,excluded_ready_work_idle_shuttle_s_mean,excluded_ready_work_idle_shuttle_s_sd,idle_reader_with_demand_s_mean,idle_reader_with_demand_s_sd,input_slot_occupancy_s_mean,input_slot_occupancy_s_sd,observed_read_throughput_req_s_mean,observed_read_throughput_req_s_sd,dispatch_queue_mean_s_mean,dispatch_queue_mean_s_sd,fetch_delivery_mean_s_mean,fetch_delivery_mean_s_sd,delivery_wait_mean_s_mean,delivery_wait_mean_s_sd,handoff_mean_s_mean,handoff_mean_s_sd,input_wait_mean_s_mean,input_wait_mean_s_sd,reader_service_mean_s_mean,reader_service_mean_s_sd
hotspot,0.65,fixed,1,0,3,0.24380262672254768,0.0,480,0.0,480,0.0,95.7635679955463,18.457609859105084,469.4506802118888,53.10484152670634,2132.9286409285596,34.62800759633753,2147.6953075952265,29.91588011931983,7802.302831461341,69.52241940701113,0.0,0.0,114.18054166994963,1.8434077629711747,0.0,0.0,0,0.0,0,0.0,0,0.0,1,0.0,6618.452010429762,244.04297047129953,4055.1935887197883,49.58628481349811,0.0,0.0,0.22508241809716634,0.003670685206746687,73.8193250040965,18.412433829379083,10.706366862970729,0.09476604116071018,0.23787612847906175,0.0038404328395232803,1.0000000000000002,1.2819751242557092e-16,0.0,0.0,10.0,0.0
hotspot,0.65,fixed,1,1,3,0.24380262672254768,0.0,480,0.0,480,0.0,99.61527345064624,18.49998605921904,492.9193099640706,39.64566163521142,2178.4235882052913,53.27338941214839,2193.306921538625,48.509629974958365,7955.4870813588705,101.95675356735845,0.0,0.0,0.0,0.0,100.51983675191966,23.878351672776574,0,0.0,0,0.0,1,0.0,1,0.0,6936.566256724998,380.08712554241225,4505.362219475012,75.46704547087498,614.8267545845677,12.030162378074023,0.22043165776864102,0.005449186410319248,77.49993086614501,18.433957401806477,10.834453512450043,0.12706431787089403,0.0,0.0,1.0000000000000002,1.2819751242557092e-16,0.2808890720511824,0.025062838287654373,10.0,0.0
hotspot,0.65,fixed,1,4,3,0.24380262672254768,0.0,480,0.0,480,0.0,99.61527345064624,18.49998605921904,492.9193099640706,39.64566163521142,2178.4235882052913,53.27338941214839,2193.306921538625,48.509629974958365,7955.4870813588705,101.95675356735845,0.0,0.0,0.0,0.0,100.51983675191966,23.878351672776574,0,0.0,0,0.0,1,0.0,1,0.0,6936.566256724998,380.08712554241225,4505.362219475012,75.46704547087498,614.8267545845677,12.030162378074023,0.22043165776864102,0.005449186410319248,77.49993086614501,18.433957401806477,10.834453512450043,0.12706431787089403,0.0,0.0,1.0000000000000002,1.2819751242557092e-16,0.2808890720511824,0.025062838287654373,10.0,0.0
hotspot,0.65,joint,2,0,3,0.24380262672254768,0.0,480,0.0,480,0.0,768.8558201096525,65.98107323613144,1770.4478281691058,123.14255323649908,3763.2032756390695,86.06130396532144,3775.5892131810238,87.3338509221587,10621.072527964636,160.1120988831562,12289.037589531748,289.5250872585418,901.8148059560023,44.73692974516974,927.1627631137534,37.875455382182246,0.50625,0.011023963796102421,0.013888888888888888,0.006696979695133996,0,0.0,2,0.0,4013.6130382979154,464.89855026247767,19235.022531149036,366.0097552710589,0.0,0.0,0.12759529754024662,0.002911688367717324,727.4289768051539,65.65711541806904,28.548062458757034,0.23573180245495162,1.8787808457416713,0.09320193696910363,0.9999999999999997,9.61481343191782e-16,0.0,0.0,9.999999999999998,0.0
hotspot,0.65,joint,2,1,3,0.24380262672254768,0.0,480,0.0,480,0.0,814.2643781082726,85.17516450140367,1878.5190197228858,193.58685026640444,3873.0987956946037,97.38866702891674,3886.568066569891,93.06954627842329,10874.334331463813,188.4116244248758,13374.482754849627,689.9231471910824,52.86440261197311,22.304449423630878,2594.294184218587,421.2072457352475,0.49097222222222225,0.038207068620774776,0.02708333333333333,0.007216878364870323,1,0.0,2,0.0,4395.1573523532215,601.0761746450304,18456.720093405613,581.7958454890314,1413.0188023788212,70.55743617450835,0.12398362236220413,0.0030932754758006783,771.3493294270874,84.29869881347416,29.861125337454432,1.1055425528929068,0.1101341721082773,0.04646760296589766,0.9999999999999989,1.2362920382602608e-15,1.9437891716225453,0.14699465869689393,9.999999999999998,1.0255800994045674e-15
hotspot,0.65,joint,2,4,3,0.24380262672254768,0.0,480,0.0,480,0.0,784.312998708087,60.040115570552494,1816.064471907418,82.51135829199713,3803.2002665189275,47.516212942964025,3815.344671837801,47.273055759903,10832.172707548809,148.16531665625962,13454.746787358756,427.87360402406205,0.0,0.0,2664.0482422317345,182.43651702446456,0.4895833333333333,0.021949278651776517,0.027083333333333334,0.008333333333333333,2,0.0,2,0.0,3859.173720737427,531.3762462731667,18461.470445284613,427.99066747700095,1545.1603285589365,21.608501167668127,0.1262225399095504,0.0015657000635314615,741.5068611691001,60.03108361712069,29.58705352115575,0.06903786615596101,0.0,0.0,0.9999999999999992,3.568867705432764e-16,2.2190840178311184,0.04501771076597476,9.999999999999998,1.0255800994045674e-15
hotspot,0.65,joint,4,0,3,0.24380262672254768,0.0,480,0.0,480,0.0,2495.894535133098,99.53412719235571,4992.761619398319,96.41701991958692,7013.457504885322,103.60126172043084,7026.340838218655,97.98294810967744,13069.1382801148,170.80094345136732,38596.414638480695,1430.7009978648373,1361.4887183568005,119.2188222363404,1806.8240130482004,296.99378878917423,0.7298611111111111,0.012729376930432905,0.006944444444444444,0.003182344232608222,0,0.0,4,0.0,815.211856389486,816.9444552279582,47613.583046024025,1714.8388390253513,0.0,0.0,0.0684497321902235,0.0010031966201507708,2420.00706353589,97.6757295277207,62.051036767297724,1.6472524905153418,2.836434829910001,0.2483725463257091,1.0,0.0,0.0,0.0,10.0,3.076740298213702e-15
hotspot,0.65,joint,4,1,3,0.24380262672254768,0.0,480,0.0,480,0.0,2487.6444300253206,61.598096638065506,4905.18070409125,140.76864644581045,6961.808810505056,118.63470056195274,6971.175477171722,117.55851994949111,13279.919761234243,291.4729424359302,38503.4086057879,1454.330527568028,477.5285867038873,97.57609264265253,6479.327678821149,99.09987210716034,0.7604166666666666,0.017800007802744846,0.018055555555555554,0.00481125224324688,1,0.0,4,0.0,1059.1031552626782,817.7056546782326,42792.04415302479,1718.0778878959982,2509.5064730956806,78.39379044532217,0.06896098592275976,0.0011784520161317845,2410.799534272972,60.39941118048632,60.62190604443294,1.713674465312824,0.9948512222997652,0.2032835263388594,0.9999999999999993,5.768888059150692e-16,4.228138485616002,0.1633203967610878,10.0,1.0255800994045674e-15
hotspot,0.65,joint,4,4,3,0.24380262672254768,0.0,480,0.0,480,0.0,2520.550535223747,41.384327341655876,5087.272689119823,87.37003368552553,7110.82118931386,16.440624572443102,7124.715325745561,23.56717246086008,13471.188664977391,189.42737434165207,39730.18985849497,1076.3366632995412,27.931302963819007,28.389597587615047,8400.681482934178,203.46065198452538,0.75625,0.01159950908922922,0.030555555555555555,0.004336804165554442,4,0.0,4,0.0,1391.163559705088,1389.4183670168047,41694.600426074045,1044.0321861642449,7418.685170841048,1157.0997834247264,0.06750299235109324,0.00015586563759279625,2433.606744001617,43.44875202047189,61.43000690170372,1.4465089726671034,0.058190214507956264,0.05914499497419801,0.9999999999999994,4.486912934894983e-16,14.455594105918852,2.4106245488015134,10.0,1.0255800994045674e-15
hotspot,0.65,joint,8,0,3,0.24380262672254768,0.0,480,0.0,480,0.0,4284.151270845329,165.36668409299165,8510.798872961785,207.51692272998875,10608.365978223326,224.581857900849,10619.54931155666,222.30919608737042,16206.27224680473,337.8875164623026,64268.81504491612,1272.1825106866154,2078.3027502603372,474.00340917099646,2619.741938036825,229.5789770568697,0.8638888888888889,0.022948210613692063,0.004166666666666667,0.0020833333333333337,0,0.0,6,0.0,0.0,0.0,76488.18588775069,1574.5243777949227,0.0,0.0,0.045260672835521126,0.0009469766715091317,4176.109676477696,163.97738930154043,92.71179697125835,1.1205021294845792,4.329797396375703,0.9875071024395757,0.9999999999999987,1.9357399876532506e-15,0.0,0.0,9.999999999999998,1.7763568394002505e-15
hotspot,0.65,joint,8,1,3,0.24380262672254768,0.0,480,0.0,480,0.0,4630.5753050925405,116.10527837226131,9092.977147736312,183.31259975387462,11184.973795312948,169.56035854563524,11202.06793174465,175.47418875784356,16893.784953573508,291.6140393071107,69658.88085997148,1095.6043746998926,671.1993555115615,179.65565682595988,9885.02488756174,445.00603802031515,0.85625,0.019873733362853016,0.013194444444444444,0.006364688465216444,1,0.0,6,0.0,0.0,0.0,74316.8654749423,1403.1114623945577,3159.6560639959794,223.51828600311546,0.04292126312136255,0.0006476034358900421,4516.17823529618,113.91558390340253,96.4161210057199,2.265039596178422,1.3983319906490865,0.3742826183874164,1.0,0.0,5.582616799991623,0.4656630958398243,9.999999999999998,1.0255800994045674e-15
hotspot,0.65,joint,8,4,3,0.24380262672254768,0.0,480,0.0,480,0.0,4507.185044439353,75.28869763692144,8810.432472485858,162.9903330476469,10925.033389760789,165.85553490354306,10935.57492198387,164.0160660675548,16704.060083286808,40.050618556157325,68286.0450948253,1371.834335144309,10.710683602523204,14.68447939262094,11436.784185737724,864.2729696849672,0.8541666666666666,0.01267242193812131,0.013194444444444444,0.004811252243246881,4,0.0,6,0.0,0.0,0.0,70684.48293234927,1551.314730480187,8960.078573066221,1480.4529523776755,0.04394257991061479,0.0006706550992826128,4383.698280876268,76.91555834193842,94.79761927835901,0.7109315223335967,0.022313924171923342,0.03059266540129362,1.0,0.0,17.66683036055463,3.0842769841201605,10.0,1.0255800994045674e-15
hotspot,0.65,transport,2,0,3,0.24380262672254768,0.0,480,0.0,480,0.0,758.4253433968132,70.45737669742296,1701.4280349266553,126.66928006894074,3683.640978783704,128.19537935545708,3695.1269163256584,132.22307037113973,10599.975831599279,173.55947799584644,11989.835419837142,509.7651085243093,954.6879120017967,20.109365927972082,1020.9231376679568,112.09473877403988,0.4784722222222222,0.02285344815542269,0,0.0,0,0.0,2,0.0,3640.7406582225894,525.0776867145463,18314.40891890482,591.5534620471038,0.0,0.0,0.13040931194131836,0.004459232971563387,717.2892688695488,69.8101077410746,28.147141377260716,0.6129016305741318,1.988933150003743,0.0418945123499419,0.9999999999999988,1.86217643163424e-15,0.0,0.0,9.999999999999998,1.0255800994045674e-15
hotspot,0.65,transport,2,1,3,0.24380262672254768,0.0,480,0.0,480,0.0,789.931033315824,84.0468958831087,1788.2711060312865,136.5622040415843,3779.2404627280534,68.37141018790109,3790.5430669366738,62.61772841938657,10868.007350417893,153.48125441279333,13009.653581119765,606.3881292285662,82.97694877926119,71.32292196518456,2530.482774583266,514.6482834530013,0.47638888888888886,0.01577474540500077,0,0.0,1,0.0,2,0.0,3994.523694750635,207.15548909063043,17747.801238077463,136.49307716591403,1493.523752429673,190.52436842375113,0.12703739095218175,0.002300387973507344,746.817372125199,82.71819327442532,29.829284729773185,0.8259682514350188,0.17286864329012747,0.14858942076080117,0.9999999999999983,1.2511578073120693e-15,2.1115078175618205,0.39692576754948083,9.999999999999998,1.7763568394002505e-15
hotspot,0.65,transport,2,4,3,0.24380262672254768,0.0,480,0.0,480,0.0,740.348448924501,74.8327692657747,1627.8174593737226,51.385973501821574,3619.6753809452543,43.013025020022795,3630.9779851538747,47.96245661175629,10871.283904925063,33.79256318585,12312.797510763128,735.1778313742765,0.0,0.0,2313.7632744834755,320.35745383811206,0.5041666666666667,0.02724311839712924,0,0.0,2.6666666666666665,0.5773502691896257,2,0.0,3504.1928384502976,645.0208405352284,17156.77758143264,433.7804160924407,1894.081269734133,85.77869342408667,0.13262098258112304,0.0015660069102080014,697.8552980145342,74.04020127442224,28.54714826468732,0.9139262836990328,0.0,0.0,0.9999999999999996,5.246709318399e-16,2.946002645279444,0.1787056113001802,10.0,1.0255800994045674e-15
hotspot,0.65,transport,4,0,3,0.24380262672254768,0.0,480,0.0,480,0.0,2454.5173820274504,106.09352738917623,4848.261986356698,164.55376403669175,6887.965361405778,117.10104268921532,6899.884632281065,117.18190022758125,12995.25127136668,182.38584262154103,37009.85697011353,1885.3297039630888,1426.8924313378564,49.17748187749131,1780.598646364535,339.5647728727937,0.7263888888888889,0.0182018644751127,0,0.0,0,0.0,4,0.0,1364.5221081637524,1236.9057592345973,45141.56086966131,2313.2828562879304,0.0,0.0,0.06970029194240429,0.001193821775552463,2380.833204405055,103.57359774911919,59.71148505710831,2.790020008024721,2.972692565287201,0.10245308724477349,0.9999999999999981,1.887379141862766e-15,0.0,0.0,10.0,1.0255800994045674e-15
hotspot,0.65,transport,4,1,3,0.24380262672254768,0.0,480,0.0,480,0.0,2420.2255666085134,47.2478836674219,4854.53737396427,110.00210438306144,6883.1946958709395,102.21553702471053,6903.202894760687,97.1729350898284,13249.109351573776,182.69837073417668,37996.587588468574,891.5306213857747,498.2837141411013,96.21494862401681,6632.330070905325,306.7630015583477,0.7458333333333333,0.0157288217401474,0,0.0,1,0.0,4,0.0,988.2954187805899,341.9331640478135,41024.205437581804,1566.518608721958,2536.221603809602,128.7572885414825,0.06974523173511137,0.0010273791317270144,2344.657933051306,46.056487721007976,59.24574747814349,1.2113024275613904,1.0380910711272944,0.20044780963336833,0.999999999999999,9.44233641066481e-16,4.283795007936672,0.26824435112808953,9.999999999999998,3.697781635498623e-15
hotspot,0.65,transport,4,4,3,0.24380262672254768,0.0,480,0.0,480,0.0,2361.852321668136,121.80513964243285,4713.470791201279,174.2274359029846,6753.1690546005675,232.12533018711076,6770.993920156981,213.2115812720219,13267.231556233613,243.66113127414073,37235.23419337665,1506.73864336728,126.38409054371346,41.54615408791209,7526.0209368386,431.7163527949036,0.7680555555555556,0.03592365876771549,0,0.0,4,0.0,4,0.0,1061.5959682034882,730.5328402353192,39144.326397878336,2022.4973696974862,8903.677727028604,2022.8146259597124,0.071134745313259,0.0024877529544830323,2273.8833823835466,123.15212839159621,59.15631049798039,2.7083705208851647,0.2633001886327364,0.0865544876831502,0.9999999999999994,8.03155113312552e-16,17.549328597976277,4.214197137416074,10.0,1.0255800994045674e-15
hotspot,0.65,transport,8,0,3,0.24380262672254768,0.0,480,0.0,480,0.0,4226.858005922221,248.93787778416984,8336.987666608356,493.3571538308756,10466.545442156752,465.9538029870295,10474.86210882342,467.07909395004265,16111.630861237145,453.8096980187752,62931.77374516989,3199.0361097196223,2297.3795929463486,134.32995179487705,2775.1732964279627,219.80133972697845,0.861111111111111,0.018201864475112715,0,0.0,0,0.0,6,0.0,0.0,0.0,73396.63178684283,3658.569383248994,0.0,0.0,0.045920667277265716,0.002031139137390487,4119.109370112395,244.84206435493448,91.9624283245224,3.82087152777832,4.786207485304893,0.2798540662393272,0.9999999999999999,3.3917873657517345e-16,0.0,0.0,9.999999999999998,1.0255800994045674e-15
hotspot,0.65,transport,8,1,3,0.24380262672254768,0.0,480,0.0,480,0.0,4556.58250288765,159.35365748377936,8905.797718814676,239.51245371115124,10995.750263728414,255.18960910287535,11021.36693039508,247.88215013674474,16795.478913318384,303.9900996159948,68340.5813083583,1919.5122153340203,579.9173629134776,313.8740864573533,9619.870162746452,231.3939439169931,0.8604166666666667,0.012500000000000011,0,0.0,1,0.0,6.333333333333333,0.5773502691896257,0.0,0.0,71484.87853555853,2385.4911135403045,3100.0807719716163,354.594959938527,0.04366872333982792,0.0010014862212900742,4442.76937131665,157.90538955045525,96.14646878998958,2.6622517103061085,1.2081611727364119,0.6539043467861528,1.0,0.0,5.4585016082742,0.7387394998719317,10.0,0.0
hotspot,0.65,transport,8,4,3,0.24380262672254768,0.0,480,0.0,480,0.0,4444.838247510464,80.22391430835054,8676.209270372201,301.6861342468459,10785.201932478347,245.51778566642406,10811.310131368095,241.17928422372685,16661.96517559304,264.433967050266,67202.58272238479,1611.3289984181554,190.16200366894887,164.91602199207009,11450.049135582372,425.82865911041443,0.8590277777777778,0.01255773702779524,0,0.0,4,0.0,5.666666666666667,0.5773502691896257,0.0,0.0,68087.03264119403,1833.7805171588561,11238.167777985482,1084.2381177990055,0.044520960416957224,0.0010236807548876443,4318.27859671087,77.26743944753417,92.75063042114722,1.5050606412189906,0.39617084097697686,0.3435750458168127,0.9999999999999993,1.0896788556173529e-15,22.412849537469754,2.258829412081266,9.999999999999998,2.0511601988091347e-15
hotspot,0.9,fixed,1,0,3,0.3375728677696814,0.0,480,0.0,480,0.0,148.4306901719013,21.497839321195354,672.8540539914844,19.19209313609344,1961.0428082078297,39.947909505515675,1975.8094748744963,35.110083386373695,7764.709087982356,65.37696668488023,0.0,0.0,110.30386643336301,5.084882342945083,0.0,0.0,0,0.0,0,0.0,0,0.0,1,0.0,5641.285332159358,292.61919237669287,3986.744172360086,57.3299719763202,0.0,0.0,0.24483623330779156,0.005044144272935737,126.5230350715646,21.436212619534235,10.67785537860053,0.11127500261232161,0.22979972173617294,0.010593504881135595,1.0,0.0,0.0,0.0,10.0,0.0
hotspot,0.9,fixed,1,1,3,0.3375728677696814,0.0,480,0.0,480,0.0,154.4571304602467,21.980094426869815,701.6132509374975,27.554946899449956,2009.7479496688004,62.56979956908904,2024.6312830021338,57.801053763414224,7950.963628090749,123.22187732424122,0.0,0.0,0.0,0.0,127.61098812724872,31.865218552463684,0,0.0,0,0.0,1,0.0,1,0.0,5955.4187844708185,423.3076058239334,4455.577104264919,93.78595667861977,632.7173953158447,24.740390848068667,0.23899290452894545,0.007563772456938152,132.29614962039219,21.901273070248813,10.842819599613195,0.15760389337902875,0.0,0.0,1.0,1.2819751242557092e-16,0.3181612402413431,0.05154248093347648,10.0,0.0
hotspot,0.9,fixed,1,4,3,0.3375728677696814,0.0,480,0.0,480,0.0,154.4571304602467,21.980094426869815,701.6132509374975,27.554946899449956,2009.7479496688004,62.56979956908904,2024.6312830021338,57.801053763414224,7950.963628090749,123.22187732424122,0.0,0.0,0.0,0.0,127.61098812724872,31.865218552463684,0,0.0,0,0.0,1,0.0,1,0.0,5955.4187844708185,423.3076058239334,4455.577104264919,93.78595667861977,632.7173953158447,24.740390848068667,0.23899290452894545,0.007563772456938152,132.29614962039219,21.901273070248813,10.842819599613195,0.15760389337902875,0.0,0.0,1.0,1.2819751242557092e-16,0.3181612402413431,0.05154248093347648,10.0,0.0
hotspot,0.9,joint,2,0,3,0.3375728677696814,0.0,480,0.0,480,0.0,1123.3480389544432,80.41978695545258,2352.2379222353657,152.25390324450424,3819.8985726101378,113.04059741862407,3832.2845101520916,110.03335863803673,10665.069845525264,134.61527746647246,13072.601727635581,607.8091884283465,900.2467871746749,165.9044541950248,878.9415438604709,115.41777304401839,0.5083333333333333,0.01851707170274082,0.0125,0.007511565157216644,0,0.0,2,0.0,3709.773653329744,1012.7365866097523,20003.66851110806,645.754053778556,0.0,0.0,0.12573244648111595,0.0037844033439684245,1080.9289932278161,79.36133528808828,29.543531586679745,0.91375934090066,1.875514139947239,0.3456342795729683,1.0,4.440892098500626e-16,0.0,0.0,9.999999999999998,2.7134298926013876e-15
hotspot,0.9,joint,2,1,3,0.3375728677696814,0.0,480,0.0,480,0.0,1021.6337914825383,46.66220154017016,2312.8051939075294,121.5174821361729,3767.6811610515597,64.2231166947819,3780.0670985935135,61.31939584496019,10842.24888492905,170.55511017451724,13123.329356010016,475.2207177745877,82.64774192202853,61.83779674397019,2318.8219737010218,406.56531828683615,0.46944444444444444,0.012557737027795236,0.022222222222222223,0.004336804165554444,1,0.0,2,0.0,3868.5464083300353,737.670729775065,18489.543938317718,680.4095912254027,1350.3487398644313,139.61010241583176,0.1274238943545438,0.0021630036017774605,979.2750158921109,46.40020630816781,29.37336625337226,1.314897301181995,0.17218279567089279,0.12882874321660456,0.9999999999999991,9.042242305187328e-16,1.8132265413842323,0.29085438003298264,9.999999999999998,1.7763568394002505e-15
hotspot,0.9,joint,2,4,3,0.3375728677696814,0.0,480,0.0,480,0.0,1011.3710762814028,83.74855402580134,2241.5354954827844,316.0728911021665,3703.752122370984,248.43249661049023,3716.3213932462713,244.21958047738096,10902.758956279475,116.45552489439189,12724.384603634437,1063.3533416283012,0.0,0.0,2274.258922793203,477.59767746577495,0.47291666666666665,0.015728821740147395,0.03125,0.009081039465709737,2,0.0,2,0.0,3791.5653666541957,993.9513176806008,18072.423209110733,561.5074314362279,1445.2909461222837,208.7466990985066,0.1299745535499176,0.008414737021675583,970.3487612751477,82.01692020908882,28.011292201833733,1.4182467032895998,0.0,0.0,0.9999999999999992,1.159106867033638e-15,2.011022804421425,0.43488895645522346,9.999999999999998,1.0255800994045674e-15
hotspot,0.9,joint,4,0,3,0.3375728677696814,0.0,480,0.0,480,0.0,2647.6126594178763,36.653091357003575,5423.518018695073,213.7715711089258,6909.446361619607,178.47337581940127,6917.804560509355,180.67824421825893,13055.252156915358,114.64024731505461,37051.7449947637,1875.1109800888007,1398.521807452268,131.88327165447168,1906.6313300048412,92.59874649290518,0.7541666666666667,0.006249999999999978,0.007638888888888889,0.003182344232608222,0,0.0,4,0.0,1466.9139788765087,1157.3959434320702,45943.148885732764,1934.5972949116344,0.0,0.0,0.06950057595075543,0.0017691902924301367,2574.9495381078696,34.5094577234915,58.749534211147555,2.619419137821186,2.9135870988588914,0.27475681594681606,0.9999999999999994,9.61481343191782e-16,0.0,0.0,9.999999999999998,2.7134298926013876e-15
hotspot,0.9,joint,4,1,3,0.3375728677696814,0.0,480,0.0,480,0.0,2686.7934109090834,25.323726129430582,5442.348225765532,94.80840630928824,6939.742977953976,93.52720664071676,6948.101176843724,90.39332686060919,13290.571899158696,262.633450437336,38006.231121855235,1275.4434592430484,451.52453400412134,270.07826926541713,6995.7994442296895,905.583543953704,0.7402777777777777,0.01935744425661993,0.013888888888888888,0.008419691425682042,1,0.0,4,0.0,1471.4784071795505,1151.7142791467354,41493.3892273719,1211.0430465513866,2439.183444845141,413.1006597699201,0.06917516624703154,0.0009282123194430404,2612.1600311232164,22.858096270683735,58.61107149659774,1.150240256601509,0.9406761125085861,0.5626630609696189,0.9999999999999993,1.0896788556173529e-15,4.08163217676071,0.8606263745206673,9.999999999999998,0.0
hotspot,0.9,joint,4,4,3,0.3375728677696814,0.0,480,0.0,480,0.0,2887.616758157129,67.30774741427342,5826.3803220025475,35.10838893735709,7328.813322241487,107.31005913284865,7340.8659264501075,101.99142376402546,13588.079130899147,153.1827460474965,40679.79855112999,1332.7868865192581,24.566666666666908,41.13004781584054,8340.770513475481,371.9615181611015,0.7513888888888889,0.01890369109557805,0.034722222222222224,0.015071204454312991,4,0.0,4,0.0,2073.5499226430984,633.8159746242994,42769.589559605265,1188.5605942526029,6920.357506918552,1469.6232410635914,0.06550425678966833,0.0009571159711027715,2801.8388597637345,65.21600578600372,61.30930636509184,0.3855814473108496,0.051180555555556055,0.08568759961633446,0.999999999999999,9.44233641066481e-16,13.417411472746982,3.061715085549147,10.0,1.0255800994045674e-15
hotspot,0.9,joint,8,0,3,0.3375728677696814,0.0,480,0.0,480,0.0,4533.0822868730165,144.69698775412857,8987.986790976282,205.2774561877773,10536.860495309542,233.28438986084782,10544.67716197621,235.0360829930756,16206.328138220113,240.48822518763222,63875.69190072741,1304.9085009558198,1924.639963646577,306.7842555170997,2709.274422571991,240.77175226877014,0.8624999999999999,0.019094065395649326,0.00625,0.004166666666666667,0,0.0,6,0.0,0.0,0.0,75826.6095399053,1719.2507402096412,0.0,0.0,0.045569331009819594,0.0010139642275934118,4426.960718216422,142.46450164428788,91.11190206566371,2.06181142374572,4.009666590930369,0.6391338656606245,1.0,0.0,0.0,0.0,10.000000000000002,1.7763568394002505e-15
hotspot,0.9,joint,8,1,3,0.3375728677696814,0.0,480,0.0,480,0.0,4688.417994060257,80.42457697704212,9264.117880844824,80.72279488431975,10825.740519823328,44.736727760858734,10837.793124031949,43.63463936310006,16642.27373271168,135.47423530200908,66982.88030239847,766.4102862020434,749.2799790314809,284.47561655405633,9290.918967056668,308.21039597340655,0.8618055555555555,0.01323094366892894,0.010416666666666666,0.00551198189805123,1,0.0,6.333333333333333,0.5773502691896257,0.0,0.0,72036.25519153054,660.6271340842454,3180.4782975881863,189.48387848827443,0.04433927351561062,0.00018340402340742915,4577.449152699204,81.51033769522402,92.7818449514286,2.0560479108688208,1.5609999563155852,0.5926575344876174,1.0,0.0,5.625996453308721,0.3947580801839052,10.0,1.0255800994045674e-15
hotspot,0.9,joint,8,4,3,0.3375728677696814,0.0,480,0.0,480,0.0,4741.473649211794,130.66510985024144,9321.975553731714,204.11537945326052,10867.217419460147,174.80419233564277,10895.45075279348,149.6572312769927,16732.470501677377,198.7374729054575,68064.9281705639,1132.6997408111706,23.61213569595384,16.64790774367847,11202.52850801268,1136.49603221763,0.8569444444444444,0.006696979695134036,0.008333333333333333,0.009081039465709735,4,0.0,5.666666666666667,0.5773502691896257,0.0,0.0,70460.29418100261,948.6737729281818,7980.38415250959,2193.923262987063,0.04417722363686872,0.000716473622884647,4619.815596845792,131.4051192480058,94.98306009890605,1.7187963199458396,0.0491919493665705,0.03468314113266348,0.9999999999999992,1.3460738804684947e-15,15.625800317728316,4.570673464556381,9.999999999999998,1.7763568394002505e-15
hotspot,0.9,transport,2,0,3,0.3375728677696814,0.0,480,0.0,480,0.0,1093.3289650489598,38.838316625709034,2378.7595530732106,91.73356778805328,3832.1440824623833,54.39301838138361,3843.6300200043374,55.372501233660365,10700.872348533749,199.13166632310114,13128.652974495943,794.3413514895719,945.5469442549169,234.6926190762419,966.8867575241496,177.00271731820578,0.5180555555555555,0.018672680082984377,0,0.0,0,0.0,2,0.0,3668.850491865287,950.7339120665938,19677.01685271458,641.121518431542,0.0,0.0,0.12527316173594497,0.0017871811958249325,1050.7899702862192,37.68353164513966,29.569105295542975,0.9983442419201531,1.9698894671977436,0.48894295640883745,0.9999999999999993,5.476600131522343e-16,0.0,0.0,9.999999999999998,0.0
hotspot,0.9,transport,2,1,3,0.3375728677696814,0.0,480,0.0,480,0.0,951.7828092738382,24.74329830208748,2134.0102709245457,41.179172579170725,3597.753295448166,50.51106527121159,3609.714367433706,54.592719662671435,10793.878466809498,218.70884917567136,11674.131086108797,773.3314555713255,44.12539700109374,19.882691778836037,2173.769851815295,251.63248387985567,0.4756944444444444,0.021684020827772224,0,0.0,1,0.0,2,0.0,4052.338053960757,1156.2761574325907,16732.240977666548,1048.5075995279597,1429.3148053808366,51.89074681444395,0.13343401962752613,0.0018615116396496435,910.794100059311,24.38849856789675,27.91904212623162,1.3989908725849338,0.09192791041894528,0.041422274539241744,0.9999999999999993,1.2178763680429239e-15,1.9777391778767437,0.10810572253009038,9.999999999999998,1.0255800994045674e-15
hotspot,0.9,transport,2,4,3,0.3375728677696814,0.0,480,0.0,480,0.0,1017.7163441007913,101.12750130402524,2234.662599446761,195.866990035859,3697.8047606479727,155.49820342858843,3709.107364856593,150.995649006331,10957.116391455418,28.809306980414213,12546.19524479219,340.3199221967298,0.0,0.0,2525.7340853467244,457.1681992509488,0.48055555555555557,0.021074987368741003,0,0.0,2.6666666666666665,0.5773502691896257,2,0.0,3871.305615902801,980.0796952363356,17371.9148578743,506.4528245514552,2028.6375933991455,633.8647066881174,0.12995888733914102,0.005428465296797519,974.828224904723,100.86061565068827,28.661790876486755,0.5902777093282328,0.0,0.0,0.9999999999999978,2.265326584509307e-15,3.2263283195815555,1.3205514722669132,9.999999999999998,2.0511601988091347e-15
hotspot,0.9,transport,4,0,3,0.3375728677696814,0.0,480,0.0,480,0.0,2617.353642369119,7.460262569623427,5358.624041247383,125.28218793449288,6840.994886872004,75.29323695676861,6850.903085761751,76.3126273976752,12943.415594884693,82.33166397634145,36781.95180546866,1142.5034563663608,1628.0464895382463,329.11929591217347,1880.5940977131768,256.96142604007053,0.7326388888888888,0.022853448155422666,0,0.0,0,0.0,4,0.0,1120.3126591723162,825.8905806051496,45014.055418226686,942.7933507985119,0.0,0.0,0.07017086503830237,0.0007675784811586663,2543.757853390979,7.184036668315905,59.204025458268305,1.5110807837841609,3.3917635198713465,0.685665199817028,0.9999999999999991,1.7342238036525468e-15,0.0,0.0,10.0,1.0255800994045674e-15
hotspot,0.9,transport,4,1,3,0.3375728677696814,0.0,480,0.0,480,0.0,2609.008576264343,116.92753661059567,5284.203976589062,366.7568559859251,6764.737739222034,351.8616240955991,6775.845938111782,350.6542735025862,13207.222323557315,257.7527145331257,36696.03567191951,2405.83971212479,537.8250494750038,134.70991723046808,6263.257233872171,599.0459996876104,0.7243055555555555,0.0066969796951339726,0,0.0,1,0.0,4,0.0,1417.9780169177247,245.37142178825545,40268.29140234622,2037.7514238367507,2451.4977788611372,182.46195953367166,0.07108636919113408,0.0037554870357173384,2533.3619382990855,112.96119103056884,59.41888207289035,3.3386255799027262,1.1204688530729245,0.2806456608968084,0.9999999999999997,5.768888059150692e-16,4.107287039294036,0.3801290823618163,9.999999999999998,1.0255800994045674e-15
hotspot,0.9,transport,4,4,3,0.3375728677696814,0.0,480,0.0,480,0.0,2688.717638762532,44.474341818099916,5353.347013135225,26.92796222507286,6822.868267361661,69.84426155896342,6840.387538236949,55.15208625123353,13262.479502487151,177.47410498140795,37495.80227303338,730.6780129928316,235.50934139733468,91.28262413593357,7355.611609977755,262.9527359803308,0.7506944444444444,0.014780414342911647,0,0.0,4,0.0,4,0.0,1309.6202683904326,291.4099452916884,39807.09094835367,1030.684240924906,9387.96427720117,718.5392345065068,0.07035656432531662,0.0007209762923720812,2599.097961143157,42.720169571307366,59.57077424729483,1.1158307594260215,0.49064446124444727,0.19017213361652827,1.0,0.0,18.558258910835768,1.4969567385552434,10.0,1.0255800994045674e-15
hotspot,0.9,transport,8,0,3,0.3375728677696814,0.0,480,0.0,480,0.0,4469.536339821207,140.4261591820371,8777.521754879563,264.3747121592009,10332.419455330682,297.8694162572148,10340.702788664017,297.72297871300543,16055.841072182724,353.2677967137748,62240.2535305751,1970.2667851140038,2093.486052790131,45.97415638041609,2516.5345419014893,519.36212627294,0.8694444444444445,0.019800801985254503,0,0.0,0,0.0,6,0.0,0.0,0.0,72758.89557106097,2161.0812088805815,0.0,0.0,0.04648129960152896,0.0013310264916999099,4364.196915782977,139.16388111125968,89.9779947615832,1.227301797028123,4.361429276646105,0.09577949245920034,1.0,0.0,0.0,0.0,9.999999999999998,1.7763568394002505e-15
hotspot,0.9,transport,8,1,3,0.3375728677696814,0.0,480,0.0,480,0.0,4635.427781791446,73.805134601893,8951.627588392354,191.0577157091546,10483.390865877493,184.95385467785397,10493.015731433907,189.73466317857844,16409.376003118086,74.82385029824232,64425.19464196513,1561.757260986304,719.8813577255199,188.5810202534057,8767.484634185266,560.3513273727029,0.8722222222222222,0.013230943668928876,0,0.0,1,0.0,6,0.0,0.0,0.0,68527.06461339048,761.349852027703,3210.308579552516,247.86394449019988,0.045796311665990214,0.0008161674901744318,4525.941455716397,73.35564873673276,91.29843037238601,3.680612139389279,1.4997528285948334,0.3928771255279285,1.0,0.0,5.688142874067742,0.5163832176879162,9.999999999999998,2.0511601988091347e-15
hotspot,0.9,transport,8,4,3,0.3375728677696814,0.0,480,0.0,480,0.0,4698.206662984167,111.9696679937688,9250.892960158588,127.86660947604216,10808.626777714991,121.59970137918728,10817.810111048326,121.11648549295326,16700.465308985527,201.15076547328363,67457.37470030575,818.7560173979518,16.662195074284682,21.062720305792595,11162.207411249987,337.4851614825419,0.86875,0.02402617207223085,0,0.0,4,0.0,5.666666666666667,0.5773502691896257,0.0,0.0,68551.19218186392,1401.7420253060795,7779.230199734947,1235.0190907905169,0.044412734209397765,0.0005016720166962644,4577.526064668311,113.81105115625921,94.43915582667061,1.1636940266844653,0.034712906404759755,0.04388066730373457,0.9999999999999992,1.3460738804684947e-15,15.20672958278114,2.5729564391469086,9.999999999999998,0.0
uniform,0.65,fixed,1,0,3,0.24380262672254768,0.0,480,0.0,480,0.0,34.24946281786193,2.2747163400980135,108.97598052579684,34.421631587186795,2063.647383417465,70.06154110809788,2079.314050084132,68.58938507687212,7987.767765503122,72.69965893712256,0.0,0.0,137.72485269809061,10.606896649590189,0.0,0.0,0,0.0,0,0.0,0,0.0,1,0.0,5173.158671167118,329.8424342277843,4185.0504080935725,45.28034361309164,0.0,0.0,0.23277982043060402,0.00803906046964841,12.150187083770126,2.3848742722443914,10.812348957637447,0.121900245628779,0.28692677645435544,0.022097701353312894,1.0,1.2819751242557092e-16,0.0,0.0,10.0,0.0
uniform,0.65,fixed,1,1,3,0.24380262672254768,0.0,480,0.0,480,0.0,34.534983007290386,2.275867008718359,113.00101115273117,28.421354320397114,2062.5225178610513,68.9813692495613,2078.1891845277178,67.51065097775647,8104.204180258377,63.03879000763167,0.0,0.0,0.0,0.0,86.53171500811767,14.7603694668594,0,0.0,0,0.0,1,0.0,1,0.0,5160.630656787007,384.3767773160524,4594.675496348162,62.53578227736705,630.6929065672592,30.01726952538631,0.23290138480704567,0.007923158970153164,12.326425164630313,2.346804391267645,10.894614287311619,0.12023920703108398,0.0,0.0,1.0,1.2819751242557092e-16,0.3139435553484565,0.06253597817788809,10.0,0.0
uniform,0.65,fixed,1,4,3,0.24380262672254768,0.0,480,0.0,480,0.0,34.534983007290386,2.275867008718359,113.00101115273117,28.421354320397114,2062.5225178610513,68.9813692495613,2078.1891845277178,67.51065097775647,8104.204180258377,63.03879000763167,0.0,0.0,0.0,0.0,86.53171500811767,14.7603694668594,0,0.0,0,0.0,1,0.0,1,0.0,5160.630656787007,384.3767773160524,4594.675496348162,62.53578227736705,630.6929065672592,30.01726952538631,0.23290138480704567,0.007923158970153164,12.326425164630313,2.346804391267645,10.894614287311619,0.12023920703108398,0.0,0.0,1.0,1.2819751242557092e-16,0.3139435553484565,0.06253597817788809,10.0,0.0
uniform,0.65,joint,2,0,3,0.24380262672254768,0.0,480,0.0,480,0.0,928.1541179721288,120.15321439841343,2072.5729335769875,160.072880886823,4068.7002746245907,117.13933851365763,4080.402878833211,115.65123906049165,10876.586855254158,34.68361919902228,16203.27273622107,1060.670259609869,992.3280819988546,72.75425373730113,1333.5490401738953,34.985249104709126,0.4770833333333333,0.029536347664078783,0.009027777777777777,0.006696979695133996,0,0.0,2,0.0,2195.426280160385,393.17364465427346,23035.702392171977,1026.7690501567229,0.0,0.0,0.11803966145814798,0.0034321599123629783,881.538812819848,118.77561963489622,33.547954981449934,1.6223641628297394,2.067350170830947,0.15157136195271054,0.9999999999999998,6.505313262608409e-16,0.0,0.0,10.0,1.0255800994045674e-15
uniform,0.65,joint,2,1,3,0.24380262672254768,0.0,480,0.0,480,0.0,895.7239655123172,88.58031771003557,1963.6890530948046,89.66820813038235,3944.8487879072272,47.86862881110329,3964.9069867969747,52.59742183700796,11040.448893640041,117.50361064751884,15826.572332843893,401.3819350230806,74.95451835275992,29.585331036138676,3074.8769195330988,159.3484934101139,0.49375,0.010825317547305476,0.009027777777777777,0.005242940580049132,1,0.0,2,0.0,2339.9531201367854,356.12772623401696,20658.66551174535,340.4641498320029,1410.1124663921657,70.79505342304952,0.12168960403068088,0.0014755416305748926,849.0897425549292,88.71066244584068,33.54033340583606,0.5287611110467397,0.15615524656824983,0.0616361063252889,0.9999999999999998,2.3111135221866393e-16,1.9377343049836786,0.14748969463135322,9.999999999999996,1.0255800994045674e-15
uniform,0.65,joint,2,4,3,0.24380262672254768,0.0,480,0.0,480,0.0,863.1418120467197,69.85254787539552,1813.370456805937,148.94888599607276,3799.047137404817,86.65160121629526,3814.8638040714836,87.08704568870309,10967.278989280298,113.70394441254352,15469.750718675145,643.4688472327821,0.0,0.0,3464.0572223648546,464.757199869374,0.4777777777777778,0.013871516913498716,0.009722222222222222,0.006014065304058601,2.3333333333333335,0.5773502691896257,2,0.0,1695.0732298166238,600.2316809490316,19773.226241564258,393.4159629214679,1784.4724745761307,35.539292508883705,0.12639179732144357,0.0029151243540455935,817.1294256043248,69.47167630998844,32.2947354536947,0.5875618795978077,0.0,0.0,0.9999999999999999,1.9229626863835638e-16,2.717650988700272,0.07404019272684104,9.999999999999998,2.0511601988091347e-15
uniform,0.65,joint,4,0,3,0.24380262672254768,0.0,480,0.0,480,0.0,2647.2459028982266,101.33304087956245,5286.75398273903,225.04454602393204,7329.736518192674,216.84351261700718,7338.094717082421,213.60383678539202,13315.653469589288,260.5895693396303,40225.230843238496,1390.8837782088772,1205.5629307000613,270.06998705713886,1938.963573771954,115.86800367891354,0.74375,0.010416666666666685,0.001388888888888889,0.0012028130608117203,0,0.0,4,0.0,1520.63042627018,222.13731851553356,49262.12354198609,1896.6218511589432,0.0,0.0,0.06552444861843933,0.0019158846028062904,2570.271390360721,100.0035597133818,63.462923098547385,1.5807263218975245,2.511589438958461,0.5626458063690395,0.9999999999999993,1.0896788556173529e-15,0.0,0.0,9.999999999999998,1.0255800994045674e-15
uniform,0.65,joint,4,1,3,0.24380262672254768,0.0,480,0.0,480,0.0,2635.58650899064,95.84669914971718,5212.420372912078,236.7358225620697,7235.752039121261,151.08755449421503,7252.996175552962,159.85915002265656,13545.091047180444,248.6326512551537,40607.7983440996,1989.490207310662,286.8035283575237,156.5985513978764,6749.733291636264,287.40727517689294,0.7687499999999999,0.0217506385602303,0.0020833333333333333,0.0020833333333333333,1,0.0,3.6666666666666665,0.5773502691896257,1151.5828596440267,1051.8930015634191,44544.24547918521,2568.084674252433,2041.41855250778,315.440539371896,0.06635675194527434,0.0013999109390163945,2558.010833744907,93.31638415364381,62.72521257726372,2.954767660073292,0.5975073507448411,0.3262469820789092,1.0,0.0,3.252955317724542,0.657167790358117,9.999999999999998,2.0511601988091347e-15
uniform,0.65,joint,4,4,3,0.24380262672254768,0.0,480,0.0,480,0.0,2594.105585267571,91.10298658557983,5188.636852123532,174.1634054200703,7239.128729458268,210.62210245908307,7247.486928348015,212.32587970899044,13553.701915277043,139.9900828276378,40637.682758691495,346.6550644100602,0.0,0.0,7378.29418044548,324.3430366355896,0.7312500000000001,0.019094065395649326,0.0020833333333333333,0.0036084391824351613,2.3333333333333335,0.5773502691896257,3.6666666666666665,0.5773502691896257,1317.4368530801523,1929.7384586061837,43715.45915915246,107.51451141789266,2839.741664861996,557.7331738015331,0.0663432018279939,0.0019014043887750792,2514.6690224055587,92.62342667980434,63.520434393549785,0.4379977714839568,0.0,0.0,0.9999999999999998,2.3111135221866393e-16,4.9161284684624915,1.161944112086527,9.999999999999998,1.7763568394002505e-15
uniform,0.65,joint,8,0,3,0.24380262672254768,0.0,480,0.0,480,0.0,4587.6420432080995,124.9202038916513,9106.774048983581,257.42838193523573,11212.52087121336,194.20294122278176,11232.92320653481,206.39725359376746,16958.78826241505,277.94578066091776,68987.76151905466,1414.3971884485636,1536.2700467503553,321.1217290153792,2761.811752906274,371.25169472956827,0.8736111111111111,0.001202813060811716,0,0.0,0,0.0,5.333333333333333,0.5773502691896257,0.0,0.0,81183.83008235815,1188.8556101701777,0.0,0.0,0.04281792665481668,0.0007484216482286916,4475.376295033809,123.69391235852468,98.06518557689462,0.8390695488588799,3.2005625973965732,0.6690036021153732,0.9999999999999993,8.623605679718459e-16,0.0,0.0,10.0,1.0255800994045674e-15
uniform,0.65,joint,8,1,3,0.24380262672254768,0.0,480,0.0,480,0.0,4990.745444056333,150.4779766537784,9577.828440053569,429.4079863238033,11718.411837899288,375.37048863273253,11733.878504565955,369.0982562976562,17545.668900402117,250.04896816439268,73647.37925598066,2791.2689054856137,212.28922601539108,57.95547352707086,10404.641535620667,670.2068501797371,0.8534722222222222,0.02520173237725567,0,0.0,1,0.0,5,0.0,0.0,0.0,78067.48650090833,2429.075737611721,2440.6640378401385,28.84518026610734,0.04098876080792143,0.001291484975977743,4873.142050012247,148.01074319724478,102.0764080777207,2.487590396391201,0.4422692208653981,0.12074056984806428,0.9999999999999988,2.1793577112347058e-15,4.08471674550029,0.060094125554392766,9.999999999999998,1.0255800994045674e-15
uniform,0.65,joint,8,4,3,0.24380262672254768,0.0,480,0.0,480,0.0,4844.160654128987,27.122757379632862,9586.43856901785,105.18570737765168,11703.215403082491,66.87248107779327,11725.412616677992,46.470418507816234,17596.102659873464,91.96976005608717,73836.40114821644,406.5844800613524,0.0,0.0,11363.148694541023,1227.766293687231,0.8631944444444445,0.003182344232608211,0.0006944444444444445,0.0012028130608117203,3,1.0,4.666666666666667,0.5773502691896257,0.0,0.0,76983.57453011998,1757.5634671356543,4814.828824427054,1467.4008900910667,0.04101526503002668,0.00023510714424389577,4721.831288924427,29.911220266127728,102.29847182033653,1.908570620135171,0.0,0.0,0.9999999999999993,1.0896788556173529e-15,9.03089338422303,3.0570851876897223,10.0,1.0255800994045674e-15
uniform,0.65,transport,2,0,3,0.24380262672254768,0.0,480,0.0,480,0.0,909.3891637149914,50.57433549732213,2032.7835443023325,186.9575949918482,4016.4623394362657,140.97887495809857,4028.5067447551387,139.5157731431663,10865.757792988798,87.90804609585749,15957.799603621936,745.9601814142356,1178.0254127298713,128.15295997921993,1630.6435334726532,393.0931843145691,0.4791666666666667,0.03662165798176446,0,0.0,0,0.0,2,0.0,1898.7361985737962,1142.4273117524262,22149.99939183143,901.5871545190884,0.0,0.0,0.11960834030866514,0.004281503997072898,862.7731000637094,51.02442166491663,33.16184404142818,0.7988349117394745,2.4542196098538986,0.2669853332900416,0.9999999999999999,1.2819751242557092e-16,0.0,0.0,10.0,1.0255800994045674e-15
uniform,0.65,transport,2,1,3,0.24380262672254768,0.0,480,0.0,480,0.0,893.9236384399749,93.48079514578323,1954.0915487984275,166.64267394100168,3938.8954136099837,98.74107018028694,3950.7813511519375,95.83275133893936,11012.51831987461,82.70126803117563,15956.928259491953,813.7271685443603,87.4948209596054,92.96627820920139,3222.081077049038,277.0670247111472,0.47847222222222224,0.006364688465216446,0,0.0,1,0.0,2,0.0,2171.634647353234,102.03302325661119,20131.692576177207,614.4741705692572,1467.686619648307,133.78897478646374,0.1219122596071638,0.0030330119465147316,846.8359560292282,92.70834129041992,33.847721076146826,0.7998274287785836,0.18228087699917792,0.19367974626916956,0.9999999999999998,2.220446049250313e-16,2.0576804576006396,0.27872703080513256,9.999999999999998,1.0255800994045674e-15
uniform,0.65,transport,2,4,3,0.24380262672254768,0.0,480,0.0,480,0.0,866.8985227272193,101.9691907408792,1869.6421081359554,136.93043139690562,3859.358710469084,63.77296789639379,3871.244648011038,60.47058929146645,11025.84073972365,93.72020668151484,15574.412113428025,672.415372076353,0.0,0.0,3258.6090729074544,397.9335365173749,0.4756944444444444,0.023230178727330183,0,0.0,2.6666666666666665,0.5773502691896257,2,0.0,1935.7155223547988,210.87369286720454,19592.061355765352,269.95695881946995,1725.7130504546499,170.06783055873112,0.12439543392496748,0.002036955407340148,820.2339071333628,101.48186330382218,33.06938007207605,0.7359003548957634,0.0,0.0,0.9999999999999982,1.247869607652135e-15,2.5952355217805225,0.35430798033069005,9.999999999999998,2.0511601988091347e-15
uniform,0.65,transport,4,0,3,0.24380262672254768,0.0,480,0.0,480,0.0,2650.775489490361,99.96398758081574,5292.791084039423,208.20696458559226,7333.485566003281,198.3826449150471,7341.8437648930285,195.08036845705755,13324.901423479694,236.95208830788724,40338.70604295374,1175.1127698224577,1250.3289178675877,253.1186612327073,1947.6067284810063,106.48912797065792,0.7465277777777778,0.01147410530684607,0,0.0,0,0.0,4,0.0,1412.242404645947,44.20213327898283,48445.23173440461,1635.6597443608625,0.0,0.0,0.06548474895457781,0.0017501953202858308,2573.9455976404697,98.66814950686039,63.2250399376672,1.950195858601555,2.604851912224141,0.5273305442348071,1.0,0.0,0.0,0.0,9.999999999999998,1.0255800994045674e-15
uniform,0.65,transport,4,1,3,0.24380262672254768,0.0,480,0.0,480,0.0,2635.9677355658423,95.32699142590444,5221.654989597675,219.32611226690614,7253.182685944282,157.8113182318056,7263.382417057109,158.37020348212423,13548.602743492422,235.35545948468314,40645.59256841304,1960.207130170359,292.553528357524,151.9956692346347,6739.574250020238,269.523322321035,0.7652777777777777,0.024679660616551174,0,0.0,1,0.0,3.6666666666666665,0.5773502691896257,1263.3054469361082,1131.9997591988918,43753.98892394292,2450.909539975633,2049.3518858411135,315.2393407488341,0.0661989018419066,0.001451759360436101,2558.3365896327277,92.75263587046125,62.75217632020093,3.016724579775665,0.6094865174115083,0.3166576442388223,1.0,0.0,3.2694830955023204,0.6567486265600713,9.999999999999998,2.0511601988091347e-15
uniform,0.65,transport,4,4,3,0.24380262672254768,0.0,480,0.0,480,0.0,2568.099011994707,46.31192096382545,5111.109920968231,76.46059319173823,7148.180798302966,59.23564614158641,7156.538997192713,62.04616530497311,13530.677075808775,158.0349676756035,40349.370663377216,803.2949727489344,0.0,0.0,7321.317720740927,420.76290931718876,0.7319444444444445,0.017961829383857722,0,0.0,3,1.0,3.6666666666666665,0.5773502691896257,931.6236719536143,1266.1672052220283,42548.10459112982,364.36639952270144,2936.889084640872,411.7069810460298,0.06715302732333328,0.0005566085562281017,2488.853112510292,48.18971038754122,63.127380558079935,1.112175295101981,0.0,0.0,0.9999999999999998,2.3111135221866393e-16,5.118518926335151,0.8577228771792281,9.999999999999998,2.0511601988091347e-15
uniform,0.65,transport,8,0,3,0.24380262672254768,0.0,480,0.0,480,0.0,4587.6420432080995,124.9202038916513,9106.774048983581,257.42838193523573,11212.52087121336,194.20294122278176,11232.92320653481,206.39725359376746,16958.78826241505,277.94578066091776,68987.76151905466,1414.3971884485636,1536.2700467503553,321.1217290153792,2761.811752906274,371.25169472956827,0.8736111111111111,0.001202813060811716,0,0.0,0,0.0,5.333333333333333,0.5773502691896257,0.0,0.0,79501.31079903308,1317.2764874134307,0.0,0.0,0.04281792665481668,0.0007484216482286916,4475.376295033809,123.69391235852468,98.06518557689462,0.8390695488588799,3.2005625973965732,0.6690036021153732,0.9999999999999993,8.623605679718459e-16,0.0,0.0,10.0,1.0255800994045674e-15
uniform,0.65,transport,8,1,3,0.24380262672254768,0.0,480,0.0,480,0.0,4990.745444056333,150.4779766537784,9577.828440053569,429.4079863238033,11718.411837899288,375.37048863273253,11733.878504565955,369.0982562976562,17545.668900402117,250.04896816439268,73647.37925598066,2791.2689054856137,212.28922601539108,57.95547352707086,10404.641535620667,670.2068501797371,0.8534722222222222,0.02520173237725567,0,0.0,1,0.0,5,0.0,0.0,0.0,76461.83768755094,2071.5081898708436,2440.6640378401385,28.84518026610734,0.04098876080792143,0.001291484975977743,4873.142050012247,148.01074319724478,102.0764080777207,2.487590396391201,0.4422692208653981,0.12074056984806428,0.9999999999999988,2.1793577112347058e-15,4.08471674550029,0.060094125554392766,9.999999999999998,1.0255800994045674e-15
uniform,0.65,transport,8,4,3,0.24380262672254768,0.0,480,0.0,480,0.0,4844.581657020001,27.08598862263467,9625.729538169522,39.4869038199763,11723.536584831443,32.00623820581857,11751.717131760277,7.6974758727562245,17616.884407595677,71.8243243708814,74000.18885448584,176.91281544446446,0.0,0.0,11604.24544477973,1644.5465820903157,0.8548611111111112,0.01696776628176475,0,0.0,3,1.0,4.666666666666667,0.5773502691896257,0.0,0.0,75460.3486345308,1505.8238928214644,4692.414529714146,1279.7199141197618,0.04094348021429014,0.00011192521928631064,4722.119955342811,29.862916653186485,102.68583807361901,1.5113782531614404,0.0,0.0,0.9999999999999981,1.887379141862766e-15,8.775863603571137,2.6660831544161727,10.0,1.0255800994045674e-15
uniform,0.9,fixed,1,0,3,0.3375728677696814,0.0,480,0.0,480,0.0,53.8779071060991,2.4175106697107798,168.0021060999212,31.19616001881355,1556.4403803731464,68.68408518750923,1573.7737137064796,68.46377501668182,7826.082280647384,77.6539866480272,0.0,0.0,116.05117979263554,7.305557687189523,0.0,0.0,0,0.0,0,0.0,0,0.0,1,0.0,2323.5899291580954,430.2172815626126,4004.7025442879567,36.17692568933327,0.0,0.0,0.3088068835248359,0.013966610720657332,31.895258743992134,2.4648001850220544,10.740875070872308,0.0690294088242733,0.24177329123465738,0.015219911848311514,1.0,1.6958936828758672e-16,0.0,0.0,10.0,0.0
uniform,0.9,fixed,1,1,3,0.3375728677696814,0.0,480,0.0,480,0.0,55.92525553115812,2.5621008392151645,177.58856559079499,23.710965393554712,1565.8675257083487,50.77001235146986,1583.200859041682,50.83003819597383,7953.97619631728,89.33476116680336,0.0,0.0,0.0,0.0,94.96746346520828,16.250278893496706,0,0.0,0,0.0,1,0.0,1,0.0,2392.9762053130767,293.99055463390135,4467.246561826549,46.32570916714748,631.4970422896281,23.13892995723008,0.3067584221379861,0.010135460640074565,33.7657609099128,2.594727705914981,10.843875783141925,0.07584739661802818,0.0,0.0,1.0,1.6958936828758672e-16,0.3156188381033918,0.048206104077562636,10.0,0.0
uniform,0.9,fixed,1,4,3,0.3375728677696814,0.0,480,0.0,480,0.0,55.92525553115812,2.5621008392151645,177.58856559079499,23.710965393554712,1565.8675257083487,50.77001235146986,1583.200859041682,50.83003819597383,7953.97619631728,89.33476116680336,0.0,0.0,0.0,0.0,94.96746346520828,16.250278893496706,0,0.0,0,0.0,1,0.0,1,0.0,2392.9762053130767,293.99055463390135,4467.246561826549,46.32570916714748,631.4970422896281,23.13892995723008,0.3067584221379861,0.010135460640074565,33.7657609099128,2.594727705914981,10.843875783141925,0.07584739661802818,0.0,0.0,1.0,1.6958936828758672e-16,0.3156188381033918,0.048206104077562636,10.0,0.0
uniform,0.9,joint,2,0,3,0.3375728677696814,0.0,480,0.0,480,0.0,1336.6294096363465,101.2727163162563,2675.398368351073,224.11854590722123,4166.086985590619,205.51279090527714,4177.3285178137,204.85082414104104,10975.738568962877,19.951420672933263,17406.730861240976,1647.5832714145931,1244.62709119926,173.48297039389365,1554.8742799869294,225.72058200361576,0.48055555555555557,0.03586319814909823,0.00625,0.004166666666666667,0,0.0,2,0.0,1475.058156033706,66.4256929387441,24281.615418817146,1702.620640947994,0.0,0.0,0.11540042830726668,0.005608736592422044,1287.5246927685355,98.9916224571919,35.51174376114592,2.544629342380233,2.592973106665125,0.36142285498727833,1.0,0.0,0.0,0.0,9.999999999999998,1.7763568394002505e-15
uniform,0.9,joint,2,1,3,0.3375728677696814,0.0,480,0.0,480,0.0,1111.8386928962113,79.2825035934875,2392.3280674094913,186.59690644927934,3872.477501302483,165.79400117295066,3891.0690335255636,173.23795540941381,11038.096459276556,149.30034226997134,15649.63988471097,1617.6952872566756,112.37225891928185,103.63801878004534,3200.9399129594212,235.16549751570014,0.4875,0.043650680916160325,0.011111111111111112,0.005242940580049132,1,0.0,2,0.0,1996.0123663206239,439.1126187353791,20355.525170896624,1304.0900603036127,1413.72173389886,263.8626841432274,0.12409972048820164,0.0051876060245095185,1065.9748878854462,77.59507242276341,32.68444252572736,2.0377988164580545,0.23410887274850384,0.21591253912509448,0.9999999999999984,4.002966042486721e-16,1.9452536122892934,0.54971392529839,9.999999999999998,1.0255800994045674e-15
uniform,0.9,joint,2,4,3,0.3375728677696814,0.0,480,0.0,480,0.0,1101.6060658730016,41.90359189419112,2312.4425718106627,129.22267448380805,3795.382920744831,98.4868188582375,3810.5829207448314,95.13937749491383,11029.521665147067,171.54086552006828,15031.96779066008,808.0712207971101,0.0,0.0,3151.1001899148196,317.4313783721563,0.49166666666666664,0.01458333333333331,0.007638888888888889,0.00120281306081172,2.3333333333333335,0.5773502691896257,2,0.0,2076.592611174432,242.62637679325482,19667.7763804618,806.0040839744083,1673.1174405585612,115.20573086302983,0.12652566739027313,0.003249716915233361,1056.8171462078644,41.42335166297566,31.303258330640006,0.9392604708161147,0.0,0.0,0.9999999999999992,5.087681048627601e-16,2.4856613344970033,0.24001193929797848,9.999999999999998,1.0255800994045674e-15
uniform,0.9,joint,4,0,3,0.3375728677696814,0.0,480,0.0,480,0.0,2849.492285554068,123.01694534269083,5766.959123839474,372.22315774012,7253.366547195114,326.56959801861234,7261.724746084862,328.18295107060015,13281.933074198392,206.62099761291185,40082.8428059876,2139.315746815143,1132.7996733864106,202.74103278614535,1959.9461488854836,220.60417541569157,0.7527777777777778,0.01387151691349875,0.0020833333333333333,0.0020833333333333333,0,0.0,4,0.0,1230.8998329176236,783.8332365496516,48916.04615383114,2043.5997659681213,0.0,0.0,0.06626404873233996,0.002928326919575647,2773.4313805252164,121.47195269741636,62.70090570929665,2.1572706108333697,2.3599993195550217,0.4223771516378028,0.9999999999999998,5.874748045952207e-16,0.0,0.0,9.999999999999998,1.0255800994045674e-15
uniform,0.9,joint,4,1,3,0.3375728677696814,0.0,480,0.0,480,0.0,2883.189764676647,48.29610327006629,5774.787170593658,239.94436420361325,7248.092458986592,223.27023373522144,7257.956252557466,221.53446078870218,13578.38971544807,351.0420920275833,40872.15224755856,1588.5214227264037,248.94704030086487,121.58778396617122,7543.697134217199,302.06914963234675,0.74375,0.013010412496663345,0.0020833333333333333,0.0020833333333333333,1,0.0,4,0.0,1056.0881763480413,354.6692009846241,43918.682072986965,1720.1980095464878,2367.274608720515,328.1949351537669,0.06626664029298804,0.0020609819705866943,2805.385710084585,46.4762252481078,62.35359282326777,1.6825450380999876,0.5186396672934684,0.2533078832628567,0.999999999999999,2.4759052117669906e-15,3.931822101501074,0.6837394482370166,10.000000000000002,1.0255800994045674e-15
uniform,0.9,joint,4,4,3,0.3375728677696814,0.0,480,0.0,480,0.0,2831.4849884368564,10.677902632427882,5685.779873249811,103.1404882527069,7179.533909435854,74.31452853945899,7187.892108325601,72.67867815472644,13578.34916131855,199.9805204573508,40090.82417183307,1269.4151703134999,0.0,0.0,6876.15233573061,687.3720793906954,0.7340277777777778,0.01696776628176475,0.004861111111111111,0.004811252243246881,3,0.0,4,0.0,1469.9606186753485,993.8276121005482,43609.496263155015,1278.6452081366529,3274.2177601911476,783.778490925202,0.06686150922048838,0.0006958155464881071,2751.4782346559664,12.80118685317944,63.18546678049201,2.652090887735528,0.0,0.0,0.9999999999999997,5.768888059150692e-16,5.821287000398224,1.63287185609417,9.999999999999998,2.0511601988091347e-15
uniform,0.9,joint,8,0,3,0.3375728677696814,0.0,480,0.0,480,0.0,4834.854571930796,111.47384431678842,9555.202743343518,95.29256303851628,11086.59728029997,136.63943589637697,11104.291685618844,126.44041865107498,16840.004789181887,94.7965050669398,68078.73712169689,1087.9650306092115,1588.2998466753481,353.98831761149205,2474.6947945985735,167.14053555202634,0.8652777777777778,0.01323094366892894,0.0006944444444444445,0.0012028130608117203,0,0.0,5.333333333333333,0.5773502691896257,0.0,0.0,80475.48613870256,1065.0472186552277,0.0,0.0,0.043299875224482566,0.0005299967334450842,4723.073940746779,110.79583174978423,97.47167317010964,2.247878826656761,3.308958013906975,0.7374756616906085,1.0,0.0,0.0,0.0,10.0,3.697781635498623e-15
uniform,0.9,joint,8,1,3,0.3375728677696814,0.0,480,0.0,480,0.0,5071.595965141346,271.1403803906702,9885.664102359973,594.4759289147804,11454.032926537871,563.4766925647186,11461.657792094285,564.3772552708734,17363.89775587794,366.3747196058791,71584.0925958632,4304.017476006636,371.6422770278739,127.74702125116724,9550.460578514721,673.9603047923497,0.8611111111111112,0.02874194734246513,0,0.0,1,0.0,4.666666666666667,0.5773502691896257,0.0,0.0,76802.80283378961,3969.5684901379236,2606.9391239813986,32.922101147059124,0.04197336943136178,0.002035346579534152,4956.31294970034,268.8518361239923,99.0776375222359,2.57567758820591,0.7742547438080707,0.26613962760659843,0.9999999999999981,1.887379141862766e-15,4.4311231749612485,0.06858771072303942,9.999999999999996,5.127900497022837e-15
uniform,0.9,joint,8,4,3,0.3375728677696814,0.0,480,0.0,480,0.0,5103.1032289975055,120.47121576835167,10142.561921463903,247.49356873379523,11708.275866546086,220.75836385155196,11730.473080141586,200.44418216420502,17634.098891693233,167.02789739373912,73895.79023121072,1515.1879921582536,0.0,0.0,11396.339563609043,223.6480062575171,0.8645833333333334,0.012500000000000011,0.0006944444444444445,0.0012028130608117203,3.3333333333333335,0.5773502691896257,5,0.0,0.0,0.0,76990.86736876087,1960.694390242234,5113.460321605849,1448.8307928216097,0.04100643536061131,0.0007790940194550552,4981.4214158379145,121.9545865098167,101.02877082291232,1.7945771076627854,0.0,0.0,0.9999999999999999,2.5639502485114184e-16,9.653042336678851,3.0183974850450195,10.0,0.0
uniform,0.9,transport,2,0,3,0.3375728677696814,0.0,480,0.0,480,0.0,1291.7425039737436,50.188764057361475,2639.032839508547,126.85445540847871,4099.145615841613,82.82694900898548,4112.753814731361,81.47938903607742,10912.81129144043,89.72170332899603,16673.472594811534,903.6146729801816,1287.0127439708901,174.71304900681096,1642.5631813726666,185.4823332396219,0.4798611111111111,0.029265704869035365,0,0.0,0,0.0,2,0.0,1704.363869490142,270.7645458294557,23156.89887543862,810.2945718353014,0.0,0.0,0.1171292794155678,0.0023539276307633942,1243.778648354934,49.000312318454725,34.282579068870234,1.318921630073765,2.681276549939355,0.3639855187641896,1.0,0.0,0.0,0.0,10.0,1.0255800994045674e-15
uniform,0.9,transport,2,1,3,0.3375728677696814,0.0,480,0.0,480,0.0,1099.2678060906956,53.08579779639068,2378.6050736953016,152.79485151341729,3848.1187075059993,90.1307999818275,3858.354645047953,90.6560573538907,11018.5465655335,196.80647819041582,15493.001603224206,1595.8744491847326,87.48344071423348,26.09858194996579,3225.743011782681,324.8860375099824,0.4840277777777778,0.05296476379352316,0,0.0,1,0.0,2,0.0,1931.232685577787,985.668290726685,19790.359670813024,1640.040263138809,1501.9455225228412,146.52670682229135,0.124782527670511,0.002962022940496325,1053.0864948020935,50.49135198382741,32.87000094852469,2.4466524423071343,0.1822571681546531,0.0543720457290954,0.9999999999999994,5.588000014763635e-16,2.1290531719225867,0.30526397254644055,9.999999999999998,1.0255800994045674e-15
uniform,0.9,transport,2,4,3,0.3375728677696814,0.0,480,0.0,480,0.0,1103.2347550311517,108.59576193812552,2349.872036965024,217.23709906784381,3807.8795363321346,154.6844064171945,3819.8406083176747,151.59133217100785,11045.644051127572,117.81722530055765,14858.380402698762,1677.327663443459,0.0,0.0,3009.562291822458,439.7335139079675,0.4618055555555555,0.037053671033205844,0,0.0,2.6666666666666665,1.1547005383792515,2,0.0,2338.8857462709134,671.3438700465131,19331.815267294456,1350.2449066653,1730.1290482083512,376.138646960318,0.12619034820470482,0.005019936593968994,1057.7808998030332,107.10117001373321,31.84941971101775,1.9383589753554127,0.0,0.0,0.9999999999999992,1.159106867033638e-15,2.6044355171007325,0.7836221811673305,9.999999999999998,0.0
uniform,0.9,transport,4,0,3,0.3375728677696814,0.0,480,0.0,480,0.0,2849.391938572358,122.95493240970983,5762.248008360278,371.39823368539487,7256.3360869575745,339.27038470183254,7264.694285847322,340.9638812951925,13295.70820864198,228.23518004326397,40071.44268861089,2157.876717981273,1136.2914744966636,210.93307404875907,1966.0210144418975,228.87283194351295,0.75,0.016271353491472202,0,0.0,0,0.0,4,0.0,1254.288946576287,779.8751913765661,48176.88331208096,1886.3841097961279,0.0,0.0,0.06624363507466632,0.00303376415316873,2773.3529250643446,121.3772277111618,62.67173960281159,2.1784980358917547,2.3672739052013823,0.43944390426824803,0.9999999999999998,5.874748045952207e-16,0.0,0.0,9.999999999999998,1.0255800994045674e-15
uniform,0.9,transport,4,1,3,0.3375728677696814,0.0,480,0.0,480,0.0,2871.463073448753,44.68570095199059,5721.314077671282,201.19139071227897,7196.50735219918,165.68178089302575,7205.565551088927,165.1967839658074,13518.362901799499,265.4264832629912,40619.19533491992,1295.0067138260104,236.46861311472858,97.5025596872795,7431.024063998586,275.73710579794545,0.7423611111111111,0.01147410530684607,0,0.0,1,0.0,4,0.0,948.7359074353446,531.1899734985315,42937.813862705174,1515.7981943510097,2285.9392098599574,181.57100580049482,0.06672291615573032,0.001556809932838843,2793.4296270604796,43.30897624091082,62.77843009040994,1.9549186729424797,0.49264294398901787,0.20313033268183228,1.0,9.44233641066481e-16,3.762373353874911,0.3782729287510316,10.0,1.0255800994045674e-15
uniform,0.9,transport,4,4,3,0.3375728677696814,0.0,480,0.0,480,0.0,2845.890234751368,28.39804073287785,5715.808907610934,59.47383753234203,7190.506872979061,49.64741807611767,7203.831738535475,45.86593466714381,13575.371816757053,204.28185425331264,40308.55572407091,968.683684304462,4.137045395047305,7.165572817440789,6966.874161373433,709.7368080503755,0.7368055555555556,0.01577474540500077,0,0.0,3.3333333333333335,0.5773502691896257,4,0.0,1364.8075098390848,864.723767155284,43004.03822260303,987.8192897808033,3485.151298261521,867.782653188372,0.066756807020213,0.0004616493806375202,2765.084924092896,30.17750677724509,63.53595994252104,2.018268214671281,0.008618844573015217,0.014928276703001644,0.9999999999999997,5.768888059150692e-16,6.260731871378169,1.807880527475774,9.999999999999998,2.0511601988091347e-15
uniform,0.9,transport,8,0,3,0.3375728677696814,0.0,480,0.0,480,0.0,4852.318815540827,103.07949601188832,9513.979479448557,165.49298792352803,11040.649516405008,185.3465361434324,11058.343921723883,181.35414092073117,16809.678761209783,121.81161640230452,67679.56657160209,1680.3266216312834,1640.1891791389776,443.8562836829336,2481.704012399827,177.18232105586583,0.8694444444444445,0.00601406530405858,0,0.0,0,0.0,5.333333333333333,0.5773502691896257,0.0,0.0,78673.26563443438,1341.4827549969134,0.0,0.0,0.04348382808435376,0.0007260051261221626,4740.1979075862155,102.86795976735367,97.703847164739,1.8460167563594778,3.41706078987287,0.9247005910061119,1.0,0.0,0.0,0.0,10.0,3.552713678800501e-15
uniform,0.9,transport,8,1,3,0.3375728677696814,0.0,480,0.0,480,0.0,5071.595965141346,271.1403803906702,9885.664102359973,594.4759289147804,11454.032926537871,563.4766925647186,11461.657792094285,564.3772552708734,17363.89775587794,366.3747196058791,71584.0925958632,4304.017476006636,371.6422770278739,127.74702125116724,9550.460578514721,673.9603047923497,0.8611111111111112,0.02874194734246513,0,0.0,1,0.0,4.666666666666667,0.5773502691896257,0.0,0.0,75401.49481802259,3655.458134929692,2606.9391239813986,32.922101147059124,0.04197336943136178,0.002035346579534152,4956.31294970034,268.8518361239923,99.0776375222359,2.57567758820591,0.7742547438080707,0.26613962760659843,0.9999999999999981,1.887379141862766e-15,4.4311231749612485,0.06858771072303942,9.999999999999996,5.127900497022837e-15
uniform,0.9,transport,8,4,3,0.3375728677696814,0.0,480,0.0,480,0.0,5103.524231888521,119.74295575491679,10180.402301522226,184.97352556300606,11728.597048295038,187.07049906107946,11756.777595223872,157.34070984446245,17654.880639415445,138.70988857572257,74059.57793748012,1240.741710436935,0.0,0.0,11637.43631384775,593.686785412326,0.8673611111111111,0.008673608331108855,0,0.0,3.3333333333333335,0.5773502691896257,5,0.0,0.0,0.0,75587.50804512312,1866.4363851022058,4991.04602689294,1237.755595409972,0.04093259040512552,0.000656394062441764,4981.710082256299,121.45547786290638,101.4161370761948,1.2439991950708709,0.0,0.0,0.9999999999999986,2.0631437099133554e-15,9.39801255602696,2.5786574904374433,10.0,0.0
